estimator,model,fold,cells,normalized_crps,baseline_normalized_crps,ratio,perfect_location_ratio,oracle_capture_fraction,delta_mse,delta_r2,pearson,spearman,sign_accuracy,sign_accuracy_convention,mean_abs_shift_over_sd,calibration_intercept,calibration_slope
ridge,M0,1,22740,0.519120152175901,0.519120152175901,1.0,0.4640851018685338,0.0,0.7902058206508373,-0.0027406203815216745,,,0.0,zero prediction only matches exactly zero truth,0.0,0.04647295087967888,
ridge,M0,2,22700,0.6027824913974994,0.6027824913974994,1.0,0.41723103291715463,0.0,0.9244840845528888,-0.010639875915112507,,,0.0,zero prediction only matches exactly zero truth,0.0,0.09865515565861206,
ridge,M0,3,17070,0.6347654405645923,0.6347654405645923,1.0,0.4022424029714531,0.0,1.1175452885940398,-0.010850862015625129,,,0.0,zero prediction only matches exactly zero truth,0.0,-0.10952698770002599,
ridge,M0,4,19674,0.6067284897713678,0.6067284897713678,1.0,0.355198394647268,0.0,1.401111514110957,-0.027672545079238775,,,0.0,zero prediction only matches exactly zero truth,0.0,0.1942376994775657,
ridge,M1,1,22740,0.5234105591842543,0.519120152175901,1.0082647668181826,0.4640851018685338,-0.015421789629283849,0.8046229455456866,-0.021035394202944646,0.03124619575530293,0.04039823139079885,0.5169744942832014,zero prediction only matches exactly zero truth,0.12970769309419664,0.04569203078735991,0.18188015470475513
ridge,M1,2,22700,0.6061233011480622,0.6027824913974994,1.005542313849922,0.41723103291715463,-0.009510310539809684,0.9380680524513076,-0.0254897796188982,-0.0043814498630978214,-0.010657067729732692,0.503920704845815,zero prediction only matches exactly zero truth,0.10448161054602646,0.09892865235537332,-0.035344339405551484
ridge,M1,3,17070,0.6333798085081074,0.6347654405645923,0.9978170959413726,0.4022424029714531,0.0036518215234379926,1.118111696727655,-0.01136319395953933,0.07959149248456605,0.0971638980860235,0.5277680140597539,zero prediction only matches exactly zero truth,0.07652548225846649,-0.13189392661072155,0.7855446642492047
ridge,M1,4,19674,0.6131937542529027,0.6067284897713678,1.0106559434582858,0.355198394647268,-0.016525925757360012,1.4331239019822104,-0.05115265482524278,-0.0909718669583821,-0.07629245191614953,0.471485208905154,zero prediction only matches exactly zero truth,0.08114837838877778,0.1996991718758841,-0.9941321815784733
ridge,M2,1,22740,0.5279469015612225,0.519120152175901,1.0170032878676043,0.4640851018685338,-0.031727589449161375,0.7953591379809076,-0.009279980737436855,0.16872587705745257,0.18427264871679827,0.5675461741424802,zero prediction only matches exactly zero truth,0.24022858291568858,0.037798487810779484,0.4680994438570363
ridge,M2,2,22700,0.6225659918107055,0.6027824913974994,1.032820297031753,0.41723103291715463,-0.05631785301822252,0.9709168088326134,-0.06139982245021902,0.07289151602932527,0.09149541054508595,0.5377533039647577,zero prediction only matches exactly zero truth,0.2382065089465324,0.08940604441058757,0.22491997286183404
ridge,M2,3,17070,0.6522995102446483,0.6347654405645923,1.0276229116450641,0.4022424029714531,-0.04621089181028838,1.1620359593376504,-0.051093913757547904,0.0990878319208794,0.09431063258390708,0.5155243116578794,zero prediction only matches exactly zero truth,0.21653104222212874,-0.14149383321935793,0.37717934571933265
ridge,M2,4,19674,0.6172621104031245,0.6067284897713678,1.01736134170282,0.355198394647268,-0.026925090692543573,1.4709822523841194,-0.07892059971628029,0.024045237155362924,0.07908028787287649,0.5266849649283318,zero prediction only matches exactly zero truth,0.20019446364056814,0.19877528539102182,0.10893503329549038
ridge,M3,1,22740,0.536236271799763,0.519120152175901,1.0329714027708603,0.4640851018685338,-0.061523579370193274,0.8243030648209271,-0.046008704314711935,0.1502664244790244,0.15760336727503843,0.5583553210202287,zero prediction only matches exactly zero truth,0.28184609722326787,0.03750876484513332,0.36562022237167063
ridge,M3,2,22700,0.6271067829760959,0.6027824913974994,1.0403533478920444,0.41723103291715463,-0.06924416050161404,0.984452087665403,-0.07619649959005614,0.06468710721261248,0.0835352499836284,0.5355947136563877,zero prediction only matches exactly zero truth,0.25092660237661346,0.09014526481690907,0.18880575344506667
ridge,M3,3,17070,0.6547086526879834,0.6347654405645923,1.0314182386893223,0.4022424029714531,-0.05256016627057911,1.1669657312643764,-0.055553029869021886,0.08568582376150943,0.08644134497889137,0.5185705916813123,zero prediction only matches exactly zero truth,0.2240770124103701,-0.12902061067077888,0.31091227656918313
ridge,M3,4,19674,0.6184829597488323,0.6067284897713678,1.0193735256801504,0.355198394647268,-0.03004571564233668,1.475012757622302,-0.08187685233026776,0.023391346908779198,0.0726744469337611,0.5264308224052049,zero prediction only matches exactly zero truth,0.20448094425296467,0.19885810574051266,0.10396822030105651
ridge,M4,1,22740,0.5376582723102648,0.519120152175901,1.035710653991491,0.4640851018685338,-0.06663493423302976,0.8354805659117132,-0.0601925208409666,0.16400792604334127,0.1742285522135618,0.569744942832014,zero prediction only matches exactly zero truth,0.32095897634604664,0.030309996332675455,0.35722489081750003
ridge,M4,2,22700,0.6275033204605095,0.6027824913974994,1.0410111929523649,0.41723103291715463,-0.07037298701345367,0.9834798387797808,-0.07513364355008534,0.08900297259841947,0.10885935537117307,0.5479735682819383,zero prediction only matches exactly zero truth,0.278446516278602,0.08557034674153427,0.23826609037646987
ridge,M4,3,17070,0.6706611491198452,0.6347654405645923,1.05654956344713,0.4022424029714531,-0.09460283520985414,1.2136076419724473,-0.09774193811865994,0.07289713058412219,0.0670639836496287,0.5119507908611599,zero prediction only matches exactly zero truth,0.2725466870496085,-0.13400353487539315,0.22847363025238818
ridge,M4,4,19674,0.6304600816975247,0.6067284897713678,1.0391140227074214,0.355198394647268,-0.060660554165376884,1.5271460095133533,-0.1201150019097672,0.0176355654430484,0.054358153466992326,0.5096574158788248,zero prediction only matches exactly zero truth,0.2421120870182693,0.2015115111526005,0.06985967674529554
ridge,M5,1,22740,0.5393549659298856,0.519120152175901,1.0389790565231767,0.4640851018685338,-0.07273366845945503,0.8375150662154041,-0.06277422302965618,0.1560786787263016,0.16182050413458587,0.566358839050132,zero prediction only matches exactly zero truth,0.3209835847838531,0.01676554997290989,0.34838137789671925
ridge,M5,2,22700,0.6336691921639673,0.6027824913974994,1.0512402088767703,0.41723103291715463,-0.08792542460395986,0.9976366109389437,-0.09060973307650966,0.08058180084645145,0.10881435689172125,0.5494713656387665,zero prediction only matches exactly zero truth,0.28722210622734345,0.0897234980717897,0.208390631184271
ridge,M5,3,17070,0.6724653313718792,0.6347654405645923,1.0593918452361784,0.4022424029714531,-0.09935774222095248,1.2202653411583775,-0.10376401259727475,0.06211075974404194,0.05739940862208865,0.5096074985354423,zero prediction only matches exactly zero truth,0.2747773264521682,-0.1291254563517683,0.1931166167496663
ridge,M5,4,19674,0.6303463292153761,0.6067284897713678,1.0389265377218535,0.355198394647268,-0.06036979033350754,1.5265676494242224,-0.11969079243123293,0.020587018993862657,0.055717614815398844,0.5115888990545898,zero prediction only matches exactly zero truth,0.24434807525137592,0.2028501344459568,0.08134584265614596
nonlinear,M0,1,22740,0.519120152175901,0.519120152175901,1.0,0.4640851018685338,0.0,0.7902058206508373,-0.0027406203815216745,,,0.0,zero prediction only matches exactly zero truth,0.0,0.04647295087967888,
nonlinear,M0,2,22700,0.6027824913974994,0.6027824913974994,1.0,0.41723103291715463,0.0,0.9244840845528888,-0.010639875915112507,,,0.0,zero prediction only matches exactly zero truth,0.0,0.09865515565861206,
nonlinear,M0,3,17070,0.6347654405645923,0.6347654405645923,1.0,0.4022424029714531,0.0,1.1175452885940398,-0.010850862015625129,,,0.0,zero prediction only matches exactly zero truth,0.0,-0.10952698770002599,
nonlinear,M0,4,19674,0.6067284897713678,0.6067284897713678,1.0,0.355198394647268,0.0,1.401111514110957,-0.027672545079238775,,,0.0,zero prediction only matches exactly zero truth,0.0,0.1942376994775657,
nonlinear,M1,1,22740,0.5201885550369288,0.519120152175901,1.002058103228221,0.4640851018685338,-0.0038403545700946323,0.7946472381681178,-0.008376607412069026,0.05632808618067448,0.06458679009378872,0.5186455584872471,zero prediction only matches exactly zero truth,0.11443921762438128,0.04486640905820918,0.36874205770687524
nonlinear,M1,2,22700,0.6036360352480761,0.6027824913974994,1.0014160063750324,0.41723103291715463,-0.0024297902857120857,0.9319102475073285,-0.018758108053668066,0.01768195323990036,0.0026189644082466323,0.5000440528634361,zero prediction only matches exactly zero truth,0.09796043183256709,0.09728103994780941,0.1481451227936892
nonlinear,M1,3,17070,0.6333171426841816,0.6347654405645923,0.9977183731377649,0.4022424029714531,0.003816976770478644,1.1184235832792657,-0.01164530403844588,0.08012191486271814,0.10187933691544765,0.5289396602226127,zero prediction only matches exactly zero truth,0.07209205156569272,-0.13250455933077393,0.7747975404413048
nonlinear,M1,4,19674,0.613132418972985,0.6067284897713678,1.010554851650415,0.355198394647268,-0.016369146048637876,1.4332509516166174,-0.05124584185555925,-0.09648753861544228,-0.08612564853064428,0.4751956897428078,zero prediction only matches exactly zero truth,0.07221646449261726,0.19900327241323,-1.0939287552392989
nonlinear,M2,1,22740,0.5083426301221271,0.519120152175901,0.9792388679025468,0.4640851018685338,0.0387396061759796,0.7549148274771296,0.04204228486174444,0.21961138815604925,0.22296713779506175,0.5745822339489886,zero prediction only matches exactly zero truth,0.15314927736449527,0.06301724213976362,0.8858471661167785
nonlinear,M2,2,22700,0.6040231462420921,0.6027824913974994,1.0020582131403921,0.41723103291715463,-0.0035317823299598006,0.9309850196815863,-0.01774665512481266,0.10002053583880674,0.13371333028575902,0.5619383259911894,zero prediction only matches exactly zero truth,0.16397368889940112,0.09203740042840793,0.4125188108648253
nonlinear,M2,3,17070,0.64129201881929,0.6347654405645923,1.010281873961022,0.4022424029714531,-0.017200741591797707,1.1444614465311878,-0.03519727708319231,0.06679584111162305,0.08386581830223655,0.5141769185705917,zero prediction only matches exactly zero truth,0.1560570812107167,-0.12534232124083988,0.33572783280288293
nonlinear,M2,4,19674,0.6114459743446704,0.6067284897713678,1.007775281122995,0.355198394647268,-0.012058408444472752,1.4458808958203626,-0.06050952056589187,0.10354426272652524,0.1433798900173657,0.5444241130425943,zero prediction only matches exactly zero truth,0.19024623289140632,0.22940144488099665,0.44604130725293895
nonlinear,M3,1,22740,0.5172342229415136,0.519120152175901,0.9963670660318569,0.4640851018685338,0.0067789381874058755,0.7947318076175146,-0.00848392277211496,0.1478144783994616,0.1553506693146359,0.5489445910290237,zero prediction only matches exactly zero truth,0.186494336465513,0.05126912778442988,0.4769447291360952
nonlinear,M3,2,22700,0.6031333901313525,0.6027824913974994,1.0005821315961576,0.41723103291715463,-0.0009989063059956216,0.9255068985212843,-0.011758009368543876,0.11288334307384008,0.13806847476394105,0.5562114537444934,zero prediction only matches exactly zero truth,0.16259814079602344,0.09987975011778358,0.4944623874156702
nonlinear,M3,3,17070,0.6408769768807584,0.6347654405645923,1.009628023086339,0.4022424029714531,-0.01610690208572829,1.1418195022493691,-0.03280756484340164,0.07506944796251977,0.07878166507167317,0.5085530169888693,zero prediction only matches exactly zero truth,0.15462677026510468,-0.13219271301381552,0.3948455945718957
nonlinear,M3,4,19674,0.6139221657248798,0.6067284897713678,1.0118564993646875,0.355198394647268,-0.01838782544314773,1.4740096570998724,-0.0811411087035303,0.06434665709878676,0.15294251125988365,0.5554030700416793,zero prediction only matches exactly zero truth,0.18702198447679433,0.21699224167191034,0.27443572941171124
nonlinear,M4,1,22740,0.5081672040863032,0.519120152175901,0.9789009383594754,0.4640851018685338,0.03937017185767563,0.7564541273165247,0.04008897290735136,0.20631627822461404,0.2001354831404723,0.5712401055408971,zero prediction only matches exactly zero truth,0.16792749744157648,0.023622672884585156,0.8204969752025982
nonlinear,M4,2,22700,0.6017705657323709,0.6027824913974994,0.9983212424389062,0.41723103291715463,0.00288065709726641,0.9256648595699261,-0.011930691340322763,0.14041517183121804,0.1778240799217455,0.5649779735682819,zero prediction only matches exactly zero truth,0.18624134853932764,0.10958085069866186,0.5256800708256513
nonlinear,M4,3,17070,0.6474841665426811,0.6347654405645923,1.0200368910550268,0.4022424029714531,-0.03352009435702734,1.1639038309138778,-0.05278345565999687,0.04363019344676935,0.0403838755404907,0.5012888107791447,zero prediction only matches exactly zero truth,0.17088889311229327,-0.12407739723892477,0.21277680193023052
nonlinear,M4,4,19674,0.6110420483809446,0.6067284897713678,1.0071095369383465,0.355198394647268,-0.011025929339082965,1.4438230105156775,-0.05900012448481795,0.08760785127500477,0.14785906435949417,0.5538273863982922,zero prediction only matches exactly zero truth,0.1867387283641064,0.22305251675412183,0.41275241618234965
nonlinear,M5,1,22740,0.5066480849446201,0.519120152175901,0.9759746039929215,0.4640851018685338,0.044830617866467345,0.7518294177403233,0.045957550470732356,0.21755180033324056,0.20670836722558938,0.5730430958663149,zero prediction only matches exactly zero truth,0.16547218220036516,0.023170472449341065,0.8810684932850451
nonlinear,M5,2,22700,0.6019115383544358,0.6027824913974994,0.9985551122411596,0.41723103291715463,0.0024793491768669252,0.9267830662214118,-0.013153107442868794,0.1381100796072958,0.18017619712816935,0.565374449339207,zero prediction only matches exactly zero truth,0.18516591360009013,0.10883241058381338,0.5151287456268916
nonlinear,M5,3,17070,0.6469413335501635,0.6347654405645923,1.0191817200614157,0.4022424029714531,-0.03208946261288531,1.161090531545573,-0.05023874796843075,0.0464349416473545,0.04101845345746686,0.5036321031048623,zero prediction only matches exactly zero truth,0.1693786375131587,-0.12515600011086597,0.23071924518588377
nonlinear,M5,4,19674,0.6102435980415354,0.6067284897713678,1.005793544113104,0.355198394647268,-0.008985002619425501,1.4386997733673759,-0.055242386356043394,0.0988176164012071,0.1598806645526832,0.5568770966758158,zero prediction only matches exactly zero truth,0.1857671899872642,0.2256717902847708,0.45419255781599444
A_label_time,M0,1,22740,0.519120152175901,0.519120152175901,1.0,0.4640851018685338,0.0,0.7902058206508373,-0.0027406203815216745,,,0.0,zero prediction only matches exactly zero truth,0.0,0.04647295087967888,
A_label_time,M0,2,22700,0.6027824913974994,0.6027824913974994,1.0,0.41723103291715463,0.0,0.9244840845528888,-0.010639875915112507,,,0.0,zero prediction only matches exactly zero truth,0.0,0.09865515565861206,
A_label_time,M0,3,17070,0.6347654405645923,0.6347654405645923,1.0,0.4022424029714531,0.0,1.1175452885940398,-0.010850862015625129,,,0.0,zero prediction only matches exactly zero truth,0.0,-0.10952698770002599,
A_label_time,M0,4,19674,0.6067284897713678,0.6067284897713678,1.0,0.355198394647268,0.0,1.401111514110957,-0.027672545079238775,,,0.0,zero prediction only matches exactly zero truth,0.0,0.1942376994775657,
A_label_time,M1,1,22740,0.5234105591842543,0.519120152175901,1.0082647668181826,0.4640851018685338,-0.015421789629283849,0.8046229455456865,-0.021035394202944424,0.031246195755303022,0.04039823139079885,0.5169744942832014,zero prediction only matches exactly zero truth,0.12970769309419627,0.045692030787359825,0.18188015470475621
A_label_time,M1,2,22700,0.6061233011480623,0.6027824913974994,1.0055423138499222,0.41723103291715463,-0.009510310539810066,0.9380680524513079,-0.025489779618898423,-0.00438144986309888,-0.010656236906735622,0.503920704845815,zero prediction only matches exactly zero truth,0.10448161054602613,0.09892865235537338,-0.035344339405560136
A_label_time,M1,3,17070,0.6333798085081075,0.6347654405645923,0.9978170959413727,0.4022424029714531,0.0036518215234378065,1.118111696727655,-0.01136319395953933,0.07959149248456594,0.09716304469653453,0.5277680140597539,zero prediction only matches exactly zero truth,0.0765254822584668,-0.13189392661072155,0.7855446642492031
A_label_time,M1,4,19674,0.6131937542529027,0.6067284897713678,1.0106559434582858,0.355198394647268,-0.016525925757360012,1.4331239019822106,-0.05115265482524278,-0.09097186695838298,-0.07629055775402586,0.471485208905154,zero prediction only matches exactly zero truth,0.0811483783887781,0.1996991718758842,-0.9941321815784805
A_label_time,M2,1,22740,0.5283481215769646,0.519120152175901,1.0177761725534722,0.4640851018685338,-0.03316976746765395,0.8156390379993655,-0.03501438941217283,0.012001483681866775,0.016856394590644266,0.5092348284960422,zero prediction only matches exactly zero truth,0.1407674728925809,0.04591473705855457,0.0616381959799218
A_label_time,M2,2,22700,0.6080295608652403,0.6027824913974994,1.008704747637205,0.41723103291715463,-0.014936875724145465,0.9403065149243343,-0.02793685196311757,0.001475018005413242,-0.0032804743424037224,0.5029515418502203,zero prediction only matches exactly zero truth,0.11129855530992393,0.09855241360044462,0.010504728707253863
A_label_time,M2,3,17070,0.6374929163929755,0.6347654405645923,1.0042968247073394,0.4022424029714531,-0.007188239394528655,1.1274765105852544,-0.019833929112008875,0.04751577067054139,0.05637264524817917,0.5145869947275923,zero prediction only matches exactly zero truth,0.09495343690556918,-0.1199562525287434,0.39365533571495237
A_label_time,M2,4,19674,0.614132110801916,0.6067284897713678,1.0122025274160737,0.355198394647268,-0.01892446810736224,1.4355311019128498,-0.052918262526214566,-0.08646863125834624,-0.07822751216178721,0.4726542645115381,zero prediction only matches exactly zero truth,0.08941802728516572,0.20003150092477112,-0.8689015686772297
A_label_time,M3,1,22740,0.5330751347194922,0.519120152175901,1.0268819896224384,0.4640851018685338,-0.05016092987182436,0.8300909118469465,-0.053353258310484764,0.0006510848887971275,0.004854485891118417,0.5064643799472296,zero prediction only matches exactly zero truth,0.163515091026392,0.04647248164437049,0.0028851563495196865
A_label_time,M3,2,22700,0.6077507353325857,0.6027824913974994,1.0082421835504345,0.41723103291715463,-0.014143140791611159,0.9394581245449818,-0.027009397221556375,0.01610630445174404,0.01214207500721548,0.5072246696035242,zero prediction only matches exactly zero truth,0.1169681026069561,0.09791834803713602,0.10701726024611526
A_label_time,M3,3,17070,0.6376160084058907,0.6347654405645923,1.0044907420271068,0.4022424029714531,-0.007512647349745503,1.1269728589691534,-0.01937836218735045,0.05352776281685638,0.05815146077191131,0.5203866432337434,zero prediction only matches exactly zero truth,0.10767431288603684,-0.11912939886410845,0.404966043442936
A_label_time,M3,4,19674,0.6137616674037417,0.6067284897713678,1.011591968649806,0.355198394647268,-0.017977574115164905,1.4339129128607748,-0.05173137023047869,-0.07796944187039163,-0.06589875678591464,0.48048185422384876,zero prediction only matches exactly zero truth,0.09207440757892009,0.200768242955194,-0.7615348777006846
A_label_time,M4,1,22740,0.5361806852572742,0.519120152175901,1.0328643243955444,0.4640851018685338,-0.061323774558479295,0.8374713611004151,-0.06271876292929668,0.008765795159745713,0.015487518266433898,0.5057167985927881,zero prediction only matches exactly zero truth,0.1780615051614948,0.04751974580267799,0.03586413452267708
A_label_time,M4,2,22700,0.6083380512739018,0.6027824913974994,1.0092165249583185,0.41723103291715463,-0.01581505790271135,0.9413781950677927,-0.02910840559535699,0.017223724742463285,0.010441382654206981,0.5077092511013216,zero prediction only matches exactly zero truth,0.12492149253805897,0.09736986898738975,0.10572225378354778
A_label_time,M4,3,17070,0.6376837723353024,0.6347654405645923,1.0045974963099982,0.4022424029714531,-0.007691238610520932,1.1254721861683905,-0.01802096181195889,0.05806814632676457,0.061356728880459815,0.5180433509080258,zero prediction only matches exactly zero truth,0.11613161506910867,-0.11612623158545392,0.40797798317134587
A_label_time,M4,4,19674,0.6157727928147814,0.6067284897713678,1.0149066727471816,0.355198394647268,-0.0231182314427196,1.4429357722785243,-0.05834936230915666,-0.08792434005019291,-0.07138436954054941,0.4817017383348582,zero prediction only matches exactly zero truth,0.09618545113284123,0.19223194469359042,-0.827347789530732
A_label_time,M5,1,22740,0.5363820295739569,0.519120152175901,1.0332521812642073,0.4640851018685338,-0.062047503027337206,0.8392122523823474,-0.06492788662649218,0.0014579891228195098,0.0092592023921855,0.5065083553210202,zero prediction only matches exactly zero truth,0.1776271766699194,0.04655854669164203,0.005906550262540371
A_label_time,M5,2,22700,0.609382543099848,0.6027824913974994,1.0109493089075081,0.41723103291715463,-0.018788421357295065,0.9446359431691137,-0.03266975423498675,0.006590038307071713,0.00012925530159391835,0.49951541850220266,zero prediction only matches exactly zero truth,0.12652860615610437,0.0980212879634077,0.03983695123770603
A_label_time,M5,3,17070,0.6387251517265138,0.6347654405645923,1.0062380698583708,0.4022424029714531,-0.010435785156692742,1.1307281352870295,-0.02277511428480472,0.05536655237599992,0.06276977794835162,0.5198594024604569,zero prediction only matches exactly zero truth,0.11913796966549973,-0.12114771438117973,0.3808495036042979
A_label_time,M5,4,19674,0.6153326681201536,0.6067284897713678,1.0141812664047276,0.355198394647268,-0.021993224407327424,1.4405123881159974,-0.056571883967906134,-0.07783485864454254,-0.058684660631414934,0.48688624580664835,zero prediction only matches exactly zero truth,0.09881389274934008,0.19421943966287245,-0.7133276249857226
B_wrong_feature_date,M0,1,22740,0.519120152175901,0.519120152175901,1.0,0.4640851018685338,0.0,0.7902058206508373,-0.0027406203815216745,,,0.0,zero prediction only matches exactly zero truth,0.0,0.04647295087967888,
B_wrong_feature_date,M0,2,22700,0.6027824913974994,0.6027824913974994,1.0,0.41723103291715463,0.0,0.9244840845528888,-0.010639875915112507,,,0.0,zero prediction only matches exactly zero truth,0.0,0.09865515565861206,
B_wrong_feature_date,M0,3,17070,0.6347654405645923,0.6347654405645923,1.0,0.4022424029714531,0.0,1.1175452885940398,-0.010850862015625129,,,0.0,zero prediction only matches exactly zero truth,0.0,-0.10952698770002599,
B_wrong_feature_date,M0,4,19674,0.6067284897713678,0.6067284897713678,1.0,0.355198394647268,0.0,1.401111514110957,-0.027672545079238775,,,0.0,zero prediction only matches exactly zero truth,0.0,0.1942376994775657,
B_wrong_feature_date,M1,1,22740,0.5234105591842543,0.519120152175901,1.0082647668181826,0.4640851018685338,-0.015421789629283849,0.8046229455456866,-0.021035394202944646,0.03124619575530293,0.04039823139079885,0.5169744942832014,zero prediction only matches exactly zero truth,0.12970769309419664,0.04569203078735991,0.18188015470475513
B_wrong_feature_date,M1,2,22700,0.6061233011480622,0.6027824913974994,1.005542313849922,0.41723103291715463,-0.009510310539809684,0.9380680524513076,-0.0254897796188982,-0.0043814498630978214,-0.010657067729732692,0.503920704845815,zero prediction only matches exactly zero truth,0.10448161054602646,0.09892865235537332,-0.035344339405551484
B_wrong_feature_date,M1,3,17070,0.6333798085081074,0.6347654405645923,0.9978170959413726,0.4022424029714531,0.0036518215234379926,1.118111696727655,-0.01136319395953933,0.07959149248456605,0.0971638980860235,0.5277680140597539,zero prediction only matches exactly zero truth,0.07652548225846649,-0.13189392661072155,0.7855446642492047
B_wrong_feature_date,M1,4,19674,0.6131937542529027,0.6067284897713678,1.0106559434582858,0.355198394647268,-0.016525925757360012,1.4331239019822104,-0.05115265482524278,-0.0909718669583821,-0.07629245191614953,0.471485208905154,zero prediction only matches exactly zero truth,0.08114837838877778,0.1996991718758841,-0.9941321815784733
B_wrong_feature_date,M2,1,22740,0.5377833327669481,0.519120152175901,1.0359515624905333,0.4640851018685338,-0.06708446176040807,0.8444846341308547,-0.07161833512386218,0.01946720223160259,0.02002693905505164,0.5119173262972735,zero prediction only matches exactly zero truth,0.20330076234452582,0.0410117738608227,0.06827689974348923
B_wrong_feature_date,M2,2,22700,0.6178701840511571,0.6027824913974994,1.0250300777958534,0.41723103291715463,-0.04295025852379541,0.9689427821412948,-0.05924182955050106,0.009486094508341225,0.01200167279750091,0.49863436123348015,zero prediction only matches exactly zero truth,0.15295042664569405,0.10103860993250553,0.04805902513493021
B_wrong_feature_date,M2,3,17070,0.6345048212571966,0.6347654405645923,0.9995894242333613,0.4022424029714531,0.0006868599724699331,1.1231490806820923,-0.01591964814946567,0.06656783039702406,0.08784233165192382,0.5314001171646163,zero prediction only matches exactly zero truth,0.11734742107853137,-0.11481187170434823,0.4429652047396221
B_wrong_feature_date,M2,4,19674,0.6167293031055162,0.6067284897713678,1.0164831774059546,0.355198394647268,-0.025563176749440114,1.4451519648138484,-0.059974871913656136,-0.057835282012714845,-0.04630394860949568,0.4838873640337501,zero prediction only matches exactly zero truth,0.11766094782095132,0.1958476467608145,-0.43247345524145603
B_wrong_feature_date,M3,1,22740,0.5435804067899651,0.519120152175901,1.0471186766908172,0.4640851018685338,-0.08792193845534481,0.8685557862487909,-0.10216369606306319,0.04426916637809792,0.04212297829979808,0.5173702726473175,zero prediction only matches exactly zero truth,0.2542734089656145,0.030107323487233568,0.12548528855076202
B_wrong_feature_date,M3,2,22700,0.6227799777772447,0.6027824913974994,1.0331752940158943,0.41723103291715463,-0.05692700862566369,0.983024572661015,-0.07463594964548959,0.006940173144820746,0.013789455826394034,0.49387665198237884,zero prediction only matches exactly zero truth,0.1810731671299928,0.10003998244094506,0.029650677819028533
B_wrong_feature_date,M3,3,17070,0.6330356794473375,0.6347654405645923,0.9972749601558077,0.4022424029714531,0.004558770742084132,1.1205900421528145,-0.013604926473616441,0.08247486578716416,0.11158323169817547,0.5479789103690685,zero prediction only matches exactly zero truth,0.1320627320626609,-0.1161549742925699,0.5005221186745775
B_wrong_feature_date,M3,4,19674,0.6199481727293061,0.6067284897713678,1.0217884658142884,0.355198394647268,-0.033790960868295666,1.4508334499248048,-0.064142067889853,-0.017732843943220323,-0.02102105100586096,0.49044424113042595,zero prediction only matches exactly zero truth,0.1462576331351049,0.19218593036905682,-0.1114207136793538
B_wrong_feature_date,M4,1,22740,0.5452719132425494,0.519120152175901,1.0503770869942783,0.4640851018685338,-0.09400202750459878,0.8722275900306375,-0.106823073032845,0.04020873363383195,0.041722212110908416,0.5232629727352682,zero prediction only matches exactly zero truth,0.266423910528944,0.03282596838893638,0.1121788445053407
B_wrong_feature_date,M4,2,22700,0.6292425523447779,0.6027824913974994,1.0438965320408247,0.41723103291715463,-0.07532407269480501,1.0014984169572712,-0.09483143382872794,0.01866823662131053,0.026676762875801154,0.49911894273127755,zero prediction only matches exactly zero truth,0.20854746838926383,0.10438708221163906,0.0708513489173053
B_wrong_feature_date,M4,3,17070,0.6381799638576513,0.6347654405645923,1.005379189027717,0.4022424029714531,-0.00899894715593245,1.1373285430015605,-0.028745367030697633,0.06031608515700153,0.07921986670566956,0.5288810779144698,zero prediction only matches exactly zero truth,0.151222335074749,-0.11898114940889001,0.3292581034272953
B_wrong_feature_date,M4,4,19674,0.6283027572057123,0.6067284897713678,1.0355583556698882,0.355198394647268,-0.05514619593795266,1.4902470159122674,-0.09305071596037084,-0.01974561221569734,-0.01731889001567413,0.4795161126359663,zero prediction only matches exactly zero truth,0.17410635873368968,0.18558144041041355,-0.11096962383077554
B_wrong_feature_date,M5,1,22740,0.5457342912866554,0.519120152175901,1.0512677826110213,0.4640851018685338,-0.0956640369390229,0.8736294423877017,-0.10860196944877876,0.03716768856896808,0.03830100300901563,0.522207563764292,zero prediction only matches exactly zero truth,0.2666754907716917,0.03326000038516615,0.10432479015134082
B_wrong_feature_date,M5,2,22700,0.6272991474097118,0.6027824913974994,1.0406724753324748,0.41723103291715463,-0.06979176591380308,0.9950022317000675,-0.08772984714707399,0.01797009859408707,0.024279549078576382,0.5000440528634361,zero prediction only matches exactly zero truth,0.20765856426546975,0.10227640142817773,0.06702595590468846
B_wrong_feature_date,M5,3,17070,0.6408906965384713,0.6347654405645923,1.0096496368303085,0.4022424029714531,-0.01614306012717672,1.1463767768467512,-0.03692974673815175,0.04857424222578323,0.06478161839734031,0.5233157586408904,zero prediction only matches exactly zero truth,0.15940501423806644,-0.11831812990013393,0.25342572364385957
B_wrong_feature_date,M5,4,19674,0.6290461027941197,0.6067284897713678,1.0367835257433877,0.355198394647268,-0.057046268864770704,1.495323489543852,-0.09677415447647553,-0.03482871637696892,-0.0284124186421963,0.4773813154416997,zero prediction only matches exactly zero truth,0.173075432712593,0.18032368400840704,-0.19371178928978358
C_asset_label,M0,1,22740,0.519120152175901,0.519120152175901,1.0,0.4640851018685338,0.0,0.7902058206508373,-0.0027406203815216745,,,0.0,zero prediction only matches exactly zero truth,0.0,0.04647295087967888,
C_asset_label,M0,2,22700,0.6027824913974994,0.6027824913974994,1.0,0.41723103291715463,0.0,0.9244840845528888,-0.010639875915112507,,,0.0,zero prediction only matches exactly zero truth,0.0,0.09865515565861206,
C_asset_label,M0,3,17070,0.6347654405645923,0.6347654405645923,1.0,0.4022424029714531,0.0,1.1175452885940398,-0.010850862015625129,,,0.0,zero prediction only matches exactly zero truth,0.0,-0.10952698770002599,
C_asset_label,M0,4,19674,0.6067284897713678,0.6067284897713678,1.0,0.355198394647268,0.0,1.401111514110957,-0.027672545079238775,,,0.0,zero prediction only matches exactly zero truth,0.0,0.1942376994775657,
C_asset_label,M1,1,22740,0.5653104018781795,0.519120152175901,1.0889779553127947,0.4640851018685338,-0.16603000891191383,0.9662622513230892,-0.2261494208495407,0.022598442982838474,0.02014773828881176,0.4998240985048373,zero prediction only matches exactly zero truth,0.20665279487183655,0.04979757334912619,0.047075322005393466
C_asset_label,M1,2,22700,0.6288380732697424,0.6027824913974994,1.0432255120944793,0.41723103291715463,-0.07417263879175379,1.0251920798584346,-0.12073318912610254,0.003797443901371437,0.05602688906131151,0.5186784140969163,zero prediction only matches exactly zero truth,0.158858438183168,0.09914671084445267,0.01190508319383932
C_asset_label,M1,3,17070,0.6530151328968655,0.6347654405645923,1.0287502928893562,0.4022424029714531,-0.04809690923590744,1.1663847453578742,-0.0550275119232162,0.016483744361072746,0.08221644972309186,0.5262448740480375,zero prediction only matches exactly zero truth,0.11817580832095849,-0.10891877644597703,0.07131855097807029
C_asset_label,M1,4,19674,0.6268923741954607,0.6067284897713678,1.0332337853982942,0.355198394647268,-0.05154110213499554,1.4826636034456522,-0.08748851430014337,-0.04809659498471388,-0.08128526991361736,0.4741282911456745,zero prediction only matches exactly zero truth,0.12050545238640029,0.18806954476294305,-0.2582731908157629
C_asset_label,M2,1,22740,0.5569992188206577,0.519120152175901,1.0729678215842438,0.4640851018685338,-0.13615561321145414,0.9395582699617041,-0.19226310144111447,0.07392264186688617,0.131191808642761,0.5382585751978892,zero prediction only matches exactly zero truth,0.22371282814974075,0.05763451371664201,0.14873908500541685
C_asset_label,M2,2,22700,0.6272576649302489,0.6027824913974994,1.0406036570106838,0.41723103291715463,-0.0696736773990089,1.0219495113136585,-0.11718843467711304,0.029720939699304554,0.1104836898416451,0.5378854625550661,zero prediction only matches exactly zero truth,0.17434717691505916,0.10313155701212515,0.0884911549991391
C_asset_label,M2,3,17070,0.647981656250712,0.6347654405645923,1.0208206289150912,0.4022424029714531,-0.034831224259784445,1.1537097868743502,-0.04356265869547671,0.05792628823035582,0.11829158804657508,0.5249560632688928,zero prediction only matches exactly zero truth,0.14848406788259108,-0.11022565271614207,0.2352211679432722
C_asset_label,M2,4,19674,0.6243557879346914,0.6067284897713678,1.029053025299613,0.355198394647268,-0.04505730919159221,1.4813150334995329,-0.08649937939204477,-0.01800351437247115,0.020472906249806314,0.50838670326319,zero prediction only matches exactly zero truth,0.14263741907793626,0.19066500723013718,-0.0907752566294113
C_asset_label,M3,1,22740,0.5624854855886335,0.519120152175901,1.083536216482766,0.4640851018685338,-0.15587589890489212,0.9531099461271086,-0.20945965430137448,0.0851416727126823,0.1104972505300161,0.5278803869832893,zero prediction only matches exactly zero truth,0.2666459930775072,0.06256033523942907,0.16339052942151477
C_asset_label,M3,2,22700,0.6402128220698825,0.6027824913974994,1.062095915535974,0.41723103291715463,-0.10655322957021233,1.0614402399789282,-0.16035943760180693,0.013829869148683019,0.045614294419509926,0.5140969162995594,zero prediction only matches exactly zero truth,0.22546560004085794,0.100886353164908,0.03657815579318982
C_asset_label,M3,3,17070,0.6573457267586119,0.6347654405645923,1.0355726458169108,0.4022424029714531,-0.05951015259988732,1.1798249262213338,-0.06718453012206393,0.02565919270276873,0.04320290231509996,0.5036906854130053,zero prediction only matches exactly zero truth,0.17112948100760547,-0.1100703118097734,0.09792957372830502
C_asset_label,M3,4,19674,0.6265600155911822,0.6067284897713678,1.0326859973680935,0.355198394647268,-0.0506915570568609,1.5019249799564645,-0.1016161462703622,-0.04334710095764305,0.05243423106091476,0.5374606079089154,zero prediction only matches exactly zero truth,0.16162599302613304,0.18736882987924408,-0.204090977880862
C_asset_label,M4,1,22740,0.5884558587444728,0.519120152175901,1.133563889357695,0.4640851018685338,-0.24922593087705155,1.0531137769866201,-0.3363606474046692,0.05373260722110155,0.061552330832211725,0.5301671064204045,zero prediction only matches exactly zero truth,0.3667961462957904,0.044501305047040245,0.08453861949375717
C_asset_label,M4,2,22700,0.6568079266767184,0.6027824913974994,1.0896267493668663,0.41723103291715463,-0.15379465007464124,1.1190026065354146,-0.22328623533263303,0.02507230966041644,0.07204794095685976,0.5236123348017622,zero prediction only matches exactly zero truth,0.29004817295786356,0.10376534356613835,0.05522840404476544
C_asset_label,M4,3,17070,0.6879903035990748,0.6347654405645923,1.0838496547435563,0.4022424029714531,-0.14027367474771207,1.274833783076875,-0.153122689256866,0.013153367258640717,0.02359175224870333,0.48500292911540716,zero prediction only matches exactly zero truth,0.2864341746298466,-0.11350618115921697,0.0378748770863612
C_asset_label,M4,4,19674,0.6381619813450927,0.6067284897713678,1.0518081680746028,0.355198394647268,-0.0803474551622148,1.5540895616684318,-0.13987727531757255,-0.0435349432335881,0.028009930252810667,0.5178408051235133,zero prediction only matches exactly zero truth,0.22379009240894623,0.18454460493711375,-0.16469090808713516
C_asset_label,M5,1,22740,0.5918631801457145,0.519120152175901,1.1401275363033196,0.4640851018685338,-0.2614734854207108,1.0655716707319636,-0.3521692326825705,0.04708922928632885,0.051747570876086287,0.5255496921723835,zero prediction only matches exactly zero truth,0.37991523464522403,0.04216644657312098,0.07332112503219045
C_asset_label,M5,2,22700,0.6569768804585616,0.6027824913974994,1.0899070391633592,0.41723103291715463,-0.1542756121922638,1.119163873105335,-0.22346253087837242,0.022609557817645943,0.07012029385067461,0.5241409691629956,zero prediction only matches exactly zero truth,0.28783665974384276,0.10338667408050364,0.05016505772803123
C_asset_label,M5,3,17070,0.689760819678762,0.6347654405645923,1.0866388993472205,0.4022424029714531,-0.14493985484735358,1.2810075446697726,-0.15870702869416142,-0.0006528632795505185,0.006754111374894675,0.48441710603397775,zero prediction only matches exactly zero truth,0.2831071444611726,-0.10935201702644055,-0.0018763826704166955
C_asset_label,M5,4,19674,0.6354058960267904,0.6067284897713678,1.0472656332097228,0.355198394647268,-0.07330259853163144,1.5367611963752326,-0.12716744809570124,-0.026526570612128177,0.027518016283514926,0.513927010267358,zero prediction only matches exactly zero truth,0.22814195161462042,0.19007259967724877,-0.09888590351478523
