estimator,model,group,cells,normalized_crps,baseline_normalized_crps,ratio,perfect_location_ratio,oracle_capture_fraction,delta_mse,delta_r2,pearson,spearman,sign_accuracy,sign_accuracy_convention,mean_abs_shift_over_sd,calibration_intercept,calibration_slope
ridge,M0,FX,37540,0.5619004861039052,0.5619004861039052,1.0,0.4332919077649929,0.0,0.9043654945596084,-0.0017784300644305695,,,0.0,zero prediction only matches exactly zero truth,0.0,0.04006863515583686,
ridge,M0,Rates,22704,0.6291276975224553,0.6291276975224553,1.0,0.37427358276929584,0.0,1.3326688552445267,-0.0031219120303358494,,,0.0,zero prediction only matches exactly zero truth,0.0,0.06440129438205958,
ridge,M0,Factor/Equity,21940,0.587179475866558,0.587179475866558,1.0,0.41141178962013886,0.0,0.9749426039485151,-0.011218147404914447,,,0.0,zero prediction only matches exactly zero truth,0.0,0.10399864195698168,
ridge,M1,FX,37540,0.5677901455260235,0.5619004861039052,1.010481677036722,0.4332919077649929,-0.018495725013179014,0.9242923871277157,-0.02385173037611721,-0.03443476848093656,-0.021812644051231046,0.49163558870538093,zero prediction only matches exactly zero truth,0.08551473085777703,0.03628227949509339,-0.3025792227964651
ridge,M1,Rates,22704,0.6358648177597139,0.6291276975224553,1.010708668945573,0.37427358276929584,-0.017113979289809702,1.3594273738431883,-0.02326349201410749,-0.11147441097799077,-0.1092209783786228,0.4856412966878083,zero prediction only matches exactly zero truth,0.07728729188298807,-0.20364146545477366,-3.474493829022547
ridge,M1,Factor/Equity,21940,0.5827532096104145,0.587179475866558,0.9924618171477957,0.41141178962013886,0.012807227054954674,0.9713008921869861,-0.007440935283953065,0.02436238364109087,0.026908374485387146,0.5468550592525069,zero prediction only matches exactly zero truth,0.14854763024691695,0.07158030270199835,0.2302783038377437
ridge,M2,FX,37540,0.571294586905485,0.5619004861039052,1.0167184422044486,0.4332919077649929,-0.02950097666421831,0.9281253244481704,-0.02809752917595998,0.09731646417737061,0.11898263233330543,0.5430207778369739,zero prediction only matches exactly zero truth,0.20883080993973308,0.03658551327075196,0.33720510910842977
ridge,M2,Rates,22704,0.6494314382382994,0.6291276975224553,1.032272845077083,0.37427358276929584,-0.051576606306497234,1.40538196896498,-0.05785427662180598,0.026390162549086077,0.06747874329995432,0.5232558139534884,zero prediction only matches exactly zero truth,0.20729380454757115,0.07433073450141295,0.11479587779563147
ridge,M2,Factor/Equity,21940,0.6028002638722961,0.587179475866558,1.0266030892559466,0.41141178962013886,-0.04519813476858048,1.0096955384831265,-0.04726416481624307,0.0909861264815921,0.08312167419269825,0.5474020054694622,zero prediction only matches exactly zero truth,0.27160389030992177,0.05775566135410156,0.2851410554532333
ridge,M3,FX,37540,0.5791169626132016,0.5619004861039052,1.0306397252450725,0.4332919077649929,-0.05406615092478085,0.9523676671014506,-0.054951114491168296,0.0804380062637917,0.10198424169146893,0.5384123601491743,zero prediction only matches exactly zero truth,0.23705492326901925,0.03672941014272235,0.24621650978554152
ridge,M3,Rates,22704,0.6536253742348552,0.6291276975224553,1.0389391165082595,0.37427358276929584,-0.06223025820228836,1.4196097015436484,-0.06856372649902354,0.0302561853216097,0.06103854907166992,0.5202167019027484,zero prediction only matches exactly zero truth,0.23204495892688282,0.0744530396038225,0.11671920808812097
ridge,M3,Factor/Equity,21940,0.6013348209953808,0.587179475866558,1.0241073567973953,0.41141178962013886,-0.04095793353019585,1.0049461815561147,-0.042338094405895754,0.09489009224742251,0.08631946920985471,0.5488149498632634,zero prediction only matches exactly zero truth,0.2637090363212921,0.06006104648770191,0.29912245657469405
ridge,M4,FX,37540,0.5893313110613314,0.5619004861039052,1.048817941318445,0.4332919077649929,-0.08614301081517088,0.9838764039347974,-0.08985378725799498,0.07249247277267348,0.09052743823692383,0.5341502397442728,zero prediction only matches exactly zero truth,0.2792253418996072,0.036308582368098696,0.19069682996275614
ridge,M4,Rates,22704,0.65626269890985,0.6291276975224553,1.0431311504711271,0.37427358276929584,-0.06892972596876115,1.4390251998714119,-0.08317809354821382,0.032424985958030485,0.06914925122823613,0.5300828047921071,zero prediction only matches exactly zero truth,0.2731418508815391,0.07215734730962009,0.10890828560057142
ridge,M4,Factor/Equity,21940,0.6061643671964552,0.587179475866558,1.0323323483026705,0.41141178962013886,-0.05493203522001224,1.0245590294975366,-0.06268069476035354,0.0939843275435773,0.09358334064107195,0.5503190519598906,zero prediction only matches exactly zero truth,0.28949390484238363,0.06907503068778378,0.26129010087181026
ridge,M5,FX,37540,0.5914509426056795,0.5619004861039052,1.0525901956530963,0.4332919077649929,-0.09279944361776957,0.9883118386092538,-0.09476698088552715,0.06797654347661217,0.08597545791978572,0.5338838572189665,zero prediction only matches exactly zero truth,0.28211924481291706,0.03552088430532613,0.17754583229816984
ridge,M5,Rates,22704,0.6595595530288225,0.6291276975224553,1.0483715080836686,0.37427358276929584,-0.07730456434578524,1.447357333254063,-0.08944982829852677,0.017893053468994162,0.0562479302391915,0.5297744890768147,zero prediction only matches exactly zero truth,0.272556610324936,0.06835478768384565,0.060536865762946854
ridge,M5,Factor/Equity,21940,0.6085656790102711,0.587179475866558,1.0364219187194024,0.41141178962013886,-0.06188013636205269,1.0297647067824216,-0.06808006423983848,0.0911162960535614,0.09251411308257831,0.5490428441203282,zero prediction only matches exactly zero truth,0.2979936095389854,0.06892298889307412,0.24964863318427677
nonlinear,M0,FX,37540,0.5619004861039052,0.5619004861039052,1.0,0.4332919077649929,0.0,0.9043654945596084,-0.0017784300644305695,,,0.0,zero prediction only matches exactly zero truth,0.0,0.04006863515583686,
nonlinear,M0,Rates,22704,0.6291276975224553,0.6291276975224553,1.0,0.37427358276929584,0.0,1.3326688552445267,-0.0031219120303358494,,,0.0,zero prediction only matches exactly zero truth,0.0,0.06440129438205958,
nonlinear,M0,Factor/Equity,21940,0.587179475866558,0.587179475866558,1.0,0.41141178962013886,0.0,0.9749426039485151,-0.011218147404914447,,,0.0,zero prediction only matches exactly zero truth,0.0,0.10399864195698168,
nonlinear,M1,FX,37540,0.5666542475332264,0.5619004861039052,1.0084601482769353,0.4332919077649929,-0.014928582091654666,0.9200687512808047,-0.019173149300948156,-0.0275181212996452,-0.017469281875000697,0.4922482685135855,zero prediction only matches exactly zero truth,0.07208437753514674,0.037252208288166166,-0.26661485153694736
nonlinear,M1,Rates,22704,0.6353323949654843,0.6291276975224553,1.0098623816237362,0.37427358276929584,-0.015761491527534408,1.3593285215931872,-0.023189084288857797,-0.16191227864868973,-0.1286577003135451,0.4857293868921776,zero prediction only matches exactly zero truth,0.07426407217136964,-0.41681785568639385,-6.479837908134177
nonlinear,M1,Factor/Equity,21940,0.5792310588181818,0.587179475866558,0.9864633942856296,0.41141178962013886,0.022998431629533012,0.9622759765591897,0.001919778284891871,0.06619986083295755,0.07201680927289661,0.5476754785779399,zero prediction only matches exactly zero truth,0.14062482346324728,0.017090401774207564,0.6389503355788662
nonlinear,M2,FX,37540,0.5600543393413868,0.5619004861039052,0.9967144595739379,0.4332919077649929,0.0057975886899805035,0.8974880112388435,0.005839855336014832,0.1354615864487292,0.16587822931698015,0.5571390516782099,zero prediction only matches exactly zero truth,0.15782701847013858,0.04418750484071069,0.5748313058456492
nonlinear,M2,Rates,22704,0.6398631280477587,0.6291276975224553,1.0170639928389422,0.37427358276929584,-0.027270692700594033,1.3965350852299365,-0.05119508075864565,0.05144613630517212,0.0829386420769194,0.5373502466525722,zero prediction only matches exactly zero truth,0.19246814529050527,0.08914879056569742,0.2259287991411916
nonlinear,M2,Factor/Equity,21940,0.5786502885644033,0.587179475866558,0.9854743095548981,0.41141178962013886,0.02467886748143891,0.9518554349723093,0.012728046090365264,0.13038348633024888,0.10946227779877227,0.5558340929808568,zero prediction only matches exactly zero truth,0.15118473215190775,0.044275939765670694,0.6724759488694683
nonlinear,M3,FX,37540,0.5613213727755899,0.5619004861039052,0.9989693667426225,0.4332919077649929,0.0018186316226981275,0.9064793591360697,-0.004119987708453232,0.12626979823973203,0.1567560089934161,0.5530900372935535,zero prediction only matches exactly zero truth,0.17232056529004236,0.04337770623153211,0.4874245845580437
nonlinear,M3,Rates,22704,0.6420642599352356,0.6291276975224553,1.0205626973088695,0.37427358276929584,-0.03286212111656471,1.4089031905544867,-0.060504758412273096,0.009870758999133767,0.0523006116179428,0.5216261451726568,zero prediction only matches exactly zero truth,0.19390497714712093,0.06867338961920108,0.045967645495436485
nonlinear,M3,Factor/Equity,21940,0.5843973371892578,0.587179475866558,0.9952618598032664,0.41141178962013886,0.008050008670196927,0.9824411858941626,-0.018995735657322044,0.08238875423096406,0.10624128914239352,0.5520054694621696,zero prediction only matches exactly zero truth,0.15403262881407762,0.08145761678771465,0.3461681734038881
nonlinear,M4,FX,37540,0.5596899238427436,0.5619004861039052,0.9960659185819731,0.4332919077649929,0.006941989133261665,0.8972802507725888,0.006069994538545398,0.14120134714573176,0.17145609848704313,0.5586307938199254,zero prediction only matches exactly zero truth,0.17501810027801964,0.0418825803264981,0.5652632352202331
nonlinear,M4,Rates,22704,0.6390537501727802,0.6291276975224553,1.0157774847450116,0.37427358276929584,-0.025214669399509285,1.3911847855905737,-0.047167821636432405,0.03442577440883061,0.0782615729745506,0.5338266384778013,zero prediction only matches exactly zero truth,0.19554996223500717,0.07512802006373112,0.15548948477218538
nonlinear,M4,Factor/Equity,21940,0.5820544193618153,0.587179475866558,0.9912717376621871,0.41141178962013886,0.014829149112891434,0.9671199400159102,-0.0031044187631843467,0.10332286585863075,0.10902153577073447,0.5550136736554239,zero prediction only matches exactly zero truth,0.16533159634940756,0.06834482783109541,0.47637480705609336
nonlinear,M5,FX,37540,0.5600598111328957,0.5619004861039052,0.9967241975820803,0.4332919077649929,0.005780405225908185,0.8985045486093219,0.00471382253486774,0.13878466569377385,0.1726482465776983,0.5583644112946191,zero prediction only matches exactly zero truth,0.17370780548240428,0.04225191124693847,0.5548036625766414
nonlinear,M5,Rates,22704,0.6368939439000114,0.6291276975224553,1.0123444674398219,0.37427358276929584,-0.019728218435231076,1.382864482674695,-0.04090499187433361,0.050135211821363206,0.0917211221976762,0.5394644115574349,zero prediction only matches exactly zero truth,0.19501337138070798,0.07967907935563125,0.22395862368480549
nonlinear,M5,Factor/Equity,21940,0.581089565707477,0.587179475866558,0.9896285370838387,0.41141178962013886,0.017620915154701808,0.9632158298957824,0.0009449550019494657,0.11052288044082513,0.11465045460517587,0.5564721969006381,zero prediction only matches exactly zero truth,0.1624250728568986,0.06501726631055514,0.5201650484233373
A_label_time,M0,FX,37540,0.5619004861039052,0.5619004861039052,1.0,0.4332919077649929,0.0,0.9043654945596084,-0.0017784300644305695,,,0.0,zero prediction only matches exactly zero truth,0.0,0.04006863515583686,
A_label_time,M0,Rates,22704,0.6291276975224553,0.6291276975224553,1.0,0.37427358276929584,0.0,1.3326688552445267,-0.0031219120303358494,,,0.0,zero prediction only matches exactly zero truth,0.0,0.06440129438205958,
A_label_time,M0,Factor/Equity,21940,0.587179475866558,0.587179475866558,1.0,0.41141178962013886,0.0,0.9749426039485151,-0.011218147404914447,,,0.0,zero prediction only matches exactly zero truth,0.0,0.10399864195698168,
A_label_time,M1,FX,37540,0.5677901455260235,0.5619004861039052,1.0104816770367222,0.4332919077649929,-0.018495725013179403,0.9242923871277157,-0.02385173037611721,-0.03443476848093708,-0.021812828457063463,0.49163558870538093,zero prediction only matches exactly zero truth,0.08551473085777694,0.03628227949509348,-0.30257922279647
A_label_time,M1,Rates,22704,0.6358648177597139,0.6291276975224553,1.010708668945573,0.37427358276929584,-0.017113979289809702,1.3594273738431886,-0.02326349201410749,-0.11147441097799228,-0.1092209783786228,0.4856412966878083,zero prediction only matches exactly zero truth,0.07728729188298827,-0.20364146545477893,-3.474493829022605
A_label_time,M1,Factor/Equity,21940,0.5827532096104145,0.587179475866558,0.9924618171477957,0.41141178962013886,0.012807227054954674,0.9713008921869861,-0.007440935283953065,0.024362383641090033,0.026910869392855936,0.5468550592525069,zero prediction only matches exactly zero truth,0.1485476302469167,0.07158030270199947,0.2302783038377362
A_label_time,M2,FX,37540,0.5705280697741865,0.5619004861039052,1.0153542911665783,0.4332919077649929,-0.027093827275385063,0.9300630504054921,-0.030243975584075322,-0.04306842456956375,-0.03682138391908986,0.48598827916888654,zero prediction only matches exactly zero truth,0.0949626630395588,0.037548008630371055,-0.3340148875004522
A_label_time,M2,Rates,22704,0.6389308711964753,0.6291276975224553,1.0155821683143589,0.37427358276929584,-0.024902525904725806,1.365474926234275,-0.02781558482679447,-0.06037049576878958,-0.08063487904496637,0.4776250880902044,zero prediction only matches exactly zero truth,0.0924505424760706,-0.008704045050977938,-0.9197882075092302
A_label_time,M2,Factor/Equity,21940,0.5860271790373011,0.587179475866558,0.9980375730477354,0.41141178962013886,0.0033341254847732292,0.9783474434898142,-0.014749673793462037,0.015735098206234418,0.013112823212579812,0.5465815861440292,zero prediction only matches exactly zero truth,0.15695986732074907,0.08718168897132827,0.1190510373338506
A_label_time,M3,FX,37540,0.5711528033772449,0.5619004861039052,1.0164661136663065,0.4332919077649929,-0.02905572355843148,0.932888253067954,-0.03337349247170618,-0.03489939033779883,-0.02615271119723048,0.49549813532232284,zero prediction only matches exactly zero truth,0.1043260551466301,0.03859032554169493,-0.2413158048047593
A_label_time,M3,Rates,22704,0.6404202456591341,0.6291276975224553,1.017949532632484,0.37427358276929584,-0.02868591150733876,1.3677520494804796,-0.02952961319601166,-0.022838760356976587,-0.0392249870352869,0.48017970401691334,zero prediction only matches exactly zero truth,0.11028084812582122,0.03799168541260392,-0.2786789282602251
A_label_time,M3,Factor/Equity,21940,0.5877914798237905,0.587179475866558,1.0010422775018306,0.41141178962013886,-0.0017708093425078141,0.9834151577584862,-0.0200059469459426,0.009014304933770045,0.0030026070190185476,0.5407474931631723,zero prediction only matches exactly zero truth,0.16420989192056706,0.09519418373609727,0.06201230990298202
A_label_time,M4,FX,37540,0.5730712804901681,0.5619004861039052,1.0198803785768522,0.4332919077649929,-0.035080456498242575,0.9392289823989827,-0.040397207897508114,-0.03477967380091031,-0.024529895742259184,0.49501864677677143,zero prediction only matches exactly zero truth,0.11546876608418848,0.03635021035026087,-0.21721593731864497
A_label_time,M4,Rates,22704,0.641813474993841,0.6291276975224553,1.0201640740367068,0.37427358276929584,-0.03222506431156858,1.3718633331852907,-0.03262424451018964,-0.004036070606681752,-0.023487312884631215,0.48559725158562367,zero prediction only matches exactly zero truth,0.1253434821305967,0.06028577700652748,-0.039529290675230984
A_label_time,M4,Factor/Equity,21940,0.5887497475117835,0.587179475866558,1.0026742618054012,0.41141178962013886,-0.004543519150129247,0.984871069519954,-0.021516030091610627,0.012585071972856045,0.010075999241357115,0.5349589790337284,zero prediction only matches exactly zero truth,0.16312943690565312,0.09362631980083919,0.07993078682034765
A_label_time,M5,FX,37540,0.5733766334980132,0.5619004861039052,1.020423807556532,0.4332919077649929,-0.03603937871432836,0.9401164546915007,-0.041380273489100006,-0.0370571508617921,-0.027099327706784134,0.49437932871603624,zero prediction only matches exactly zero truth,0.11730721701434306,0.03808175369626622,-0.22702964276490212
A_label_time,M5,Rates,22704,0.6425135406757286,0.6291276975224553,1.0212768301347845,0.37427358276929584,-0.03400340715827539,1.3746518697895902,-0.034723222181396896,-0.021061778698053583,-0.03843361335893223,0.48066420014094435,zero prediction only matches exactly zero truth,0.12260128754623964,0.045666619950464435,-0.19842749952345243
A_label_time,M5,Factor/Equity,21940,0.5892077522529019,0.587179475866558,1.003454269894823,0.41141178962013886,-0.005868737827068771,0.9875581021620504,-0.024303041510901124,0.007538725905345392,0.00894743959833889,0.5395624430264357,zero prediction only matches exactly zero truth,0.16873010329033142,0.09749452214342973,0.04718694566588744
B_wrong_feature_date,M0,FX,37540,0.5619004861039052,0.5619004861039052,1.0,0.4332919077649929,0.0,0.9043654945596084,-0.0017784300644305695,,,0.0,zero prediction only matches exactly zero truth,0.0,0.04006863515583686,
B_wrong_feature_date,M0,Rates,22704,0.6291276975224553,0.6291276975224553,1.0,0.37427358276929584,0.0,1.3326688552445267,-0.0031219120303358494,,,0.0,zero prediction only matches exactly zero truth,0.0,0.06440129438205958,
B_wrong_feature_date,M0,Factor/Equity,21940,0.587179475866558,0.587179475866558,1.0,0.41141178962013886,0.0,0.9749426039485151,-0.011218147404914447,,,0.0,zero prediction only matches exactly zero truth,0.0,0.10399864195698168,
B_wrong_feature_date,M1,FX,37540,0.5677901455260235,0.5619004861039052,1.010481677036722,0.4332919077649929,-0.018495725013179014,0.9242923871277157,-0.02385173037611721,-0.03443476848093656,-0.021812644051231046,0.49163558870538093,zero prediction only matches exactly zero truth,0.08551473085777703,0.03628227949509339,-0.3025792227964651
B_wrong_feature_date,M1,Rates,22704,0.6358648177597139,0.6291276975224553,1.010708668945573,0.37427358276929584,-0.017113979289809702,1.3594273738431883,-0.02326349201410749,-0.11147441097799077,-0.1092209783786228,0.4856412966878083,zero prediction only matches exactly zero truth,0.07728729188298807,-0.20364146545477366,-3.474493829022547
B_wrong_feature_date,M1,Factor/Equity,21940,0.5827532096104145,0.587179475866558,0.9924618171477957,0.41141178962013886,0.012807227054954674,0.9713008921869861,-0.007440935283953065,0.02436238364109087,0.026908374485387146,0.5468550592525069,zero prediction only matches exactly zero truth,0.14854763024691695,0.07158030270199835,0.2302783038377437
B_wrong_feature_date,M2,FX,37540,0.5737276287318817,0.5619004861039052,1.0210484648446974,0.4332919077649929,-0.03714163452596122,0.9434985120346608,-0.04512662617062135,-0.02379079328826954,-0.01414873424032594,0.4991209376664891,zero prediction only matches exactly zero truth,0.12498127488105501,0.03669907641994107,-0.1332108123607817
B_wrong_feature_date,M2,Rates,22704,0.6452662176580615,0.6291276975224553,1.02565221686974,0.37427358276929584,-0.04099589878795548,1.382380473434312,-0.04054067010546891,-0.03225043741945895,-0.03420727892631144,0.47890239605355883,zero prediction only matches exactly zero truth,0.12775866761172489,0.03697906071394148,-0.2799602780235292
B_wrong_feature_date,M2,Factor/Equity,21940,0.5939615489943701,0.587179475866558,1.0115502557677156,0.41141178962013886,-0.019623661439398105,1.0026506785369282,-0.0399571805951513,0.02131919400241738,0.014644592300539197,0.544257064721969,zero prediction only matches exactly zero truth,0.21971677927622113,0.08414794300182717,0.1051122941173319
B_wrong_feature_date,M3,FX,37540,0.5784449629860424,0.5619004861039052,1.0294437846047315,0.4332919077649929,-0.05195582171521476,0.9616330786137904,-0.06521454167251228,-0.01648715252732005,-0.007242533138895164,0.5019712306872669,zero prediction only matches exactly zero truth,0.16394899390689913,0.03825749242648668,-0.07168200981749587
B_wrong_feature_date,M3,Rates,22704,0.6418073079870623,0.6291276975224553,1.0201542715644853,0.37427358276929584,-0.03220939856380477,1.3719789387366164,-0.03271126272272662,0.010904835751042405,0.011471520176511246,0.4966525722339676,zero prediction only matches exactly zero truth,0.14090081002398788,0.07145474681843743,0.08062073526322056
B_wrong_feature_date,M3,Factor/Equity,21940,0.6023011081748126,0.587179475866558,1.0257529987504042,0.41141178962013886,-0.043753847420395606,1.0250077527727373,-0.06314611407550919,0.03482845831586552,0.028369440837495593,0.5405195989061076,zero prediction only matches exactly zero truth,0.2584623747624873,0.0755224634136932,0.1328124003896598
B_wrong_feature_date,M4,FX,37540,0.583720909361931,0.5619004861039052,1.0388332521463433,0.4332919077649929,-0.0685242590999381,0.9777712178920638,-0.08309098645905566,-0.015649748213175625,-0.006462731216166279,0.4989611081513053,zero prediction only matches exactly zero truth,0.19052539021522932,0.03757585904235607,-0.06019193702835049
B_wrong_feature_date,M4,Rates,22704,0.651287193074749,0.6291276975224553,1.0352225718873278,0.37427358276929584,-0.05629069017608906,1.4114320327925214,-0.062408259834293656,-0.02685809486204567,-0.013532099694318903,0.4919397463002114,zero prediction only matches exactly zero truth,0.18212893665157595,0.047759874231154895,-0.15363255504717355
B_wrong_feature_date,M4,Factor/Equity,21940,0.6033975526281372,0.587179475866558,1.0276203059339641,0.41141178962013886,-0.04692636625551612,1.0278533769431115,-0.06609761787698676,0.028276695781987497,0.023294444824501423,0.5374202370100274,zero prediction only matches exactly zero truth,0.2512243615724687,0.08577554850867743,0.1025328992157695
B_wrong_feature_date,M5,FX,37540,0.5836680551687388,0.5619004861039052,1.0387391888833646,0.4332919077649929,-0.06835827724037492,0.9770667497797542,-0.08231063718232479,-0.017689808925648354,-0.01068833893103465,0.49690996270644644,zero prediction only matches exactly zero truth,0.19099233944750243,0.038107826969067476,-0.06792132411514835
B_wrong_feature_date,M5,Rates,22704,0.6520878999647732,0.6291276975224553,1.036495297429658,0.37427358276929584,-0.05832468699527865,1.4155777469145088,-0.06552880749353651,-0.0416823449251252,-0.027695352949861845,0.4870507399577167,zero prediction only matches exactly zero truth,0.18005757085571375,0.04141455637730439,-0.2362248450762442
B_wrong_feature_date,M5,Factor/Equity,21940,0.6039035175254128,0.587179475866558,1.0284819928935245,0.41141178962013886,-0.04839035575507513,1.0310923947524469,-0.06945715265913943,0.026165526375961392,0.021356723059758782,0.5396080218778487,zero prediction only matches exactly zero truth,0.25735187847030155,0.08622289509214699,0.09453010875992797
C_asset_label,M0,FX,37540,0.5619004861039052,0.5619004861039052,1.0,0.4332919077649929,0.0,0.9043654945596084,-0.0017784300644305695,,,0.0,zero prediction only matches exactly zero truth,0.0,0.04006863515583686,
C_asset_label,M0,Rates,22704,0.6291276975224553,0.6291276975224553,1.0,0.37427358276929584,0.0,1.3326688552445267,-0.0031219120303358494,,,0.0,zero prediction only matches exactly zero truth,0.0,0.06440129438205958,
C_asset_label,M0,Factor/Equity,21940,0.587179475866558,0.587179475866558,1.0,0.41141178962013886,0.0,0.9749426039485151,-0.011218147404914447,,,0.0,zero prediction only matches exactly zero truth,0.0,0.10399864195698168,
C_asset_label,M1,FX,37540,0.6217724945971472,0.5619004861039052,1.106552690332022,0.4332919077649929,-0.18802041437558267,1.1235784835342817,-0.24460375374810117,-0.0008092203444138251,0.036395759584956104,0.5141449120937667,zero prediction only matches exactly zero truth,0.24760202909781162,0.039945992775135004,-0.0016882398884409174
C_asset_label,M1,Rates,22704,0.6356626787614921,0.6291276975224553,1.0103873685179843,0.37427358276929584,-0.016600495411326816,1.3594144911706945,-0.023253795013225886,-0.06184118858147794,-0.06937323326063977,0.48511275546159266,zero prediction only matches exactly zero truth,0.0842507087847657,0.02462199027678099,-0.8608850518073383
C_asset_label,M1,Factor/Equity,21940,0.5850869090531505,0.587179475866558,0.9964362398561031,0.41141178962013886,0.006054759645282315,0.9699859738334454,-0.006077091611442542,0.03991479300753451,0.03128981466785369,0.5075660893345487,zero prediction only matches exactly zero truth,0.06771413654745252,0.09015937363670318,0.49170857561011083
C_asset_label,M2,FX,37540,0.6161001654981242,0.5619004861039052,1.0964577905422856,0.4332919077649929,-0.17020718755201,1.1079978645137878,-0.2273448820245807,0.029996049798336838,0.11070833506304865,0.5372935535428875,zero prediction only matches exactly zero truth,0.2591132161010947,0.04463955351206951,0.060949971809632145
C_asset_label,M2,Rates,22704,0.633440980307551,0.6291276975224553,1.0068559734408162,0.37427358276929584,-0.010956822745568128,1.360278871102531,-0.023904428099256414,-0.002669361542820192,0.03439296374255364,0.5037878787878788,zero prediction only matches exactly zero truth,0.11126259525475685,0.06291115470065899,-0.024743917484888273
C_asset_label,M2,Factor/Equity,21940,0.5806513055707822,0.587179475866558,0.9888821551772706,0.41141178962013886,0.018889003596511342,0.9536470224888206,0.010869797407803805,0.1303867062142739,0.1097644109465597,0.5380583409298085,zero prediction only matches exactly zero truth,0.0971999158930265,0.07460640874186358,1.067246661800461
C_asset_label,M3,FX,37540,0.6224007919053571,0.5619004861039052,1.107670855067145,0.4332919077649929,-0.18999350202060497,1.1283110213143308,-0.24984605268148408,0.028127451369950044,0.0820908330098446,0.5271177410761854,zero prediction only matches exactly zero truth,0.29794194852079064,0.0443204497020107,0.05480684796973107
C_asset_label,M3,Rates,22704,0.6436443538413357,0.6291276975224553,1.023074260402217,0.37427358276929584,-0.03687595691474458,1.3984341676636989,-0.05262455154920409,-0.01409436292539633,0.026809573389399367,0.5163407329105003,zero prediction only matches exactly zero truth,0.17119862627303573,0.05974958479277173,-0.07501647149329611
C_asset_label,M3,Factor/Equity,21940,0.5876644105761846,0.587179475866558,1.0008258713554503,0.41141178962013886,-0.0014031394800064303,0.973110851683554,-0.009318239528925965,0.06803990085320462,0.047881212619851496,0.5166362807657247,zero prediction only matches exactly zero truth,0.1007736860862567,0.10094293161931249,0.5194264563768762
C_asset_label,M4,FX,37540,0.6459487422787367,0.5619004861039052,1.1495785432712537,0.4332919077649929,-0.2639428399219422,1.2145843210806815,-0.345412205211993,0.014565580275432118,0.05347560030340327,0.5225892381459776,zero prediction only matches exactly zero truth,0.3715488669008831,0.04093571141995625,0.024395791342464137
C_asset_label,M4,Rates,22704,0.6649213656292456,0.6291276975224553,1.0568941222072212,0.37427358276929584,-0.09092491644993865,1.4790250508039544,-0.11328664361335217,-0.038430132880160575,0.014440522122721117,0.5111874559548978,zero prediction only matches exactly zero truth,0.26472607437834045,0.06333931145549435,-0.1305191433701349
C_asset_label,M4,Factor/Equity,21940,0.6036886507037473,0.587179475866558,1.028116062491498,0.41141178962013886,-0.04776864707050885,1.026000775004325,-0.0641760845550956,0.013574720740461666,0.01818921012487738,0.509799453053783,zero prediction only matches exactly zero truth,0.19412170810163495,0.10257913084428985,0.053291968520968236
C_asset_label,M5,FX,37540,0.6469844799555841,0.5619004861039052,1.151421819264889,0.4332919077649929,-0.2671954421326601,1.2171989561147563,-0.34830847336395565,0.013791445100097386,0.05233134491705788,0.5220031965903037,zero prediction only matches exactly zero truth,0.37651804546904777,0.040636033278051806,0.02297880185586459
C_asset_label,M5,Rates,22704,0.664951703799898,0.6291276975224553,1.0569423448030026,0.37427358276929584,-0.09100198303120084,1.4758599289215837,-0.11090420396830614,-0.035278845836058705,0.006267050747468542,0.507047216349542,zero prediction only matches exactly zero truth,0.2663491501274804,0.06441901245591038,-0.11961563357481278
C_asset_label,M5,Factor/Equity,21940,0.6044975311150833,0.587179475866558,1.0294936317775196,0.41141178962013886,-0.05010911067770983,1.027146109305001,-0.06536403431234095,0.00965939632118834,0.010264087436185447,0.5068824065633546,zero prediction only matches exactly zero truth,0.19656288936342373,0.10248960699846262,0.037569291415438875
