estimator,model,horizon,cells,normalized_crps,baseline_normalized_crps,ratio,perfect_location_ratio,oracle_capture_fraction,delta_mse,delta_r2,pearson,spearman,sign_accuracy,sign_accuracy_convention,mean_abs_shift_over_sd,calibration_intercept,calibration_slope
ridge,M0,5,16770,0.547954965619467,0.547954965619467,1.0,0.40755265383562406,0.0,0.9107388722218165,-0.00037918014767091,,,0.0,zero prediction only matches exactly zero truth,0.0,0.01857964493353337,
ridge,M0,21,16704,0.5510579540036773,0.5510579540036773,1.0,0.43343577792323534,0.0,0.9115717615182144,-0.0010115665826586628,,,0.0,zero prediction only matches exactly zero truth,0.0,0.03035100810528054,
ridge,M0,63,16512,0.5835399427808811,0.5835399427808811,1.0,0.41975716074632585,0.0,1.0118861028873254,-0.003175211057647065,,,0.0,zero prediction only matches exactly zero truth,0.0,0.05659313061469013,
ridge,M0,126,16242,0.6055151117378569,0.6055151117378569,1.0,0.40942029966759336,0.0,1.0879815998122477,-0.007903392132765585,,,0.0,zero prediction only matches exactly zero truth,0.0,0.09236513876026939,
ridge,M0,189,15956,0.6515362481977088,0.6515362481977088,1.0,0.3828400994443695,0.0,1.2984325030887245,-0.012184636742774257,,,0.0,zero prediction only matches exactly zero truth,0.0,0.1250219048982549,
ridge,M1,5,16770,0.5527882958501613,0.547954965619467,1.0088206705549791,0.40755265383562406,-0.014888530790265083,0.9279576733905828,-0.019292757597498822,-0.011487018164862133,-0.012856713934851367,0.49749552772808586,zero prediction only matches exactly zero truth,0.096685211417941,0.02155832732515852,-0.09039958855579373
ridge,M1,21,16704,0.5546300177062546,0.5510579540036773,1.0064821924384264,0.43343577792323534,-0.011441231524761057,0.9262745231902869,-0.017156904904614523,-0.0038584246417662786,-0.002337402372987317,0.5041307471264368,zero prediction only matches exactly zero truth,0.09694330871411089,0.03139331977059797,-0.03035354674877335
ridge,M1,63,16512,0.5852038377303814,0.5835399427808811,1.0028513814179898,0.41975716074632585,-0.004914117374817289,1.022270915934808,-0.013470625720400475,0.011117213942903804,0.018626638843498335,0.5098716085271318,zero prediction only matches exactly zero truth,0.09855412600226374,0.05501381350185417,0.09194812683880632
ridge,M1,126,16242,0.6079032216543188,0.6055151117378569,1.0039439311590554,0.40942029966759336,-0.00667806759500134,1.100470416759986,-0.01947300044923206,0.013501289872635665,0.023121590948504866,0.5114517916512745,zero prediction only matches exactly zero truth,0.10177447829605375,0.09293811278566023,0.11463456483611231
ridge,M1,189,15956,0.6559208368281507,0.6515362481977088,1.006729615800457,0.3828400994443695,-0.01090416891051795,1.3214338927068692,-0.030115220843093926,0.001931371173081787,0.018764986172706253,0.5007520681875157,zero prediction only matches exactly zero truth,0.10673037413238948,0.12553003836982457,0.017579953646310466
ridge,M2,5,16770,0.5979044683163272,0.547954965619467,1.091156218723909,0.40755265383562406,-0.15386383163680756,1.033010185668891,-0.13468515964688788,0.016212702358742486,0.021062394108164066,0.5099582587954681,zero prediction only matches exactly zero truth,0.26882314784312605,0.015314105529607706,0.04282739710264326
ridge,M2,21,16704,0.570167893536188,0.5510579540036773,1.034678638414832,0.43343577792323534,-0.06120866278445206,0.9577745851955296,-0.051747628034083615,0.02791712566801265,0.04211517143203218,0.5217911877394636,zero prediction only matches exactly zero truth,0.18534652215642708,0.024405772596101907,0.10917555312463792
ridge,M2,63,16512,0.5885428949463368,0.5835399427808811,1.0085734528156103,0.41975716074632585,-0.014775628815407213,1.0293218370068649,-0.020460848448460744,0.08552788932720083,0.10867818403869865,0.5476017441860465,zero prediction only matches exactly zero truth,0.1941978182625466,0.05113859272399803,0.3460507437452531
ridge,M2,126,16242,0.6063204457933415,0.6055151117378569,1.0013299982772903,0.40942029966759336,-0.0022520216603139484,1.1006107787458592,-0.019603031436624452,0.11837984380983545,0.1537040757105744,0.5531338505110208,zero prediction only matches exactly zero truth,0.22553103423833198,0.0945617336171141,0.4290658078751871
ridge,M2,189,15956,0.6455069294516026,0.6515362481977088,0.9907459964617706,0.3828400994443695,0.014994499042951364,1.2978069122376532,-0.011696961452118293,0.15089809976631194,0.20217074798737056,0.5628603660065179,zero prediction only matches exactly zero truth,0.25263440513317753,0.13788459802726402,0.5353762071319602
ridge,M3,5,16770,0.6015113510787581,0.547954965619467,1.0977386625171746,0.40755265383562406,-0.1649744287824976,1.0413391609855627,-0.14383392199018763,0.01487314213801248,0.019177652371498703,0.5078115682766846,zero prediction only matches exactly zero truth,0.279173993392449,0.01568977876181969,0.03816894938706258
ridge,M3,21,16704,0.5739812968168507,0.5510579540036773,1.0415987876531412,0.43343577792323534,-0.07342289899750305,0.9697058135549059,-0.06484950118928445,0.021144513585896602,0.03378607573593993,0.5176005747126436,zero prediction only matches exactly zero truth,0.20292588009685603,0.026328875490020345,0.07671426374506311
ridge,M3,63,16512,0.5932124708037563,0.5835399427808811,1.016575605736225,0.41975716074632585,-0.028566670047225413,1.0465446195338968,-0.03753536745534847,0.06847920850159656,0.0944351151783987,0.5424539728682171,zero prediction only matches exactly zero truth,0.21137347330038064,0.05325913406666979,0.25423518581199095
ridge,M3,126,16242,0.6115094170802878,0.6055151117378569,1.0098995140273659,0.40942029966759336,-0.016762367588648852,1.1183811791074876,-0.03606548521997266,0.10720766473928194,0.13960197502273977,0.5493781553995813,zero prediction only matches exactly zero truth,0.24572372982632096,0.09530472115111102,0.3543069712418583
ridge,M3,189,15956,0.6499660338441515,0.6515362481977088,0.9975899815890507,0.3828400994443695,0.00390501458176333,1.3114003886951646,-0.02229366786349285,0.14890966063263217,0.19473625510582185,0.5654299323138631,zero prediction only matches exactly zero truth,0.27578976200675837,0.13856125531516325,0.4793679396369685
ridge,M4,5,16770,0.6088893842897608,0.547954965619467,1.1112033332910982,0.40755265383562406,-0.18770163122689484,1.065934818531944,-0.1708504296653417,0.012212425047793359,0.01579862891764115,0.5065593321407275,zero prediction only matches exactly zero truth,0.3098351920021356,0.01627252777121884,0.029023578980024004
ridge,M4,21,16704,0.5803485882902968,0.5510579540036773,1.0531534552288198,0.43343577792323534,-0.09381717580750787,0.992818457897675,-0.0902298665078527,0.020923838434772232,0.032108293009783295,0.5175407088122606,zero prediction only matches exactly zero truth,0.23979865464273656,0.026685847470847804,0.06522106689824587
ridge,M4,63,16512,0.5998011567667774,0.5835399427808811,1.027866496864641,0.41975716074632585,-0.048025576499114854,1.0696376617494696,-0.060429611612341505,0.06708540388446697,0.09029416541855594,0.5410610465116279,zero prediction only matches exactly zero truth,0.2514236378548274,0.05315580765163622,0.21047988638541265
ridge,M4,126,16242,0.6185799652085859,0.6055151117378569,1.0215764284284043,0.40942029966759336,-0.036534321136097454,1.1471893219235612,-0.06275327559287658,0.09800446471389698,0.1357688345343111,0.5537495382342076,zero prediction only matches exactly zero truth,0.28633115436583245,0.09391981988153067,0.2800533527101264
ridge,M4,189,15956,0.6559552306837905,0.6515362481977088,1.006782404660225,0.3828400994443695,-0.010989704052578165,1.3368576700786907,-0.04213872646172345,0.14150199594416282,0.19255998230752358,0.5698796690899975,zero prediction only matches exactly zero truth,0.3153295045795167,0.13496201292546298,0.4010296324665075
ridge,M5,5,16770,0.6103157997600003,0.547954965619467,1.1138064951561009,0.40755265383562406,-0.19209554383677663,1.068549124863566,-0.1737220514929052,0.013046207641634508,0.017834277025100483,0.5071556350626119,zero prediction only matches exactly zero truth,0.314909659833415,0.015948953427053738,0.030761644697540502
ridge,M5,21,16704,0.5818718923163176,0.5510579540036773,1.0559177815849743,0.43343577792323534,-0.09869628085586722,0.9975458779905375,-0.0954211223067043,0.018358683235680594,0.029221805415159462,0.5191570881226054,zero prediction only matches exactly zero truth,0.2456670429746602,0.02687750074170979,0.056304760567737755
ridge,M5,63,16512,0.6022965617090513,0.5835399427808811,1.032142819288059,0.41975716074632585,-0.05539546050995154,1.0763002931541323,-0.06703488729159046,0.05787474096003213,0.08179162493264103,0.539546996124031,zero prediction only matches exactly zero truth,0.2549783417615718,0.05253692008664488,0.18029840201717112
ridge,M5,126,16242,0.6220840551971762,0.6055151117378569,1.027363385550801,0.40942029966759336,-0.046333095322104126,1.1541713822728883,-0.06922143857594243,0.08782444741042225,0.12503599597053644,0.552518162787834,zero prediction only matches exactly zero truth,0.2882746915093451,0.09216520580055584,0.2503396615070924
ridge,M5,189,15956,0.6596919887308583,0.6515362481977088,1.0125177080411258,0.3828400994443695,-0.020282763072999588,1.3446081587518637,-0.04818056964076667,0.13031480152898695,0.1815018598939941,0.5675607921784909,zero prediction only matches exactly zero truth,0.31585888220497893,0.1316937546504668,0.370056320706955
nonlinear,M0,5,16770,0.547954965619467,0.547954965619467,1.0,0.40755265383562406,0.0,0.9107388722218165,-0.00037918014767091,,,0.0,zero prediction only matches exactly zero truth,0.0,0.01857964493353337,
nonlinear,M0,21,16704,0.5510579540036773,0.5510579540036773,1.0,0.43343577792323534,0.0,0.9115717615182144,-0.0010115665826586628,,,0.0,zero prediction only matches exactly zero truth,0.0,0.03035100810528054,
nonlinear,M0,63,16512,0.5835399427808811,0.5835399427808811,1.0,0.41975716074632585,0.0,1.0118861028873254,-0.003175211057647065,,,0.0,zero prediction only matches exactly zero truth,0.0,0.05659313061469013,
nonlinear,M0,126,16242,0.6055151117378569,0.6055151117378569,1.0,0.40942029966759336,0.0,1.0879815998122477,-0.007903392132765585,,,0.0,zero prediction only matches exactly zero truth,0.0,0.09236513876026939,
nonlinear,M0,189,15956,0.6515362481977088,0.6515362481977088,1.0,0.3828400994443695,0.0,1.2984325030887245,-0.012184636742774257,,,0.0,zero prediction only matches exactly zero truth,0.0,0.1250219048982549,
nonlinear,M1,5,16770,0.5490982060268631,0.547954965619467,1.002086376580425,0.40755265383562406,-0.003521623641210855,0.9152308759169817,-0.005313313422148358,-0.0038932369267288577,-0.00525863750443113,0.4983303518187239,zero prediction only matches exactly zero truth,0.05043017223273051,0.018787726286137556,-0.057767140275014325
nonlinear,M1,21,16704,0.5534167527255021,0.5510579540036773,1.0042804911982253,0.43343577792323534,-0.00755517385572804,0.9212848111609193,-0.011677622124951714,-0.0003260572811503462,0.0015456959346845597,0.5042504789272031,zero prediction only matches exactly zero truth,0.08267791764079704,0.03037729479223646,-0.0030970226905448366
nonlinear,M1,63,16512,0.5846519310968876,0.5835399427808811,1.0019055907479226,0.41975716074632585,-0.003284126264054639,1.0205999089356372,-0.011814003701095421,0.013332968453311706,0.018426731345225624,0.5102955426356589,zero prediction only matches exactly zero truth,0.09233548768530238,0.055346326266293044,0.11822098384400712
nonlinear,M1,126,16242,0.6066020841993812,0.6055151117378569,1.0017951202875923,0.40942029966759336,-0.0030395902307206665,1.0977591015981922,-0.01696124496624929,0.015083715098663037,0.021621415219529774,0.5102204162049009,zero prediction only matches exactly zero truth,0.101993033555247,0.09075691267918141,0.1240298579668897
nonlinear,M1,189,15956,0.6546918079549472,0.6515362481977088,1.0048432604724102,0.3828400994443695,-0.007847659039496635,1.3220354915880475,-0.030584193349221023,-0.004793187983807984,0.008767918789282675,0.5032589621459013,zero prediction only matches exactly zero truth,0.12969837714671792,0.12568099294645751,-0.03342385560702559
nonlinear,M2,5,16770,0.5546363340887369,0.547954965619467,1.0121932802665938,0.40755265383562406,-0.020581204972113715,0.9251358620248923,-0.01619320686277037,0.03473860246440652,0.04907754310087307,0.5185450208706023,zero prediction only matches exactly zero truth,0.10193145295156127,0.02135405125184401,0.21386128443192134
nonlinear,M2,21,16704,0.5547791859546832,0.5510579540036773,1.0067528867408038,0.43343577792323534,-0.011919013728136202,0.9246519283206778,-0.015375107463180715,0.04138657872622229,0.0548056800911337,0.5275383141762452,zero prediction only matches exactly zero truth,0.12172845012524762,0.03140532325427106,0.24785782284072022
nonlinear,M2,63,16512,0.5809222305310383,0.5835399427808811,0.9955140821425729,0.41975716074632585,0.007731104210087381,1.0119215157284995,-0.003210319044917087,0.10946010792665802,0.13760857534076118,0.5609859496124031,zero prediction only matches exactly zero truth,0.16356777907689152,0.060579373927499944,0.5097926435409621
nonlinear,M2,126,16242,0.601717027134697,0.6055151117378569,0.9937275147563878,0.40942029966759336,0.010620895435589438,1.092940020326452,-0.01249686030975461,0.1309028494039111,0.17236187676395454,0.5671715305996798,zero prediction only matches exactly zero truth,0.20513408056939064,0.0991611572420585,0.4860759742323357
nonlinear,M2,189,15956,0.6463976572492849,0.6515362481977088,0.9921131157895844,0.3828400994443695,0.012779320567190175,1.3074734686376197,-0.019232462800843342,0.1404506737365043,0.20681631297693187,0.584544998746553,zero prediction only matches exactly zero truth,0.240427091115693,0.12983085075983158,0.4718892265943921
nonlinear,M3,5,16770,0.556750779471806,0.547954965619467,1.0160520743568684,0.40755265383562406,-0.027094516433895387,0.9382409689257865,-0.030588195917405914,0.018377609603190286,0.0339922583217593,0.510494931425164,zero prediction only matches exactly zero truth,0.12255977047424756,0.01982212330349932,0.09616315590332215
nonlinear,M3,21,16704,0.5581206939254967,0.5510579540036773,1.0128166917299815,0.43343577792323534,-0.02262178095715494,0.9383483574270642,-0.03041537586019416,0.023345319481525222,0.038901446260468264,0.5161637931034483,zero prediction only matches exactly zero truth,0.1345654747097655,0.03047069783203491,0.11898400981219232
nonlinear,M3,63,16512,0.5849583352374973,0.5835399427808811,1.0024306690127445,0.41975716074632585,-0.004189054734171073,1.0309867831182247,-0.022111461755528694,0.07942913071041235,0.11516744800578382,0.5500242248062015,zero prediction only matches exactly zero truth,0.17134553075168768,0.058586455717231874,0.3364224294415444
nonlinear,M3,126,16242,0.6052500634723293,0.6055151117378569,0.9995622763818944,0.40942029966759336,0.0007411762000271864,1.1123118271643135,-0.030442852987379476,0.10208677494338697,0.15701285612202082,0.5656323112917129,zero prediction only matches exactly zero truth,0.2075802934499763,0.09821131157360097,0.37070695974488876
nonlinear,M3,189,15956,0.6469194449777351,0.6515362481977088,0.9929139733472315,0.3828400994443695,0.01148167054662642,1.3207218806616334,-0.029560176471015165,0.12383029421666823,0.20406668598146865,0.5806593131110555,zero prediction only matches exactly zero truth,0.23482846126384124,0.1343116592255638,0.4249651880266561
nonlinear,M4,5,16770,0.5571538327527362,0.547954965619467,1.0167876334925987,0.40755265383562406,-0.028336076786038868,0.9358436918642378,-0.027954964664666626,0.02321945447734853,0.036490522125589994,0.5140727489564699,zero prediction only matches exactly zero truth,0.13032551562217795,0.019308442681702693,0.1221756334025788
nonlinear,M4,21,16704,0.5554524952967625,0.5510579540036773,1.0079747352545354,0.43343577792323534,-0.014075606866426688,0.9271303799210828,-0.018096734902680156,0.04755046373034196,0.05570506250950052,0.5252035440613027,zero prediction only matches exactly zero truth,0.14000511309377742,0.028037804220398012,0.25226496290561384
nonlinear,M4,63,16512,0.5820236614744344,0.5835399427808811,0.997401580945392,0.41975716074632585,0.004478157900147752,1.0172632862106399,-0.008506104524678149,0.09837381524154273,0.13331212862744293,0.5569888565891473,zero prediction only matches exactly zero truth,0.17499092057116072,0.05339791531792894,0.4392455626628341
nonlinear,M4,126,16242,0.6022359388019032,0.6055151117378569,0.9945844903415503,0.40942029966759336,0.009169820187523572,1.0971738007897132,-0.016419023783109887,0.11698210824623502,0.1724712407865898,0.5710503632557566,zero prediction only matches exactly zero truth,0.21055781281270378,0.09323005788482593,0.44170952737118596
nonlinear,M4,189,15956,0.6440505748803423,0.6515362481977088,0.9885107339183761,0.3828400994443695,0.018616352214847587,1.296674519735447,-0.010814212221203823,0.14887326408673243,0.22147301825878735,0.5892454249185259,zero prediction only matches exactly zero truth,0.2383922454656016,0.13112398249737667,0.5231542596342577
nonlinear,M5,5,16770,0.5554610264449507,0.547954965619467,1.013698317008585,0.40755265383562406,-0.02312157712794327,0.9307488097236836,-0.022358614081450012,0.033019629681502405,0.04314867228114263,0.5166368515205725,zero prediction only matches exactly zero truth,0.1282923552968453,0.019772735886132094,0.1795999250380121
nonlinear,M5,21,16704,0.5544571347495909,0.5510579540036773,1.006168463264557,0.43343577792323534,-0.010887491698551193,0.923618713690995,-0.014240517912762707,0.05601557750237669,0.06257923320219391,0.5293941570881227,zero prediction only matches exactly zero truth,0.1386802382370863,0.027656497623330042,0.30128956373796206
nonlinear,M5,63,16512,0.58115160797268,0.5835399427808811,0.9959071613901537,0.41975716074632585,0.007053665005346141,1.0129120763585007,-0.004192352364903895,0.10646989176476203,0.1380922747991049,0.556140988372093,zero prediction only matches exactly zero truth,0.17301367444548854,0.05294604659774705,0.48148937461872776
nonlinear,M5,126,16242,0.6017464571602184,0.6055151117378569,0.9937761180446474,0.40942029966759336,0.010538597841831537,1.0950474191017179,-0.014449149185350896,0.12091176568684811,0.17877150970827035,0.5724048762467676,zero prediction only matches exactly zero truth,0.20890316586238614,0.0931528853650035,0.45564299964237537
nonlinear,M5,189,15956,0.6447427791098437,0.6515362481977088,0.989573152519668,0.3828400994443695,0.016894888133439392,1.298046023997961,-0.011883359474096578,0.1496136258234089,0.2260134332645138,0.5910629230383555,zero prediction only matches exactly zero truth,0.23780372210430167,0.1310798144052307,0.5160421952019638
A_label_time,M0,5,16770,0.547954965619467,0.547954965619467,1.0,0.40755265383562406,0.0,0.9107388722218165,-0.00037918014767091,,,0.0,zero prediction only matches exactly zero truth,0.0,0.01857964493353337,
A_label_time,M0,21,16704,0.5510579540036773,0.5510579540036773,1.0,0.43343577792323534,0.0,0.9115717615182144,-0.0010115665826586628,,,0.0,zero prediction only matches exactly zero truth,0.0,0.03035100810528054,
A_label_time,M0,63,16512,0.5835399427808811,0.5835399427808811,1.0,0.41975716074632585,0.0,1.0118861028873254,-0.003175211057647065,,,0.0,zero prediction only matches exactly zero truth,0.0,0.05659313061469013,
A_label_time,M0,126,16242,0.6055151117378569,0.6055151117378569,1.0,0.40942029966759336,0.0,1.0879815998122477,-0.007903392132765585,,,0.0,zero prediction only matches exactly zero truth,0.0,0.09236513876026939,
A_label_time,M0,189,15956,0.6515362481977088,0.6515362481977088,1.0,0.3828400994443695,0.0,1.2984325030887245,-0.012184636742774257,,,0.0,zero prediction only matches exactly zero truth,0.0,0.1250219048982549,
A_label_time,M1,5,16770,0.5527882958501612,0.547954965619467,1.0088206705549791,0.40755265383562406,-0.014888530790265083,0.9279576733905827,-0.0192927575974986,-0.011487018164862266,-0.012855858064588738,0.49749552772808586,zero prediction only matches exactly zero truth,0.09668521141794098,0.021558327325158562,-0.09039958855579491
A_label_time,M1,21,16704,0.5546300177062546,0.5510579540036773,1.0064821924384264,0.43343577792323534,-0.011441231524761057,0.9262745231902869,-0.017156904904614523,-0.0038584246417665384,-0.0023363080740067877,0.5041307471264368,zero prediction only matches exactly zero truth,0.09694330871411085,0.03139331977059804,-0.03035354674877545
A_label_time,M1,63,16512,0.5852038377303814,0.5835399427808811,1.0028513814179898,0.41975716074632585,-0.004914117374817289,1.022270915934808,-0.013470625720400475,0.011117213942903393,0.018628201999640187,0.5098716085271318,zero prediction only matches exactly zero truth,0.09855412600226374,0.055013813501854227,0.09194812683880296
A_label_time,M1,126,16242,0.6079032216543189,0.6055151117378569,1.0039439311590557,0.40942029966759336,-0.006678067595001716,1.1004704167599861,-0.01947300044923228,0.013501289872634962,0.023121590948504866,0.5114517916512745,zero prediction only matches exactly zero truth,0.1017744782960537,0.09293811278566018,0.11463456483610653
A_label_time,M1,189,15956,0.6559208368281507,0.6515362481977088,1.006729615800457,0.3828400994443695,-0.01090416891051795,1.3214338927068694,-0.030115220843094148,0.0019313711730806209,0.018764986172706253,0.5007520681875157,zero prediction only matches exactly zero truth,0.10673037413238934,0.12553003836982424,0.017579953646299884
A_label_time,M2,5,16770,0.55682215202263,0.547954965619467,1.0161823269420298,0.40755265383562406,-0.02731437155858233,0.9321709037625069,-0.02392067902898032,0.011033755552899552,0.007263444292731721,0.4978533094812165,zero prediction only matches exactly zero truth,0.12231851494155206,0.016720745115622992,0.06655661919866518
A_label_time,M2,21,16704,0.5565191207665904,0.5510579540036773,1.0099103310699635,0.43343577792323534,-0.017491981815648015,0.9293572218921633,-0.02054206577415285,-0.003917563033136,0.0007758838835406356,0.5074832375478927,zero prediction only matches exactly zero truth,0.10446255739860347,0.031236566728132506,-0.028091802810572164
A_label_time,M2,63,16512,0.587327707483937,0.5835399427808811,1.0064910118834456,0.41975716074632585,-0.01118671605115286,1.0270223440806239,-0.01818115086686034,0.002135894745108929,0.009158813398394819,0.5070251937984496,zero prediction only matches exactly zero truth,0.10520759787712194,0.05627675046729863,0.01620034998205983
A_label_time,M2,126,16242,0.6110994996611777,0.6055151117378569,1.0092225409656472,0.40942029966759336,-0.015616081894545884,1.1090189076876649,-0.0273923007435668,-0.010783158264770318,-0.0031369062112240583,0.5009851003570989,zero prediction only matches exactly zero truth,0.10869285777789299,0.09249505696814558,-0.08283107200113314
A_label_time,M2,189,15956,0.6595581903277683,0.6515362481977088,1.0123123497000357,0.3828400994443695,-0.019950015691153716,1.3320309233457897,-0.038376067350164744,-0.029199617079290426,-0.018097998384040827,0.4853973426924041,zero prediction only matches exactly zero truth,0.11336134804257353,0.12002163338853679,-0.24067158621909798
A_label_time,M3,5,16770,0.5574528417930232,0.547954965619467,1.0173333152712993,0.40755265383562406,-0.02925714054340647,0.933941917128662,-0.025866006008318232,0.017289362648922918,0.013607329894889957,0.5028026237328563,zero prediction only matches exactly zero truth,0.13197610719700714,0.016316304946534108,0.09660735158626045
A_label_time,M3,21,16704,0.5566607357554575,0.5510579540036773,1.010167318538955,0.43343577792323534,-0.01794557111581508,0.9296436166785824,-0.02085656048089657,0.010151299255425702,0.013404317549852605,0.513948754789272,zero prediction only matches exactly zero truth,0.11636188114663153,0.028543957797895817,0.06553606707763393
A_label_time,M3,63,16512,0.5875047074977636,0.5835399427808811,1.006794333045975,0.41975716074632585,-0.011709464703974742,1.0261479806408664,-0.017314314445531,0.01978020560645648,0.023506838089027496,0.5122335271317829,zero prediction only matches exactly zero truth,0.11626907104830847,0.05441547890498177,0.13492671840380324
A_label_time,M3,126,16242,0.61285755712906,0.6055151117378569,1.012125949045483,0.40942029966759336,-0.020532282160490724,1.1136573199609865,-0.03168931409857012,-0.00804536878079335,0.0008384337883335637,0.5003078438615934,zero prediction only matches exactly zero truth,0.1198817143111942,0.09230293947760433,-0.0551953431384586
A_label_time,M3,189,15956,0.6627893772586673,0.6515362481977088,1.0172716853315331,0.3828400994443695,-0.0279857542850457,1.3429083443470762,-0.04685549034573433,-0.03949772060919202,-0.025840805383470365,0.48671346202055654,zero prediction only matches exactly zero truth,0.125287016133815,0.11839156450570738,-0.2873181503214982
A_label_time,M4,5,16770,0.5581425000365592,0.547954965619467,1.0185919191471788,0.40755265383562406,-0.03138155528511805,0.9352842521477096,-0.027340461581475406,0.02268345224056414,0.01727490620398385,0.5013714967203339,zero prediction only matches exactly zero truth,0.13886861478783277,0.016916735181379518,0.11969570435906986
A_label_time,M4,21,16704,0.5579258724470527,0.5510579540036773,1.0124631509144857,0.43343577792323534,-0.021997772589312986,0.9328154981573842,-0.02433965438764707,0.011998816531815962,0.0137573680187294,0.5097581417624522,zero prediction only matches exactly zero truth,0.12446477295822615,0.02913687765629449,0.07148833835040258
A_label_time,M4,63,16512,0.5889193781806427,0.5835399427808811,1.009218624134152,0.41975716074632585,-0.015887527618624917,1.0305220204683665,-0.021650700047237015,0.0203730105923943,0.026414836927474893,0.5147165697674418,zero prediction only matches exactly zero truth,0.12527059137770327,0.055947907191333475,0.12751045827621582
A_label_time,M4,126,16242,0.6149157314748805,0.6055151117378569,1.0155249960815074,0.40942029966759336,-0.026287723863128304,1.1200309186728552,-0.03759379976532595,-0.006906322361242028,0.0019181506805733687,0.5026474572097033,zero prediction only matches exactly zero truth,0.12974509432945375,0.09182013938405101,-0.043498992638028346
A_label_time,M4,189,15956,0.66499479093552,0.6515362481977088,1.020656629274335,0.3828400994443695,-0.03347046568602056,1.3499325400080366,-0.05233115651751197,-0.033159572422296564,-0.020799439068945134,0.48627475557783906,zero prediction only matches exactly zero truth,0.13636761584292703,0.11731190829490545,-0.22122990509907364
A_label_time,M5,5,16770,0.5589625048777229,0.547954965619467,1.0200884013265794,0.40755265383562406,-0.03390748807743976,0.9376101601474868,-0.029895299207149284,0.019385574003927937,0.015720791348744004,0.5016696481812761,zero prediction only matches exactly zero truth,0.14209583999626638,0.016303327561590187,0.10027821956181703
A_label_time,M5,21,16704,0.5580257874892572,0.5510579540036773,1.012644465858728,0.43343577792323534,-0.022317797993630983,0.9337279702605487,-0.02534165463382676,0.01104379725929043,0.016295320337736972,0.5104765325670498,zero prediction only matches exactly zero truth,0.1271184603044124,0.028724036917279396,0.06476430120145853
A_label_time,M5,63,16512,0.5892925859759517,0.5835399427808811,1.0098581824024868,0.41975716074632585,-0.01698975279930504,1.032293728003037,-0.023407155714484595,0.014625590287801653,0.02181459570771905,0.5130813953488372,zero prediction only matches exactly zero truth,0.12688570561446322,0.05538449832431418,0.09018244132891311
A_label_time,M5,126,16242,0.6151406181957414,0.6055151117378569,1.0158963934529377,0.40942029966759336,-0.026916593042379276,1.1214885412858586,-0.03894413765371407,-0.014463051761692231,-0.004058612952431658,0.5033247137052087,zero prediction only matches exactly zero truth,0.13045310013050293,0.09203876449676755,-0.09010314234202442
A_label_time,M5,189,15956,0.6657575377322453,0.6515362481977088,1.0218273190077691,0.3828400994443695,-0.035367364257006886,1.3529661066057008,-0.05469595368439384,-0.0464241984328023,-0.03345520766492554,0.48401855101529206,zero prediction only matches exactly zero truth,0.1359301205985333,0.11712760726587668,-0.3066458650790234
B_wrong_feature_date,M0,5,16770,0.547954965619467,0.547954965619467,1.0,0.40755265383562406,0.0,0.9107388722218165,-0.00037918014767091,,,0.0,zero prediction only matches exactly zero truth,0.0,0.01857964493353337,
B_wrong_feature_date,M0,21,16704,0.5510579540036773,0.5510579540036773,1.0,0.43343577792323534,0.0,0.9115717615182144,-0.0010115665826586628,,,0.0,zero prediction only matches exactly zero truth,0.0,0.03035100810528054,
B_wrong_feature_date,M0,63,16512,0.5835399427808811,0.5835399427808811,1.0,0.41975716074632585,0.0,1.0118861028873254,-0.003175211057647065,,,0.0,zero prediction only matches exactly zero truth,0.0,0.05659313061469013,
B_wrong_feature_date,M0,126,16242,0.6055151117378569,0.6055151117378569,1.0,0.40942029966759336,0.0,1.0879815998122477,-0.007903392132765585,,,0.0,zero prediction only matches exactly zero truth,0.0,0.09236513876026939,
B_wrong_feature_date,M0,189,15956,0.6515362481977088,0.6515362481977088,1.0,0.3828400994443695,0.0,1.2984325030887245,-0.012184636742774257,,,0.0,zero prediction only matches exactly zero truth,0.0,0.1250219048982549,
B_wrong_feature_date,M1,5,16770,0.5527882958501613,0.547954965619467,1.0088206705549791,0.40755265383562406,-0.014888530790265083,0.9279576733905828,-0.019292757597498822,-0.011487018164862133,-0.012856713934851367,0.49749552772808586,zero prediction only matches exactly zero truth,0.096685211417941,0.02155832732515852,-0.09039958855579373
B_wrong_feature_date,M1,21,16704,0.5546300177062546,0.5510579540036773,1.0064821924384264,0.43343577792323534,-0.011441231524761057,0.9262745231902869,-0.017156904904614523,-0.0038584246417662786,-0.002337402372987317,0.5041307471264368,zero prediction only matches exactly zero truth,0.09694330871411089,0.03139331977059797,-0.03035354674877335
B_wrong_feature_date,M1,63,16512,0.5852038377303814,0.5835399427808811,1.0028513814179898,0.41975716074632585,-0.004914117374817289,1.022270915934808,-0.013470625720400475,0.011117213942903804,0.018626638843498335,0.5098716085271318,zero prediction only matches exactly zero truth,0.09855412600226374,0.05501381350185417,0.09194812683880632
B_wrong_feature_date,M1,126,16242,0.6079032216543188,0.6055151117378569,1.0039439311590554,0.40942029966759336,-0.00667806759500134,1.100470416759986,-0.01947300044923206,0.013501289872635665,0.023121590948504866,0.5114517916512745,zero prediction only matches exactly zero truth,0.10177447829605375,0.09293811278566023,0.11463456483611231
B_wrong_feature_date,M1,189,15956,0.6559208368281507,0.6515362481977088,1.006729615800457,0.3828400994443695,-0.01090416891051795,1.3214338927068692,-0.030115220843093926,0.001931371173081787,0.018764986172706253,0.5007520681875157,zero prediction only matches exactly zero truth,0.10673037413238948,0.12553003836982457,0.017579953646310466
B_wrong_feature_date,M2,5,16770,0.5669406422129325,0.547954965619467,1.0346482426197234,0.40755265383562406,-0.05848324385963271,0.964333400077018,-0.05924879851082543,-0.002699398833395555,-0.003402798261239726,0.49952295766249255,zero prediction only matches exactly zero truth,0.17126878987936087,0.01865885354660395,-0.011227543953993132
B_wrong_feature_date,M2,21,16704,0.5626051627215012,0.5510579540036773,1.020954617629468,0.43343577792323534,-0.03698542338705736,0.9474182345269113,-0.04037515332116892,0.000241527625391695,0.00478214057459973,0.5050287356321839,zero prediction only matches exactly zero truth,0.1430651775542316,0.030317717577145742,0.00120068291709518
B_wrong_feature_date,M2,63,16512,0.5925806902019658,0.5835399427808811,1.0154929367439711,0.41975716074632585,-0.02670078059713516,1.045127280141142,-0.03613022932724297,0.0060408826437865085,0.018260989005465852,0.513687015503876,zero prediction only matches exactly zero truth,0.14520206778284583,0.055757189664291,0.03115569023886907
B_wrong_feature_date,M2,126,16242,0.6144100403409943,0.6055151117378569,1.0146898540279343,0.40942029966759336,-0.024873618276527565,1.1212023705952239,-0.03867902985237848,0.0068422632170613605,0.017529598969577384,0.5087427656692526,zero prediction only matches exactly zero truth,0.1460126465451237,0.09197565432567602,0.03654392331953937
B_wrong_feature_date,M2,189,15956,0.6611985668962032,0.6515362481977088,1.0148300554654057,0.3828400994443695,-0.02402951885249542,1.3372650060169664,-0.04245626255061152,0.006641401605413537,0.019315978154821348,0.5009400852343946,zero prediction only matches exactly zero truth,0.14928326054479082,0.12557239364369388,0.03859033919513867
B_wrong_feature_date,M3,5,16770,0.5733063716851519,0.547954965619467,1.0462654919771097,0.40755265383562406,-0.0780921583608094,0.984094702353986,-0.08095512506989277,-0.003798576553329638,-0.006171325379289291,0.4958258795468098,zero prediction only matches exactly zero truth,0.2016658479078203,0.018755418453187577,-0.013532871279188992
B_wrong_feature_date,M3,21,16704,0.5684541497954478,0.5510579540036773,1.031568722791096,0.43343577792323534,-0.055719584048882304,0.9668445156672454,-0.06170746410356287,0.0012288197623623108,0.006645268538647026,0.5102969348659003,zero prediction only matches exactly zero truth,0.17726389563888695,0.030170459091478613,0.004924072371959187
B_wrong_feature_date,M3,63,16512,0.5966118963505533,0.5835399427808811,1.0224011290596104,0.41975716074632585,-0.03860647222880589,1.059372298143406,-0.05025261810219028,0.01545651501072657,0.02692350488541719,0.5191375968992248,zero prediction only matches exactly zero truth,0.17829743934495526,0.05417648928326096,0.06457772342622338
B_wrong_feature_date,M3,126,16242,0.6156665399013028,0.6055151117378569,1.016764946021431,0.40942029966759336,-0.02838727103555177,1.1256575667162299,-0.04280631222898634,0.032643178883572044,0.041279166481411375,0.5214259327669006,zero prediction only matches exactly zero truth,0.17751101441118558,0.08925836882023801,0.14141175896720298
B_wrong_feature_date,M3,189,15956,0.6605782025212603,0.6515362481977088,1.0138778991169923,0.3828400994443695,-0.02248671552461206,1.3354889169178215,-0.04107172381227553,0.03804418178971161,0.04732675057016952,0.5075833542241163,zero prediction only matches exactly zero truth,0.17887867433204402,0.12542618862646615,0.18035390614634234
B_wrong_feature_date,M4,5,16770,0.5783199495116457,0.547954965619467,1.0554151085351529,0.40755265383562406,-0.09353592162058195,0.9988688891294761,-0.09718347471500777,-0.006042210301129448,-0.0048226996095118765,0.4988670244484198,zero prediction only matches exactly zero truth,0.22173017932295294,0.01836917843281482,-0.01985898189472319
B_wrong_feature_date,M4,21,16704,0.5724855406724397,0.5510579540036773,1.0388844521943321,0.43343577792323534,-0.06863202913131286,0.9790499061833168,-0.07511039911868145,-0.0023154016713388525,0.003959133995591426,0.5064056513409961,zero prediction only matches exactly zero truth,0.19882030547158666,0.03046399545820045,-0.008538578444943276
B_wrong_feature_date,M4,63,16512,0.6012609723860287,0.5835399427808811,1.030368151870971,0.41975716074632585,-0.05233696965572469,1.0751669141593025,-0.0659112650685929,0.0064424502936819925,0.01783009613403513,0.513687015503876,zero prediction only matches exactly zero truth,0.19989158566990625,0.05623616903756025,0.024798231437322113
B_wrong_feature_date,M4,126,16242,0.6217676809857126,0.6055151117378569,1.0268408978286439,0.40942029966759336,-0.045448392170500444,1.1486950010598116,-0.06414813292240518,0.013054797073092433,0.027661714813767294,0.5132372860485162,zero prediction only matches exactly zero truth,0.1998903433795187,0.092388841289272,0.05213382976497831
B_wrong_feature_date,M4,189,15956,0.6674764225599488,0.6515362481977088,1.0244655219204364,0.3828400994443695,-0.03964211203354271,1.3654077641590654,-0.06439476713921222,0.011756080296828269,0.03051970591851748,0.5043870644271747,zero prediction only matches exactly zero truth,0.2013350908574902,0.12627149290541212,0.051362495668510304
B_wrong_feature_date,M5,5,16770,0.5787408565248444,0.547954965619467,1.0561832501519057,0.40755265383562406,-0.09483247838925679,0.9999775990748817,-0.09840131045260025,-0.007778350512951952,-0.006666648764235791,0.49743589743589745,zero prediction only matches exactly zero truth,0.22320693943359884,0.018600161404110787,-0.02546484356904893
B_wrong_feature_date,M5,21,16704,0.5728359830474604,0.5510579540036773,1.0395203968757847,0.43343577792323534,-0.0697544873746546,0.9809493542135785,-0.07719621345462357,-0.005709240133552825,-0.000508895331388942,0.5074233716475096,zero prediction only matches exactly zero truth,0.20064145463990457,0.03086491969044024,-0.02098031090074724
B_wrong_feature_date,M5,63,16512,0.6015173970480612,0.5835399427808811,1.0308075813653952,0.41975716074632585,-0.05309428963401053,1.0759343043754233,-0.06667204915271441,0.0038037611494995843,0.013219009349115884,0.5107800387596899,zero prediction only matches exactly zero truth,0.20134546055210664,0.05621478705510291,0.014617234325395426
B_wrong_feature_date,M5,126,16242,0.622134349654439,0.6055151117378569,1.0274464461652892,0.40942029966759336,-0.04647373783731655,1.150653968006562,-0.06596291492887141,0.005955840940179326,0.01938491223907354,0.5095431597093953,zero prediction only matches exactly zero truth,0.20095767247286492,0.09209702697113534,0.023755145388937592
B_wrong_feature_date,M5,189,15956,0.6677392739064185,0.6515362481977088,1.0248689551096057,0.3828400994443695,-0.040295805166888125,1.3681611156974622,-0.0665411244739893,0.0015197104410764196,0.021894087029791398,0.5028202557031838,zero prediction only matches exactly zero truth,0.20186222935940754,0.12510536646983145,0.006634006719507041
C_asset_label,M0,5,16770,0.547954965619467,0.547954965619467,1.0,0.40755265383562406,0.0,0.9107388722218165,-0.00037918014767091,,,0.0,zero prediction only matches exactly zero truth,0.0,0.01857964493353337,
C_asset_label,M0,21,16704,0.5510579540036773,0.5510579540036773,1.0,0.43343577792323534,0.0,0.9115717615182144,-0.0010115665826586628,,,0.0,zero prediction only matches exactly zero truth,0.0,0.03035100810528054,
C_asset_label,M0,63,16512,0.5835399427808811,0.5835399427808811,1.0,0.41975716074632585,0.0,1.0118861028873254,-0.003175211057647065,,,0.0,zero prediction only matches exactly zero truth,0.0,0.05659313061469013,
C_asset_label,M0,126,16242,0.6055151117378569,0.6055151117378569,1.0,0.40942029966759336,0.0,1.0879815998122477,-0.007903392132765585,,,0.0,zero prediction only matches exactly zero truth,0.0,0.09236513876026939,
C_asset_label,M0,189,15956,0.6515362481977088,0.6515362481977088,1.0,0.3828400994443695,0.0,1.2984325030887245,-0.012184636742774257,,,0.0,zero prediction only matches exactly zero truth,0.0,0.1250219048982549,
C_asset_label,M1,5,16770,0.5762671220600943,0.547954965619467,1.051668765166897,0.40755265383562406,-0.08721241727456633,1.0099957562697868,-0.10940551394814269,-0.000628062661813879,0.005489249404329791,0.49946332737030413,zero prediction only matches exactly zero truth,0.15099112215762056,0.01854651446134323,-0.001914866824558043
C_asset_label,M1,21,16704,0.5790059085207159,0.5510579540036773,1.0507169061148367,0.43343577792323534,-0.08951660577671457,1.0124002866486606,-0.1117329866154031,-0.002419499295042662,0.012366798998203239,0.5037715517241379,zero prediction only matches exactly zero truth,0.1513289393590255,0.030235779882225054,-0.007368392789697348
C_asset_label,M1,63,16512,0.6111654300874665,0.5835399427808811,1.0473412105689546,0.41975716074632585,-0.08158861663824454,1.1136841661447137,-0.10409693861383773,0.0029986712864246185,0.016136121703282706,0.5005450581395349,zero prediction only matches exactly zero truth,0.15304412396640774,0.05690023324874628,0.009570158457206993
C_asset_label,M1,126,16242,0.6343103744397393,0.6055151117378569,1.0475549860667204,0.40942029966759336,-0.08052255443245702,1.1960323854832218,-0.10800136568229868,0.007782308823747933,0.02342932565594611,0.5062184460041866,zero prediction only matches exactly zero truth,0.1562106472039682,0.09372425849597463,0.025505839624525968
C_asset_label,M1,189,15956,0.681905532355956,0.6515362481977088,1.046611810535876,0.3828400994443695,-0.07552631091863099,1.4202118932124983,-0.10711697050827151,0.007183273821402192,0.027570558617084885,0.5122211080471296,zero prediction only matches exactly zero truth,0.16102399047227647,0.12695477547793713,0.025446903965711046
C_asset_label,M2,5,16770,0.5765252249548839,0.547954965619467,1.052139794559792,0.40755265383562406,-0.08800747424620176,1.0107060204976743,-0.11018568658341077,0.003090502842886074,0.015682483779197492,0.5063804412641622,zero prediction only matches exactly zero truth,0.15684418889368773,0.018759382805950034,0.009290309173278423
C_asset_label,M2,21,16704,0.5786981944782753,0.5510579540036773,1.0501585001609715,0.43343577792323534,-0.08853100532383318,1.0122804027056134,-0.11160134013543987,0.00504114437600654,0.03330951610565704,0.5153855363984674,zero prediction only matches exactly zero truth,0.1598472372423638,0.030642715894093873,0.01504566174399191
C_asset_label,M2,63,16512,0.6073111208056196,0.5835399427808811,1.040736162654875,0.41975716074632585,-0.07020536902664941,1.104408578803361,-0.09490120081064624,0.031203282273437587,0.08903603395690171,0.5313711240310077,zero prediction only matches exactly zero truth,0.17089669279428196,0.06019576084619296,0.09563570295436431
C_asset_label,M2,126,16242,0.6272105918730378,0.6055151117378569,1.0358297913868968,0.40942029966759336,-0.06066885022754771,1.1792314279137655,-0.09243700124060594,0.05448311863227507,0.13221560925733236,0.5408200960472849,zero prediction only matches exactly zero truth,0.1868438068510083,0.10244554615525978,0.1670502339147391
C_asset_label,M2,189,15956,0.6705662792004509,0.6515362481977088,1.0292079390139586,0.3828400994443695,-0.047326371962375706,1.3883983379823976,-0.0823169198568321,0.0753997112029932,0.16855848543380125,0.5486337427926798,zero prediction only matches exactly zero truth,0.20235984262065979,0.14538250973082362,0.24464570367777042
C_asset_label,M3,5,16770,0.582520901171106,0.547954965619467,1.063081708754226,0.40755265383562406,-0.10647648126475655,1.028985271278006,-0.13026408936941625,0.004889940778679587,0.018563958644891552,0.5085867620751342,zero prediction only matches exactly zero truth,0.20084531948540024,0.01893691205496769,0.013480622917841687
C_asset_label,M3,21,16704,0.5848804846211821,0.5510579540036773,1.0613774474567863,0.43343577792323534,-0.1083327274563945,1.0321688425953188,-0.13344115485032493,0.004051130864486401,0.029619368196553513,0.5135895593869731,zero prediction only matches exactly zero truth,0.2023021853863547,0.030653459788652464,0.011118581646745812
C_asset_label,M3,63,16512,0.6144249719289416,0.5835399427808811,1.0529270181589914,0.41975716074632585,-0.09121528880402505,1.1302828655789905,-0.12055274699064,0.019880808422797647,0.06159780062345295,0.522468507751938,zero prediction only matches exactly zero truth,0.20739411423271326,0.05917039152764723,0.056413492008209644
C_asset_label,M3,126,16242,0.6361369044190754,0.6055151117378569,1.050571475571159,0.40942029966759336,-0.0856302299972298,1.2085480499894696,-0.11959584550881397,0.03674230260249055,0.08550706742307161,0.5278290850880434,zero prediction only matches exactly zero truth,0.2161665895586648,0.09949838587457636,0.10541646608236081
C_asset_label,M3,189,15956,0.6803299348185826,0.6515362481977088,1.0441935298312617,0.3828400994443695,-0.07160790873074245,1.420593990868648,-0.10741483225801218,0.053810909903736846,0.1085799553394821,0.5350965154173979,zero prediction only matches exactly zero truth,0.22560215322259533,0.13989626231308425,0.1649497797337778
C_asset_label,M4,5,16770,0.6059780889029339,0.547954965619467,1.105890313846999,0.40755265383562406,-0.1787337128481618,1.1078700137102573,-0.21691313485049624,-0.014787143378395992,-0.006016936863200156,0.4988670244484198,zero prediction only matches exactly zero truth,0.2875079040341677,0.018960869510443748,-0.03277801202588491
C_asset_label,M4,21,16704,0.6089781902550925,0.5510579540036773,1.1051073409440864,0.43343577792323534,-0.18551708146838333,1.1150232834249654,-0.22442494473328667,-0.018804037648684588,0.0039628268540112185,0.5048491379310345,zero prediction only matches exactly zero truth,0.29046814155832296,0.030853567608108756,-0.04133476316184638
C_asset_label,M4,63,16512,0.6352050726758279,0.5835399427808811,1.0885374352417672,0.41975716074632585,-0.15258686407168193,1.2067831827544848,-0.19639450586994833,0.0005498490559901652,0.03665806374144632,0.5219234496124031,zero prediction only matches exactly zero truth,0.2934097454140375,0.056600754513686215,0.0012516558913860973
C_asset_label,M4,126,16242,0.6559170557635866,0.6055151117378569,1.0832381274202618,0.40942029966759336,-0.14094308926197666,1.2838922810650044,-0.1893945499094869,0.012847377736148729,0.05499995755121086,0.5225957394409555,zero prediction only matches exactly zero truth,0.29855508772915207,0.09319806023909219,0.02970323338345628
C_asset_label,M4,189,15956,0.6965206973033132,0.6515362481977088,1.0690436629274904,0.3828400994443695,-0.11187321610709032,1.4854616301996209,-0.15798197979659734,0.03484646989684071,0.08604346265763299,0.5329656555527701,zero prediction only matches exactly zero truth,0.3039555460941446,0.12922890306669588,0.08642706851914872
C_asset_label,M5,5,16770,0.6070814779125047,0.547954965619467,1.107903962921834,0.40755265383562406,-0.1821325787353526,1.1110903177005895,-0.22045040021154927,-0.01173758580349158,-0.001993990549288188,0.49946332737030413,zero prediction only matches exactly zero truth,0.29502569550258156,0.019042862484540013,-0.025631819419660896
C_asset_label,M5,21,16704,0.6104897418773886,0.5510579540036773,1.1078503403170452,0.43343577792323534,-0.1903585438588327,1.122130360787845,-0.23222934033346587,-0.021599216834637166,-0.0005014921412428772,0.5052681992337165,zero prediction only matches exactly zero truth,0.2970104549944883,0.03123984880932649,-0.04688972743577293
C_asset_label,M5,63,16512,0.6365462846717236,0.5835399427808811,1.0908358417390227,0.41975716074632585,-0.15654797542328744,1.2100005738893114,-0.19958419986962372,-0.002957988022402811,0.02587441055355616,0.5159278100775194,zero prediction only matches exactly zero truth,0.29650700939454705,0.056631361145970664,-0.006708718589622477
C_asset_label,M5,126,16242,0.6554930551400555,0.6055151117378569,1.0825378961373229,0.40942029966759336,-0.139757421548466,1.2781340116407363,-0.18406010373269877,0.015171885658574368,0.05000110764592445,0.521364363994582,zero prediction only matches exactly zero truth,0.29888728977546253,0.09283721309537252,0.035103320363206465
C_asset_label,M5,189,15956,0.6964144651713179,0.6515362481977088,1.0688806142371234,0.3828400994443695,-0.11160902413638679,1.48039145207866,-0.1540295553252613,0.03411681265182636,0.07905445775866654,0.5280772123339182,zero prediction only matches exactly zero truth,0.30301915709287003,0.12787978556946747,0.08480552771662575
