study,quality,universe,evidence,metric_pointer,evidence_SHA256,primary_result,result_status
V5.1,A,OFFICIAL,backtesting/persistent_direction02/results/baseline_preservation_audit.json,verified_official_reference_score,43f3cc53113debe181e330c934058bcb93481fd7aa4a30bb1e174d1cd630b03c,0.9541,STORED_METRIC
V6-F2,D,DIAGNOSTIC_ONLY,backtesting/alpha_strategy_reset05/results/historical_remote_evidence.json,qualitative / missing metric,83fd2247cfaccd6ec0811368ede789b2550fba05019d8de71f85c855d41c779b,,MISSING_METRIC_OR_QUALITATIVE
V6-FULL,D,DIAGNOSTIC_ONLY,backtesting/alpha_strategy_reset05/results/historical_remote_evidence.json,qualitative / missing metric,83fd2247cfaccd6ec0811368ede789b2550fba05019d8de71f85c855d41c779b,,MISSING_METRIC_OR_QUALITATIVE
V7,D,DIAGNOSTIC_ONLY,backtesting/alpha_strategy_reset05/results/historical_remote_evidence.json,qualitative / missing metric,83fd2247cfaccd6ec0811368ede789b2550fba05019d8de71f85c855d41c779b,,MISSING_METRIC_OR_QUALITATIVE
V8/V8-A,D,DIAGNOSTIC_ONLY,backtesting/alpha_strategy_reset05/results/historical_remote_evidence.json,qualitative / missing metric,83fd2247cfaccd6ec0811368ede789b2550fba05019d8de71f85c855d41c779b,,MISSING_METRIC_OR_QUALITATIVE
V9-A,D,DIAGNOSTIC_ONLY,backtesting/alpha_strategy_reset05/results/historical_remote_evidence.json,qualitative / missing metric,83fd2247cfaccd6ec0811368ede789b2550fba05019d8de71f85c855d41c779b,,MISSING_METRIC_OR_QUALITATIVE
V9-B,D,DIAGNOSTIC_ONLY,backtesting/alpha_strategy_reset05/results/historical_remote_evidence.json,qualitative / missing metric,83fd2247cfaccd6ec0811368ede789b2550fba05019d8de71f85c855d41c779b,,MISSING_METRIC_OR_QUALITATIVE
V10-DATA,D,DIAGNOSTIC_ONLY,backtesting/alpha_strategy_reset05/results/historical_remote_evidence.json,qualitative / missing metric,83fd2247cfaccd6ec0811368ede789b2550fba05019d8de71f85c855d41c779b,,MISSING_METRIC_OR_QUALITATIVE
V10-SHADOW,D,DIAGNOSTIC_ONLY,backtesting/alpha_strategy_reset05/results/historical_remote_evidence.json,qualitative / missing metric,83fd2247cfaccd6ec0811368ede789b2550fba05019d8de71f85c855d41c779b,,MISSING_METRIC_OR_QUALITATIVE
SINGLE-CELL-TAIL,D,DIAGNOSTIC_ONLY,backtesting/alpha_strategy_reset05/results/historical_remote_evidence.json,qualitative / missing metric,83fd2247cfaccd6ec0811368ede789b2550fba05019d8de71f85c855d41c779b,,MISSING_METRIC_OR_QUALITATIVE
V11,C,CARD_PROXY,backtesting/v13_copula/archive/full_eval_final.json,models/V11/versus_v5/geometric_ratio,776666c14ba145e7d0e7ba0456c386131589fcaec480923ec495a6697c62b0cb,1.0730061819667216,STORED_METRIC
V12,C,CARD_PROXY,backtesting/v13_copula/archive/full_eval_final.json,models/V12/versus_v5/geometric_ratio,776666c14ba145e7d0e7ba0456c386131589fcaec480923ec495a6697c62b0cb,0.9327725438887052,STORED_METRIC
V13-A,C,CARD_PROXY,backtesting/v13_copula/archive/full_eval_final.json,models/A/versus_v5/geometric_ratio,776666c14ba145e7d0e7ba0456c386131589fcaec480923ec495a6697c62b0cb,0.892886677201712,STORED_METRIC
V12/V13-R/R2,D,DIAGNOSTIC_ONLY,V13-R2-DATA-FEATURE-PARITY.md,qualitative / missing metric,8c34c31abbbb5d143b7285f7b5782965646b67630eb14824fbd3cfc1723a99db,,MISSING_METRIC_OR_QUALITATIVE
V14-TEMPORAL-JOINT,D,DIAGNOSTIC_ONLY,V13-RECONSTRUCTION-report.md,qualitative / missing metric,fc364917980db182ef59733d0ad36ad1814120447d43d072aaeeb7d8bcc53a5e,,MISSING_METRIC_OR_QUALITATIVE
CEILING-01,C,CARD_PROXY,backtesting/ceiling01/results/oracle_matrix.json,V13_REVISED_PUBLIC_24/LOCATION_ORACLE/Overall/score,bcdc576d836c870e64e4f3cf48420a73f2b66f289c6cfac174133eadbb0cd33b,0.4892090087012897,STORED_METRIC
THESIS-01,B,CANONICAL_MARGINAL_PROXY,backtesting/thesis01/results/crps_summary.json,lag_safe/final/ratio,9617c691b3aa9c9ad86dfb7c9518e6314a1e9ab519a832545146eb44d10959bf,1.0062208500425482,STORED_METRIC
ORIGIN-01,B,CANONICAL_MARGINAL_PROXY,backtesting/origin01/results/final_summary.json,overall/ratio,872aa3d75210767cff5f9ce3b3365e74a7840fa08020b2a406f2069d67ae9798,0.9999438943666943,STORED_METRIC
SURPRISE-01-LOCATION,B,CANONICAL_MARGINAL_PROXY,backtesting/surprise01/results/location_summary.json,ratio,3d98aa5fd0c801df0b522c821a6e53d9aef5bcdbd91e3343ed58bee336e20aeb,1.0028941726493674,STORED_METRIC
SURPRISE-01-SCALE,B,CANONICAL_MARGINAL_PROXY,backtesting/surprise01/results/scale_summary.json,ratio,fd3457821f18802ddbefb2e041695044b299d22aff6577b2fe1b9afe809b3496,1.0016657527703818,STORED_METRIC
LOCATION-01,B,CANONICAL_MARGINAL_PROXY,backtesting/location01/results/crossfit_summary.json,models/ridge/M1/ratio,33961f6763e4046e7260aded6cdd65707d2c93c866fc44e9dd10c67278e96e15,1.0057385846264797,STORED_METRIC
LOCATION-01R,C,CARD_PROXY,backtesting/location01r/results/final_decision.json,qualitative / missing metric,3c791eb0fb5e68671d0a6166b43812a3e3d0c103df6cc0d9846f0c2439681c27,,MISSING_METRIC_OR_QUALITATIVE
EXPECTATION-01,B,CANONICAL_MARGINAL_PROXY,backtesting/expectation01/results/full_ledger_summary.json,models/A1/ratio,a5c4492892e6d02ad6f3bf1aa4017403fa3b7ec699ee4191b97fed65b2184fa1,1.0125180436808925,STORED_METRIC
POSITIONING-01,B,CANONICAL_MARGINAL_PROXY,backtesting/positioning01/results/final_decision.json,qualitative / missing metric,9d0e593041f42dd7bcc697ac80322595161b45e51a05e166fe54b4dae4c398c5,,MISSING_METRIC_OR_QUALITATIVE
CONTEXT-01,B,CARD_PROXY,backtesting/context01/results/final_decision.json,qualitative / missing metric,7b1e05ef7812aa0b595eb96925b4f6228540af591d87ca7b416d35c8332cd146,,MISSING_METRIC_OR_QUALITATIVE
TEXT-ROUTE-AUDIT-02,B,CARD_PROXY,backtesting/text_route_audit02/results/final_decision.json,primary_composite,ba89287dabbcefb4349325fb57645994e9e161b8cd55bdfe1ea28f29352b4504,1.007942072936086,STORED_METRIC
INFO-01,C,DIAGNOSTIC_ONLY,backtesting/info01/results/final_decision.json,qualitative / missing metric,97668d5852eb1be8f76188605d207751b3f70705b778165b8016fb6321aca180,,MISSING_METRIC_OR_QUALITATIVE
LOCATION-02-ECB,B,SOURCE_SPECIFIC_PROXY,backtesting/location02/results/primary_score_summary.json,models/ECB_RIDGE_FULL5/crps_ratio,3ef59104b5a52421b816210fa056e40b751c9a8ecb24e284c976a626a13bfb14,1.562819687489047,STORED_METRIC
LOCATION-03-SLOOS,B,SOURCE_SPECIFIC_PROXY,backtesting/location03/results/primary_score_summary.json,models/SLOOS_FULL5_RELEASE_BALANCED/crps_ratio,0b9913af37a3f38f650934508946a222f6b72685e26b88c34a7160e54a572097,1.1484547012248485,STORED_METRIC
LOCATION-04-SPD,B,SOURCE_SPECIFIC_PROXY,backtesting/location04/results/primary_score_summary.json,models/SPD_FULL5_RELEASE_BALANCED/crps_ratio,d2fa010c3537448e34d06b4f27e989b23984ab89ef0f11c12bca96fffb4ee7fd,1.420833121052091,STORED_METRIC
INFORMATION-FAILURE-01,C,DIAGNOSTIC_ONLY,backtesting/information_failure01/results/final_decision.json,qualitative / missing metric,20d5eac9962b6bbef32541b004d55fbe33bd352dffa6963d0a7c233f24ddf53e,,MISSING_METRIC_OR_QUALITATIVE
DIRECTION-TO-LOCATION-01,B,SOURCE_SPECIFIC_PROXY,backtesting/direction_to_location01/results/primary_summary.json,models/DTL_PRIMARY_010/crps_ratio,ba0dbc1493868513314a36e4d92d22008192a12db0d8af48a005d4b4e6e5fd9f,0.9753436089359536,STORED_METRIC
NEW-INFORMATION-SEARCH-02,C,DIAGNOSTIC_ONLY,backtesting/new_information_search02/results/final_decision.json,qualitative / missing metric,6e24f3c5843fe2d3c1455a6f6f5996236597acbd84ec746984584d8ff22839e4,,MISSING_METRIC_OR_QUALITATIVE
PERSISTENT-DIRECTION-02,B,SOURCE_SPECIFIC_PROXY,backtesting/persistent_direction02/results/final_decision.json,primary_ratio,54964706373e830a5cbc50a55b695d974e4f7581b0e2debe8d6f48a6205f52b4,1.0033428831669795,STORED_METRIC
PRICE-STATE-03,B,SOURCE_SPECIFIC_PROXY,backtesting/price_state_information03/results/price_full_summary.json,PRICE_FULL/CRPS_ratio,459a4bd905bbf32f77685fce49546dcab378131753db7f9342ff669abc699c6f,0.9931832249597576,STORED_METRIC
V51-CENTER-BIAS-04,B,CANONICAL_MARGINAL_PROXY,backtesting/v51_center_bias04/results/global_sign005_summary.json,ratio,9655a8b6b46d44f1c8889206e694e6d48d34c606c5c60aaeca0825df5379323d,0.9977995994250116,STORED_METRIC
CONTEXT-R2-SECONDARY,C,CARD_PROXY,backtesting/context01/results/routed_summary.json,models/R2/geometric_composite_ratio,2e235cc25db4730eb11e9296d820f4549d15fb6bf2fe57e68ad0cab74ced80a9,0.980114855004062,STORED_METRIC
TEXT-T0_RIDGE-SECONDARY,C,CARD_PROXY,backtesting/text_route_audit02/results/router_score_summary.json,models/T0_RIDGE/composite,a81ebf72d7a402cc43ae684d991b1aa430a9a18a076db5587ea377a137bdb73f,0.9575201920828957,STORED_METRIC
PRICE-MAJORITY-CONTROL,C,SOURCE_SPECIFIC_PROXY,backtesting/price_state_information03/results/constant_shift_summary.json,qualitative / missing metric,252bfb730d7fbf10a170e537d98238cb0244182584fbd594b90c54e49b4b6e42,,MISSING_METRIC_OR_QUALITATIVE
PRICE03-CANONICAL-EXTENSION,D,DIAGNOSTIC_ONLY,backtesting/price_state_information03/results/broader_transfer_readiness.json,qualitative / missing metric,09195dbeb4f2a4da39e90dca9cf488536edcc4955303173c081c726c8902951d,,MISSING_METRIC_OR_QUALITATIVE
