component,failure_saturation,status,learnability,evidence,independent_validation,operational_cost,independent_OOS_replications,failure_saturation_scope,oracle_ratio,oracle_universe,mathematical_headroom,learnable_headroom_estimate,effective_information_evidence,distinct_hypothesis_families_tested,hypothesis_count_scope
LOCATION,4,EXHAUSTED,"Large oracle, no independently validated mapping; repeated primary failures",backtesting/location01/results/crossfit_summary.json,None; exposed only,multi-day,0,"Current related hypothesis space, not every possible source/model",0.4892090087012897,CARD_PROXY: CEILING reconstructed24,0.5107909912987103,NOT_ESTABLISHED; no official score projection,Whole origin/year/asset or release blocks; no independent-cell sample claim,11,"Cross-market tension, shock propagation, release innovation, structured internal residual, true expectations, flow/liquidity, card semantics, survey-state mapping, SEP directional policy state, price state, historical residual bias. ECB/SLOOS/SPD share mapping family; DTL is an amplitude continuation."
SCALE,2,DEPRIORITIZE,SURPRISE scale1.001666; structured CEILING1.341872; early V8/V9 numerical records missing,backtesting/surprise01/results/scale_summary.json,None; exposed only,>8hours,0,"Current related hypothesis space, not every possible source/model",0.9686022840014611,CARD_PROXY: CEILING reconstructed24,0.03139771599853891,NOT_ESTABLISHED; no official score projection,Whole origin/year/asset or release blocks; no independent-cell sample claim,,
TAIL,2,DEPRIORITIZE,CEILING single0.6654 vs multi1.5845; reported official non-improvement not independently receipted here,backtesting/ceiling01/results/oracle_matrix.json,No clean set,>8hours,0,"Current related hypothesis space, not every possible source/model",0.9903435867058091,CARD_PROXY: CEILING reconstructed24,0.009656413294190869,NOT_ESTABLISHED; no official score projection,Whole origin/year/asset or release blocks; no independent-cell sample claim,,
JOINT,3,DEPRIORITIZE,V11/V12 post-fit fail; V13 mixed reused cases and reconstruction parity gap,backtesting/v13_copula/archive/full_eval_final.json,No clean vintages/independent set,multi-day,0,"Current related hypothesis space, not every possible source/model",0.9024354643379996,CARD_PROXY: CEILING reconstructed24,0.0975645356620004,NOT_ESTABLISHED; no official score projection,Whole origin/year/asset or release blocks; no independent-cell sample claim,,
TEXT_ROUTING,2,WATCH,"ST0_LOG1.007942 fails; T0_RIDGE0.957520 secondary exposed lead, no clean validation",backtesting/text_route_audit02/results/router_score_summary.json,NOT_AVAILABLE now,>8hours,0,"Current related hypothesis space, not every possible source/model",,Source-specific or diagnostic; no cross-universe pooled oracle,,NOT_ESTABLISHED; no official score projection,Whole origin/year/asset or release blocks; no independent-cell sample claim,,
EXTERNAL_INFORMATION,4,EXHAUSTED,ECB/SLOOS/SPD/SEP fail primary; source gate failures are not absence-of-information proofs,backtesting/information_failure01/results/cross_source_failure_matrix.csv,No independent source evaluation,multi-day,0,"Current related hypothesis space, not every possible source/model",,Source-specific or diagnostic; no cross-universe pooled oracle,,NOT_ESTABLISHED; no official score projection,Whole origin/year/asset or release blocks; no independent-cell sample claim,,
PRICE_STATE,2,DEPRIORITIZE,Price0.993183 loses majority0.989829; PIT-C and canonical transfer unestablished,backtesting/price_state_information03/results/final_decision.json,PIT/prospective unavailable,>8hours,0,"Current related hypothesis space, not every possible source/model",,Source-specific or diagnostic; no cross-universe pooled oracle,,NOT_ESTABLISHED; no official score projection,Whole origin/year/asset or release blocks; no independent-cell sample claim,,
CENTER_BIAS,1,DEPRIORITIZE,Global0.997800; matched nullp1; year/asset CIs span1; tiny oracle capture,backtesting/v51_center_bias04/results/final_decision.json,Exposed canonical only,3–8hours,0,"Current related hypothesis space, not every possible source/model",,Source-specific or diagnostic; no cross-universe pooled oracle,,NOT_ESTABLISHED; no official score projection,Whole origin/year/asset or release blocks; no independent-cell sample claim,,
OTHER,1,WATCH,Original positioning and licensed high-frequency contracts not tested; data/license gates remain,backtesting/new_information_search02/results/source_scorecard.csv,"AVAILABLE_WITH_ACQUISITION, unverified rights",multi-day,0,"Current related hypothesis space, not every possible source/model",,Source-specific or diagnostic; no cross-universe pooled oracle,,NOT_ESTABLISHED; no official score projection,Whole origin/year/asset or release blocks; no independent-cell sample claim,,
