axis,THEORETICAL_HEADROOM,EMPIRICAL_SIGNAL,REPLICATION_STABILITY,NEW_INFORMATION_NOVELTY,VALIDATION_FEASIBILITY,TIME_TO_RESULT,IMPLEMENTATION_RISK,SUBMISSION_RELEVANCE,priority,validation,genuinely_novel,eliminated,operationally_feasible,low_submission_downside,expected_score_impact,expected_implementation_time,expected_evaluation_time,operational_failure_probability_estimate,probability_is_subjective,endangers_submission_preparation,WHAT_IS_NEW,evidence,DEADLINE_STATUS,THEORETICAL_HEADROOM_evidence,EMPIRICAL_SIGNAL_evidence,REPLICATION_STABILITY_evidence,NEW_INFORMATION_NOVELTY_evidence,VALIDATION_FEASIBILITY_evidence,TIME_TO_RESULT_evidence,IMPLEMENTATION_RISK_evidence,SUBMISSION_RELEVANCE_evidence
SUBMISSION_HARDENING,0,0,5,3,5,4,5,5,49.0,AVAILABLE_NOW,True,False,True,True,NEGLIGIBLE,1–3hours,No model; check/runtime1–3hours,0.1,True,False,Recover exact verified V51 executable/descriptor/digest and close concrete delivery reproducibility gaps without changing forecasts,backtesting/persistent_direction02/results/baseline_preservation_audit.json,UNVERIFIED,0: Hardening changes no forecast and promises no mathematical loss reduction; protects delivery.,0: No new predictive improvement is claimed; operational value is preservation of the already verified0.9541 reference (baseline_preservation_audit.json).,"5: Existing source hashes, same-seed tests, parent31/58/841/250 test suites and verified recovery reproduce operational integrity; not predictive alpha replication.",The WHAT_IS_NEW sentence specifies the only distinct mechanism or marks redundancy. Axis-specific evidence: Recover exact verified V51 executable/descriptor/digest and close concrete delivery reproducibility gaps without changing forecasts; see backtesting/persistent_direction02/results/baseline_preservation_audit.json.,5: AVAILABLE_NOW; Recover exact verified V51 executable/descriptor/digest and close concrete delivery reproducibility gaps without changing forecasts. No untouched set is synthesized. Evidence: backtesting/persistent_direction02/results/baseline_preservation_audit.json.,4: estimated 1–3hours; parent final test times47.52s/1.47s and documented multi-stage recovery/acquisition logs distinguish cheap arithmetic from the unresolved implementation/data workload.,"5: subjective failure estimate10%, driven by Recover exact verified V51 executable/descriptor/digest and close concrete delivery reproducibility gaps without changing forecasts; five denotes lower risk, never a statistical error probability. Evidence: backtesting/persistent_direction02/results/baseline_preservation_audit.json.",Official baseline0.9541 is the delivery reference; proxy improvement is not an official score forecast. Axis-specific evidence: Recover exact verified V51 executable/descriptor/digest and close concrete delivery reproducibility gaps without changing forecasts; see backtesting/persistent_direction02/results/baseline_preservation_audit.json.
CARD_CONDITIONAL_ERROR_STRUCTURE,3,2,1,2,1,2,2,3,40.0,EXPOSED_ONLY,True,False,False,False,UNKNOWN,>8hours,>8hours,0.3,True,True,Potential new mechanism is prospectively identifying card-level marginal–joint safety interactions; exposed24-card map already exists and cannot validate new rules,backtesting/text_route_audit02/results/multi_safety_summary.json,UNVERIFIED,"3: Joint/marginal card interactions have material mathematical component floors, but no quantified learnable new conditional mechanism.","2: R2 single0.943992 versus multi1.024592 and transfer safety give mixed exposed structural evidence, not a validated predictive model.",All historical research is exposed; reusing cells is not independent replication. Axis-specific evidence: Potential new mechanism is prospectively identifying card-level marginal–joint safety interactions; exposed24-card map already exists and cannot validate new rules; see backtesting/text_route_audit02/results/multi_safety_summary.json.,The WHAT_IS_NEW sentence specifies the only distinct mechanism or marks redundancy. Axis-specific evidence: Potential new mechanism is prospectively identifying card-level marginal–joint safety interactions; exposed24-card map already exists and cannot validate new rules; see backtesting/text_route_audit02/results/multi_safety_summary.json.,1: EXPOSED_ONLY; Potential new mechanism is prospectively identifying card-level marginal–joint safety interactions; exposed24-card map already exists and cannot validate new rules. No untouched set is synthesized. Evidence: backtesting/text_route_audit02/results/multi_safety_summary.json.,2: estimated >8hours; parent final test times47.52s/1.47s and documented multi-stage recovery/acquisition logs distinguish cheap arithmetic from the unresolved implementation/data workload.,"2: subjective failure estimate30%, driven by Potential new mechanism is prospectively identifying card-level marginal–joint safety interactions; exposed24-card map already exists and cannot validate new rules; five denotes lower risk, never a statistical error probability. Evidence: backtesting/text_route_audit02/results/multi_safety_summary.json.",Official baseline0.9541 is the delivery reference; proxy improvement is not an official score forecast. Axis-specific evidence: Potential new mechanism is prospectively identifying card-level marginal–joint safety interactions; exposed24-card map already exists and cannot validate new rules; see backtesting/text_route_audit02/results/multi_safety_summary.json.
LOCATION_INFORMATION_CONTINUE,5,1,1,1,1,1,2,3,39.0,EXPOSED_ONLY,False,True,True,False,UNKNOWN,multi-day,multi-day,0.35,True,True,No concrete new observable information beyond exhausted survey/price/bias mappings,backtesting/location01/results/crossfit_summary.json,UNVERIFIED,"5: CEILING location0.489209 and canonical perfect0.310345 imply over40% mathematical headroom, not learnability.","1: THESIS1.006221, LOCATION M1 1.005739, ECB1.562820, SLOOS1.148455, SPD1.420833 and SEP1.003343 fail primary tests; bias gain is tiny.",All historical research is exposed; reusing cells is not independent replication. Axis-specific evidence: No concrete new observable information beyond exhausted survey/price/bias mappings; see backtesting/location01/results/crossfit_summary.json.,The WHAT_IS_NEW sentence specifies the only distinct mechanism or marks redundancy. Axis-specific evidence: No concrete new observable information beyond exhausted survey/price/bias mappings; see backtesting/location01/results/crossfit_summary.json.,1: EXPOSED_ONLY; No concrete new observable information beyond exhausted survey/price/bias mappings. No untouched set is synthesized. Evidence: backtesting/location01/results/crossfit_summary.json.,1: estimated multi-day; parent final test times47.52s/1.47s and documented multi-stage recovery/acquisition logs distinguish cheap arithmetic from the unresolved implementation/data workload.,"2: subjective failure estimate35%, driven by No concrete new observable information beyond exhausted survey/price/bias mappings; five denotes lower risk, never a statistical error probability. Evidence: backtesting/location01/results/crossfit_summary.json.",Official baseline0.9541 is the delivery reference; proxy improvement is not an official score forecast. Axis-specific evidence: No concrete new observable information beyond exhausted survey/price/bias mappings; see backtesting/location01/results/crossfit_summary.json.
TEXT_ROUTING_VALIDATION,2,3,1,2,0,2,3,2,39.0,NOT_AVAILABLE,True,False,False,False,UNKNOWN,>8hours,>8hours,0.3,True,True,What is new would be untouched cards validating frozen T0_RIDGE; no such universe is present,backtesting/text_route_audit02/results/router_score_summary.json,UNVERIFIED,"2: Frozen two-expert routing oracle0.953566 offers4.64% on only24 exposed cards, with61.05% of oracle log gain from one card.",3: Frozen secondary T0_RIDGE0.957520 is promising but primary ST0_LOG1.007942 fails; it is not independent validation.,All historical research is exposed; reusing cells is not independent replication. Axis-specific evidence: What is new would be untouched cards validating frozen T0_RIDGE; no such universe is present; see backtesting/text_route_audit02/results/router_score_summary.json.,The WHAT_IS_NEW sentence specifies the only distinct mechanism or marks redundancy. Axis-specific evidence: What is new would be untouched cards validating frozen T0_RIDGE; no such universe is present; see backtesting/text_route_audit02/results/router_score_summary.json.,0: NOT_AVAILABLE; What is new would be untouched cards validating frozen T0_RIDGE; no such universe is present. No untouched set is synthesized. Evidence: backtesting/text_route_audit02/results/router_score_summary.json.,2: estimated >8hours; parent final test times47.52s/1.47s and documented multi-stage recovery/acquisition logs distinguish cheap arithmetic from the unresolved implementation/data workload.,"3: subjective failure estimate30%, driven by What is new would be untouched cards validating frozen T0_RIDGE; no such universe is present; five denotes lower risk, never a statistical error probability. Evidence: backtesting/text_route_audit02/results/router_score_summary.json.",Official baseline0.9541 is the delivery reference; proxy improvement is not an official score forecast. Axis-specific evidence: What is new would be untouched cards validating frozen T0_RIDGE; no such universe is present; see backtesting/text_route_audit02/results/router_score_summary.json.
SCORE_GEOMETRY_REASSESSMENT,3,1,2,0,1,4,4,2,39.0,EXPOSED_ONLY,False,True,True,True,NEGLIGIBLE,1–3hours,1–3hours,0.1,True,False,CEILING already maps component/single/multi/family/horizon composition; repeated broad audit is redundant,backtesting/ceiling01/results/component_bounds.json,UNVERIFIED,3: Component zero bounds include15.08% joint reduction but this audit creates no predictive recovery; CEILING already resolves broad composition.,"1: Truth-informed component maps establish diagnosis only, so oracle-alone evidence cannot exceed1.",All historical research is exposed; reusing cells is not independent replication. Axis-specific evidence: CEILING already maps component/single/multi/family/horizon composition; repeated broad audit is redundant; see backtesting/ceiling01/results/component_bounds.json.,The WHAT_IS_NEW sentence specifies the only distinct mechanism or marks redundancy. Axis-specific evidence: CEILING already maps component/single/multi/family/horizon composition; repeated broad audit is redundant; see backtesting/ceiling01/results/component_bounds.json.,1: EXPOSED_ONLY; CEILING already maps component/single/multi/family/horizon composition; repeated broad audit is redundant. No untouched set is synthesized. Evidence: backtesting/ceiling01/results/component_bounds.json.,4: estimated 1–3hours; parent final test times47.52s/1.47s and documented multi-stage recovery/acquisition logs distinguish cheap arithmetic from the unresolved implementation/data workload.,"4: subjective failure estimate10%, driven by CEILING already maps component/single/multi/family/horizon composition; repeated broad audit is redundant; five denotes lower risk, never a statistical error probability. Evidence: backtesting/ceiling01/results/component_bounds.json.",Official baseline0.9541 is the delivery reference; proxy improvement is not an official score forecast. Axis-specific evidence: CEILING already maps component/single/multi/family/horizon composition; repeated broad audit is redundant; see backtesting/ceiling01/results/component_bounds.json.
NEW_HIGH_FREQUENCY_INFORMATION,5,0,0,5,2,0,0,2,36.0,AVAILABLE_WITH_ACQUISITION,True,False,False,False,UNKNOWN,multi-day,multi-day,0.6,True,True,Genuinely distinct daily traded policy-contract path/timing data; original historical/offline rights and clean evaluation not acquired,backtesting/new_information_search02/results/source_scorecard.csv,UNVERIFIED,5: The source would target existing location headroom over40%; no actual source gain is observed.,0: NEWINFO02 source_scorecard shows no acquired licensed policy-contract experiment; no empirical alpha evidence exists.,All historical research is exposed; reusing cells is not independent replication. Axis-specific evidence: Genuinely distinct daily traded policy-contract path/timing data; original historical/offline rights and clean evaluation not acquired; see backtesting/new_information_search02/results/source_scorecard.csv.,The WHAT_IS_NEW sentence specifies the only distinct mechanism or marks redundancy. Axis-specific evidence: Genuinely distinct daily traded policy-contract path/timing data; original historical/offline rights and clean evaluation not acquired; see backtesting/new_information_search02/results/source_scorecard.csv.,2: AVAILABLE_WITH_ACQUISITION; Genuinely distinct daily traded policy-contract path/timing data; original historical/offline rights and clean evaluation not acquired. No untouched set is synthesized. Evidence: backtesting/new_information_search02/results/source_scorecard.csv.,0: estimated multi-day; parent final test times47.52s/1.47s and documented multi-stage recovery/acquisition logs distinguish cheap arithmetic from the unresolved implementation/data workload.,"0: subjective failure estimate60%, driven by Genuinely distinct daily traded policy-contract path/timing data; original historical/offline rights and clean evaluation not acquired; five denotes lower risk, never a statistical error probability. Evidence: backtesting/new_information_search02/results/source_scorecard.csv.",Official baseline0.9541 is the delivery reference; proxy improvement is not an official score forecast. Axis-specific evidence: Genuinely distinct daily traded policy-contract path/timing data; original historical/offline rights and clean evaluation not acquired; see backtesting/new_information_search02/results/source_scorecard.csv.
JOINT_DEPENDENCE_REOPEN,3,2,1,1,1,1,0,3,34.0,EXPOSED_ONLY,False,True,True,False,UNKNOWN,multi-day,multi-day,0.55,True,True,Random copula variant is redundant; original bank/parity and independent validation unresolved,backtesting/v13_copula/archive/full_eval_final.json,UNVERIFIED,3: CEILING joint zero floor0.849187 provides15.08% mathematical ceiling; actual truth-informed rank oracle0.902435 is smaller.,"2: Archived V13-B post-fit0.925339 is a weak reused-case lead, while V11/V12 post-fit1.308229/1.077213 and parity deficits prevent robust replication.",All historical research is exposed; reusing cells is not independent replication. Axis-specific evidence: Random copula variant is redundant; original bank/parity and independent validation unresolved; see backtesting/v13_copula/archive/full_eval_final.json.,The WHAT_IS_NEW sentence specifies the only distinct mechanism or marks redundancy. Axis-specific evidence: Random copula variant is redundant; original bank/parity and independent validation unresolved; see backtesting/v13_copula/archive/full_eval_final.json.,1: EXPOSED_ONLY; Random copula variant is redundant; original bank/parity and independent validation unresolved. No untouched set is synthesized. Evidence: backtesting/v13_copula/archive/full_eval_final.json.,1: estimated multi-day; parent final test times47.52s/1.47s and documented multi-stage recovery/acquisition logs distinguish cheap arithmetic from the unresolved implementation/data workload.,"0: subjective failure estimate55%, driven by Random copula variant is redundant; original bank/parity and independent validation unresolved; five denotes lower risk, never a statistical error probability. Evidence: backtesting/v13_copula/archive/full_eval_final.json.",Official baseline0.9541 is the delivery reference; proxy improvement is not an official score forecast. Axis-specific evidence: Random copula variant is redundant; original bank/parity and independent validation unresolved; see backtesting/v13_copula/archive/full_eval_final.json.
MARGINAL_SCALE_REOPEN,2,1,1,1,1,2,2,3,29.0,EXPOSED_ONLY,False,True,True,False,UNKNOWN,>8hours,>8hours,0.3,True,True,Another multiplier duplicates V8/V9/SURPRISE; a distinct PIT scale-error mechanism is not identified,backtesting/surprise01/results/scale_summary.json,UNVERIFIED,2: CEILING unconstrained full-card scale0.968602 gives3.14% improvement while bounded1.196772 degrades; fragile headroom.,1: SURPRISE scale1.001666 and CEILING structured-scale1.341872 fail; original V8/V9 numeric metrics are missing rather than invented.,All historical research is exposed; reusing cells is not independent replication. Axis-specific evidence: Another multiplier duplicates V8/V9/SURPRISE; a distinct PIT scale-error mechanism is not identified; see backtesting/surprise01/results/scale_summary.json.,The WHAT_IS_NEW sentence specifies the only distinct mechanism or marks redundancy. Axis-specific evidence: Another multiplier duplicates V8/V9/SURPRISE; a distinct PIT scale-error mechanism is not identified; see backtesting/surprise01/results/scale_summary.json.,1: EXPOSED_ONLY; Another multiplier duplicates V8/V9/SURPRISE; a distinct PIT scale-error mechanism is not identified. No untouched set is synthesized. Evidence: backtesting/surprise01/results/scale_summary.json.,2: estimated >8hours; parent final test times47.52s/1.47s and documented multi-stage recovery/acquisition logs distinguish cheap arithmetic from the unresolved implementation/data workload.,"2: subjective failure estimate30%, driven by Another multiplier duplicates V8/V9/SURPRISE; a distinct PIT scale-error mechanism is not identified; five denotes lower risk, never a statistical error probability. Evidence: backtesting/surprise01/results/scale_summary.json.",Official baseline0.9541 is the delivery reference; proxy improvement is not an official score forecast. Axis-specific evidence: Another multiplier duplicates V8/V9/SURPRISE; a distinct PIT scale-error mechanism is not identified; see backtesting/surprise01/results/scale_summary.json.
TAIL_REOPEN,2,1,1,0,1,2,2,4,28.0,EXPOSED_ONLY,False,True,True,False,UNKNOWN,>8hours,>8hours,0.3,True,True,Repeat single-tail calibration has no new validation and multi-card damage,backtesting/ceiling01/results/oracle_matrix.json,UNVERIFIED,"2: CEILING tail0.990344 aggregate is fragile, with single0.665412 but multi1.584457; mathematical floor is not a feasible mapping.",1: Tail warp's full multi-card penalty contradicts the single-card lead; reported official non-improvement has no recovered numeric receipt here.,All historical research is exposed; reusing cells is not independent replication. Axis-specific evidence: Repeat single-tail calibration has no new validation and multi-card damage; see backtesting/ceiling01/results/oracle_matrix.json.,The WHAT_IS_NEW sentence specifies the only distinct mechanism or marks redundancy. Axis-specific evidence: Repeat single-tail calibration has no new validation and multi-card damage; see backtesting/ceiling01/results/oracle_matrix.json.,1: EXPOSED_ONLY; Repeat single-tail calibration has no new validation and multi-card damage. No untouched set is synthesized. Evidence: backtesting/ceiling01/results/oracle_matrix.json.,2: estimated >8hours; parent final test times47.52s/1.47s and documented multi-stage recovery/acquisition logs distinguish cheap arithmetic from the unresolved implementation/data workload.,"2: subjective failure estimate30%, driven by Repeat single-tail calibration has no new validation and multi-card damage; five denotes lower risk, never a statistical error probability. Evidence: backtesting/ceiling01/results/oracle_matrix.json.",Official baseline0.9541 is the delivery reference; proxy improvement is not an official score forecast. Axis-specific evidence: Repeat single-tail calibration has no new validation and multi-card damage; see backtesting/ceiling01/results/oracle_matrix.json.
