horizon,head,cells,events,release_date_clusters,v51,candidate,ratio,active_cells,active_events,sign_accuracy,pearson_ic,spearman_ic,ic_target,mean_abs_location_shift_over_v51_sd,mean_scale_multiplier
5,location,12288,382,322,0.569717430900469,0.5724182659296546,1.0047406571796773,10664,366,0.48199549887471865,-0.022683953842149957,-0.014548448812721574,normalized future movement,0.03316522594511035,1.0
5,scale,12288,382,322,0.569717430900469,0.5708036225970615,1.0019065446090982,10664,366,,0.05268109317557495,0.08299139768940275,future log path scale / V5.1 SD,0.0,0.917376186666643
5,combined,12288,382,322,0.569717430900469,0.5737925164524772,1.0071528188027656,10664,366,0.48199549887471865,-0.022683953842149957,-0.014548448812721574,normalized future movement,0.03316522594511035,0.917376186666643
21,location,12168,380,320,0.5756220080204495,0.5777247743357603,1.0036530332162632,10570,364,0.502081362346263,-0.009413257483802309,0.0011672958044678843,normalized future movement,0.036734499549474386,1.0
21,scale,12168,380,320,0.5756220080204495,0.575796493305753,1.0003031247639462,10570,364,,0.057468708504192584,0.08643650703186764,future log path scale / V5.1 SD,0.0,0.9420368010416863
21,combined,12168,380,320,0.5756220080204495,0.5781130770787287,1.0043276126061371,10570,364,0.502081362346263,-0.009413257483802309,0.0011672958044678843,normalized future movement,0.036734499549474386,0.9420368010416863
63,location,11924,372,314,0.6065735499727384,0.6081877198827785,1.0026611280859719,10396,360,0.497787610619469,-0.02881559145083175,-0.003194128123974993,normalized future movement,0.02275649439181088,1.0
63,scale,11924,372,314,0.6065735499727384,0.6071081459579039,1.0008813374490027,10396,360,,0.050015032195496044,0.05487575493168491,future log path scale / V5.1 SD,0.0,0.9498703110117371
63,combined,11924,372,314,0.6065735499727384,0.6088818397189348,1.0038054573040651,10396,360,0.497787610619469,-0.02881559145083175,-0.003194128123974993,normalized future movement,0.02275649439181088,0.9498703110117371
126,location,11528,360,304,0.6302360951067798,0.6315287903556054,1.0020511285514464,10030,348,0.5031904287138584,-0.013300012523414112,0.004817998735676139,normalized future movement,0.022984609435269993,1.0
126,scale,11528,360,304,0.6302360951067798,0.6311424424273125,1.001438107603753,10030,348,,0.04197396943143023,0.02577511162529355,future log path scale / V5.1 SD,0.0,0.9539579476540392
126,combined,11528,360,304,0.6302360951067798,0.632606911322928,1.003761790596501,10030,348,0.5031904287138584,-0.013300012523414112,0.004817998735676139,normalized future movement,0.022984609435269993,0.9539579476540392
189,location,11144,348,294,0.6921664107030577,0.6932336163668038,1.0015418339394164,9710,337,0.5014418125643666,-0.01728939664511708,-0.009864275475029228,normalized future movement,0.021500325426493445,1.0
189,scale,11144,348,294,0.6921664107030577,0.6946820770897958,1.003634482037611,9710,337,,0.027130258391958473,-0.010334538244921542,future log path scale / V5.1 SD,0.0,0.9574434572331525
189,combined,11144,348,294,0.6921664107030577,0.6958003157531102,1.0052500453559445,9710,337,0.5014418125643666,-0.01728939664511708,-0.009864275475029228,normalized future movement,0.021500325426493445,0.9574434572331525
