asset,horizon,cells,origins,assets,years,positive_fraction,negative_fraction,zero_fraction,mean_raw_error,median_raw_error,mean_standardized_error,median_standardized_error
AUD,5,1228,1228,1,24,0.503257328990228,0.496742671009772,0.0,-0.0005656789881141085,9.458414008534088e-05,-0.04590007926695113,0.006296007478252613
AUD,21,1225,1225,1,24,0.5061224489795918,0.49387755102040815,0.0,-0.0006017718494713376,0.0002761023102570981,-0.029443442093357357,0.013609944821890985
AUD,63,1216,1216,1,24,0.5016447368421053,0.49835526315789475,0.0,-0.00012689265829547348,0.0003604119032855069,-0.01839351116534515,0.008964118020930136
AUD,126,1204,1204,1,24,0.5166112956810631,0.4833887043189369,0.0,0.0012096167756887814,0.0016804038816673472,-0.0002506512500889206,0.030084644907600065
AUD,189,1191,1191,1,24,0.5155331654072208,0.48446683459277917,0.0,0.002335905475590383,0.003809534428712791,0.023877308446441644,0.04852611656826934
BAB,5,1221,1221,1,24,0.542997542997543,0.457002457002457,0.0,0.000476209262644745,0.0010431662952783633,0.03810391638699855,0.0814168454232685
BAB,21,1218,1218,1,24,0.6026272577996716,0.3973727422003284,0.0,0.004537903665556707,0.005311294600957245,0.1285616684139603,0.18592291379441023
BAB,63,1210,1210,1,24,0.6636363636363637,0.33636363636363636,0.0,0.016388967433416064,0.016484294847983062,0.27839567496460127,0.3396305213315951
BAB,126,1197,1197,1,23,0.6733500417710944,0.3266499582289056,0.0,0.03166253839112367,0.02336166772078951,0.37967666698103936,0.3403137831577618
BAB,189,1184,1184,1,23,0.7305743243243243,0.26942567567567566,0.0,0.047188100805655796,0.04817959003842984,0.4619782972801063,0.5265563001684519
BRL,5,121,121,1,3,0.5867768595041323,0.4132231404958678,0.0,0.009274404259492873,0.011549875534840659,0.2909147045028148,0.20040991514241352
BRL,21,118,118,1,3,0.6016949152542372,0.3983050847457627,0.0,0.03684696583947861,0.05875142454020188,0.5618531202909898,0.5656731821933014
BRL,63,110,110,1,3,0.6636363636363637,0.33636363636363636,0.0,0.11283635729459672,0.1667750904254306,1.0619120689427,1.0610714385129492
BRL,126,97,97,1,2,0.6804123711340206,0.31958762886597936,0.0,0.25787704242970133,0.36783635079870125,1.5475695918593781,1.183791061511899
BRL,189,84,84,1,2,0.7142857142857143,0.2857142857142857,0.0,0.4288188112838388,0.3375568345154294,1.6904144062183373,1.2708996274304365
CAD,5,1228,1228,1,24,0.501628664495114,0.498371335504886,0.0,0.00027962882451441207,4.763251725581341e-05,0.02695964663739804,0.0033726890538471914
CAD,21,1225,1225,1,24,0.4840816326530612,0.5159183673469387,0.0,-0.00012872630785647126,-0.0011524493075065756,0.021191314743896676,-0.045788856018360795
CAD,63,1216,1216,1,24,0.5041118421052632,0.49588815789473684,0.0,-0.0009622161953135209,0.00016892869959495016,0.016395088971883156,0.0026384968180497735
CAD,126,1204,1204,1,24,0.4925249169435216,0.5074750830564784,0.0,-0.0021606972545538316,-0.0011477426559820536,0.01707465252305358,-0.016733762070130317
CAD,189,1191,1191,1,24,0.5113350125944585,0.48866498740554154,0.0,-0.003498366644297137,0.002274746976737685,0.008261798927268992,0.02500553616776677
CHF,5,1228,1228,1,24,0.4812703583061889,0.5187296416938111,0.0,-0.0006764935314823239,-0.00048605893012299006,-0.04074993980384264,-0.03208383015381933
CHF,21,1225,1225,1,24,0.4726530612244898,0.5273469387755102,0.0,-0.002830359971777761,-0.0017111972100757322,-0.0756728251012739,-0.05548596965875913
CHF,63,1216,1216,1,24,0.43914473684210525,0.5608552631578947,0.0,-0.00789659810815606,-0.007161831594246104,-0.11844125932894023,-0.13730468559391457
CHF,126,1204,1204,1,24,0.41362126245847175,0.5863787375415282,0.0,-0.014755863992147508,-0.011875977739377985,-0.15131703890056825,-0.16036139832792826
CHF,189,1191,1191,1,24,0.40973971452560876,0.5902602854743912,0.0,-0.021618680045656955,-0.015900912264680378,-0.1823612738939623,-0.17848556989344383
CNY,5,381,381,1,8,0.34908136482939633,0.6509186351706037,0.0,-0.003381585076912123,-8.241148012544386e-05,-0.9482704593365122,-0.0567156249235263
CNY,21,378,378,1,8,0.20899470899470898,0.791005291005291,0.0,-0.013789695592034041,-0.00047569859525520286,-1.0771815805011076,-0.18260956275648937
CNY,63,370,370,1,8,0.07297297297297298,0.927027027027027,0.0,-0.041214835257700665,-0.0010115616915440384,-2.1145155851502877,-0.19952024018549758
CNY,126,359,359,1,7,0.06406685236768803,0.935933147632312,0.0,-0.07863203140960111,-0.0015576525939238195,-3.176600793593028,-0.2314199472597598
CNY,189,346,346,1,7,0.049132947976878616,0.9508670520231214,0.0,-0.1044989452601719,-0.0023268893035011118,-4.470353818104842,-0.2593272699722548
DKK,5,1228,1228,1,24,0.496742671009772,0.503257328990228,0.0,0.0008974949284351199,-0.000361083494154979,0.02535673406932746,-0.005641068151254882
DKK,21,1225,1225,1,24,0.4987755102040816,0.5012244897959184,0.0,-0.0018852192358405973,-0.0002763044768911982,0.02110498051895485,-0.0021199921419677624
DKK,63,1216,1216,1,24,0.4876644736842105,0.5123355263157895,0.0,-0.009719822995025261,-0.008769823864294146,0.020342592300488026,-0.026978111516555534
DKK,126,1204,1204,1,24,0.47674418604651164,0.5232558139534884,0.0,-0.021730205044184728,-0.021490732709916305,0.02645187047793729,-0.05002224486613073
DKK,189,1191,1191,1,24,0.47691015952980687,0.5230898404701931,0.0,-0.03351740543416403,-0.03444420774845458,0.02602782487144442,-0.062030207398123746
EUR,5,1228,1228,1,24,0.511400651465798,0.48859934853420195,0.0,-0.00032472143718640273,0.00021702452561200847,-0.01714152825628504,0.0162234336338802
EUR,21,1225,1225,1,24,0.5061224489795918,0.49387755102040815,0.0,-2.8061146963224306e-05,0.00023318676314199038,0.0009318846688048598,0.007940990420677968
EUR,63,1216,1216,1,24,0.5098684210526315,0.4901315789473684,0.0,0.000989376203405328,0.001769998425089847,0.02089420426594439,0.032137521178186024
EUR,126,1204,1204,1,24,0.5348837209302325,0.46511627906976744,0.0,0.002735669381544317,0.0058728934342280326,0.03803648474793689,0.07827712486353758
EUR,189,1191,1191,1,24,0.5331654072208228,0.46683459277917716,0.0,0.004145283010928628,0.007009155784915677,0.05272975530329769,0.07236539468488472
GBP,5,1228,1228,1,24,0.4796416938110749,0.5203583061889251,0.0,-0.0006524090590185747,-0.0009867745189439114,-0.02853973905893497,-0.050958964201201384
GBP,21,1225,1225,1,24,0.5102040816326531,0.4897959183673469,0.0,-0.0009817506281241434,0.0009027132346530742,-0.02069661181850141,0.02245155298484152
GBP,63,1216,1216,1,24,0.509046052631579,0.4909539473684211,0.0,-0.002443617738681901,0.0006099201168634494,-0.04006191115276724,0.007480348739954609
GBP,126,1204,1204,1,24,0.5332225913621262,0.46677740863787376,0.0,-0.0034916183030160087,0.006012595934063669,-0.0570615066341176,0.06432776709377927
GBP,189,1191,1191,1,24,0.5130142737195634,0.4869857262804366,0.0,-0.005913989326934495,0.00416481842163785,-0.07643981749031134,0.03231984488213812
HML,5,1206,1206,1,24,0.49585406301824214,0.5041459369817579,0.0,0.00042208340555640553,-8.728217446927382e-05,0.018666237235950216,-0.006428693777864196
HML,21,1204,1204,1,24,0.5,0.5,0.0,0.001119200850631868,-1.7261539036925416e-06,0.022148373080077215,-0.00018909422735694732
HML,63,1196,1196,1,24,0.5075250836120402,0.49247491638795987,0.0,0.0021933176827403614,0.0010727949578692507,0.01619348266285975,0.013952406527897821
HML,126,1183,1183,1,23,0.547759932375317,0.452240067624683,0.0,0.002200205557538833,0.0059278714213785375,-0.02082459101319283,0.08038859934933634
HML,189,1170,1170,1,23,0.5264957264957265,0.4735042735042735,0.0,0.001721252455527796,0.005965184810974795,-0.07175478383682801,0.06115346708104895
INR,5,121,121,1,3,0.5619834710743802,0.4380165289256198,0.0,0.01689477127594776,0.018183630952385954,0.034893437332034385,0.09500669556561005
INR,21,118,118,1,3,0.5,0.5,0.0,0.024640318021415076,-0.00019368523573248808,0.014456655442208304,-0.0005862483646498789
INR,63,110,110,1,3,0.5363636363636364,0.4636363636363636,0.0,0.06850800174825403,0.04523777730261358,0.024018156231977672,0.060443120652925814
INR,126,97,97,1,2,0.5463917525773195,0.4536082474226804,0.0,0.13020458631918067,0.19614775772939197,0.05258144815143735,0.13158875418858051
INR,189,84,84,1,2,0.5595238095238095,0.44047619047619047,0.0,0.2709550988346918,0.4753606162417121,0.18213089171686198,0.32026059224301745
JPY,5,1228,1228,1,24,0.496742671009772,0.503257328990228,0.0,-0.019294834522989614,-0.003765278776270975,-0.005559587004586746,-0.0030477275743190403
JPY,21,1225,1225,1,24,0.516734693877551,0.483265306122449,0.0,0.05278161958491899,0.09305417008970096,0.035713862174423135,0.03547794441884702
JPY,63,1216,1216,1,24,0.49917763157894735,0.5008223684210527,0.0,0.14076897896554375,-0.0053963077064267395,0.06410945120608712,-0.0010917052572132588
JPY,126,1204,1204,1,24,0.5116279069767442,0.4883720930232558,0.0,0.47460368284131405,0.24278393872412352,0.11247478203620882,0.03534369244522295
JPY,189,1191,1191,1,24,0.5130142737195634,0.4869857262804366,0.0,0.7467155547621996,0.2614593749068064,0.14212662038835214,0.028847146698896167
MKT,5,1206,1206,1,24,0.5447761194029851,0.4552238805970149,0.0,3.2810442984543313e-05,0.0017694535455978302,-0.010294798987337643,0.08411717743753683
MKT,21,1204,1204,1,24,0.6112956810631229,0.38870431893687707,0.0,0.003896620371832771,0.010160137235499862,0.051734417957301194,0.21129882018952778
MKT,63,1196,1196,1,24,0.6546822742474916,0.34531772575250835,0.0,0.014691347272569284,0.0235499927620956,0.13063358386134374,0.2905663385253392
MKT,126,1183,1183,1,23,0.672865595942519,0.32713440405748095,0.0,0.0319513857116752,0.040972187296487626,0.21469025180851103,0.35223880951239983
MKT,189,1170,1170,1,23,0.7085470085470086,0.2914529914529915,0.0,0.048830258609249944,0.06075777569613236,0.27268321035633897,0.4409776551239224
MOM,5,1206,1206,1,24,0.5058043117744611,0.494195688225539,0.0,-0.0013823031925513558,0.00020926043297660196,-0.03277841032949417,0.010391236286880427
MOM,21,1204,1204,1,24,0.5573089700996677,0.4426910299003322,0.0,-0.0007028978844745133,0.00395698770563238,0.02682151222004541,0.09182389825688735
MOM,63,1196,1196,1,24,0.56438127090301,0.43561872909698995,0.0,0.001038856803329365,0.00808574040894125,0.07725783871902808,0.10718180178178151
MOM,126,1183,1183,1,23,0.6128486897717667,0.3871513102282333,0.0,0.004481792817497311,0.02451977743979014,0.12833179523376415,0.21012089791331026
MOM,189,1170,1170,1,23,0.6076923076923076,0.3923076923076923,0.0,0.006969181414226112,0.03328926584923082,0.14848716661103573,0.23453069693285028
NOK,5,1228,1228,1,24,0.5171009771986971,0.4828990228013029,0.0,0.0069451965118126615,0.004344072968751167,0.06799765656621931,0.03429681623780254
NOK,21,1225,1225,1,24,0.5118367346938776,0.4881632653061225,0.0,0.010451779297402932,0.009807678778885887,0.06812260798126081,0.03580129062404136
NOK,63,1216,1216,1,24,0.5197368421052632,0.48026315789473684,0.0,0.022017818057879016,0.01823159255752227,0.09324146591283522,0.03810426076148135
NOK,126,1204,1204,1,24,0.5199335548172758,0.48006644518272423,0.0,0.03900318599649288,0.03138235817689061,0.11444863868037718,0.046555728581281486
NOK,189,1191,1191,1,24,0.5264483627204031,0.473551637279597,0.0,0.059434668628240615,0.040566712089729506,0.13463570796099392,0.056142514315655645
NZD,5,1228,1228,1,24,0.504071661237785,0.495928338762215,0.0,-0.00042285739159347803,0.00017915436277821106,-0.034078505598529665,0.01562602035426901
NZD,21,1225,1225,1,24,0.5102040816326531,0.4897959183673469,0.0,-0.0002690046486204563,0.00039057109384299515,-0.012876947344969978,0.014533756043582263
NZD,63,1216,1216,1,24,0.5205592105263158,0.47944078947368424,0.0,0.0005961139193319911,0.0014477972815755136,0.008743446074595804,0.035682765454439984
NZD,126,1204,1204,1,24,0.5382059800664452,0.46179401993355484,0.0,0.002285661544669224,0.004838712147923141,0.033434680111458316,0.08926091709559228
NZD,189,1191,1191,1,24,0.5348446683459278,0.4651553316540722,0.0,0.003900782201277555,0.005302944186081682,0.06507328530149153,0.0785886361280949
QMJ,5,1221,1221,1,24,0.5085995085995086,0.4914004914004914,0.0,0.0010787195455845844,0.0001597779262456874,0.09452713101482633,0.01740388261846088
QMJ,21,1218,1218,1,24,0.5410509031198686,0.45894909688013136,0.0,0.00308311258442796,0.0026927628308230627,0.1343281748882322,0.10902326990329936
QMJ,63,1210,1210,1,24,0.5801652892561984,0.41983471074380163,0.0,0.00837462138285559,0.00783278058725687,0.21358908252699074,0.17376334988258035
QMJ,126,1197,1197,1,23,0.5873015873015873,0.4126984126984127,0.0,0.01706580302572235,0.01526080595520021,0.32321292637372095,0.24853074298956307
QMJ,189,1184,1184,1,23,0.625,0.375,0.0,0.026533235278950407,0.022074168241887057,0.41398031417157205,0.3068629393438773
SEK,5,1228,1228,1,24,0.503257328990228,0.496742671009772,0.0,0.005160353744995642,0.0006121476595719599,0.05230673632814866,0.005569872914682697
SEK,21,1225,1225,1,24,0.5102040816326531,0.4897959183673469,0.0,0.003992979588320618,0.006226267407502206,0.0451068599371128,0.024962304466811552
SEK,63,1216,1216,1,24,0.5106907894736842,0.48930921052631576,0.0,0.008332743972655446,0.014412460412111638,0.07009468828510455,0.0271084513945694
SEK,126,1204,1204,1,24,0.5074750830564784,0.4925249169435216,0.0,0.010660396926788692,0.008957871515500315,0.09126068465926532,0.013263762132434711
SEK,189,1191,1191,1,24,0.4979009235936188,0.5020990764063812,0.0,0.013796324814324228,-0.006789316974344928,0.10578678719701363,-0.007849764009298188
SMB,5,1206,1206,1,24,0.5,0.5,0.0,3.59841114254917e-05,4.001965672312084e-06,-0.006813022229366233,0.0002752073919720463
SMB,21,1204,1204,1,24,0.5299003322259136,0.4700996677740864,0.0,0.0008617526501124689,0.0017331720002440165,0.01516229012526282,0.07157405635416964
SMB,63,1196,1196,1,24,0.5167224080267558,0.48327759197324416,0.0,0.0028380491354261152,0.0017757829697587603,0.029907850412139773,0.03737145623128879
SMB,126,1183,1183,1,23,0.5207100591715976,0.47928994082840237,0.0,0.006024288779412318,0.0024295260127243402,0.02811512153998202,0.04193434205132132
SMB,189,1170,1170,1,23,0.5307692307692308,0.46923076923076923,0.0,0.008296714565935056,0.005230602194004338,0.026740732060534428,0.07029146905218002
UST_10Y,5,1234,1234,1,24,0.5113452188006483,0.4886547811993517,0.0,0.005298017443596924,0.0023107304810261464,0.044139068916283046,0.022067468040654084
UST_10Y,21,1231,1231,1,24,0.49634443541835904,0.503655564581641,0.0,0.002621332889285811,-0.0023897956506813145,0.008100780147027543,-0.009262130139390048
UST_10Y,63,1222,1222,1,24,0.4885433715220949,0.5114566284779051,0.0,-0.000676304740174056,-0.010500935522209653,-0.005696721973029409,-0.023423155025194098
UST_10Y,126,1210,1210,1,24,0.503305785123967,0.49669421487603305,0.0,-0.014923868101919209,0.007532997442389444,-0.01977354038158217,0.010415431942072995
UST_10Y,189,1197,1197,1,24,0.5012531328320802,0.49874686716791977,0.0,-0.014597755834214035,0.0012280931171926301,-0.011976122976008589,0.0020081490668516946
UST_20Y,5,1234,1234,1,24,0.5105348460291734,0.48946515397082657,0.0,0.0052064532139853015,0.0024609453074722065,0.04523931959697411,0.023379424178192956
UST_20Y,21,1231,1231,1,24,0.49065800162469536,0.5093419983753046,0.0,0.002642889165802591,-0.005366000554776651,0.0050385725434292546,-0.0260030250734762
UST_20Y,63,1222,1222,1,24,0.4762684124386252,0.5237315875613748,0.0,-0.0040674321901004225,-0.024327484828795765,-0.018523013321100887,-0.060233710080714396
UST_20Y,126,1210,1210,1,24,0.4900826446280992,0.5099173553719009,0.0,-0.019210299456749902,-0.005561767904201265,-0.03800796799348872,-0.008961415889220267
UST_20Y,189,1197,1197,1,24,0.47953216374269003,0.52046783625731,0.0,-0.02475010191512105,-0.039914950509460034,-0.03649208432360122,-0.050755582020286225
UST_2Y,5,1234,1234,1,24,0.5178282009724473,0.4821717990275527,0.0,-0.00032841637658089504,0.0029419360010983775,0.011865703773865359,0.026489526362215056
UST_2Y,21,1231,1231,1,24,0.49715678310316813,0.5028432168968319,0.0,-0.004338873560997954,-0.00043562964837765006,0.017016769914565265,-0.003397704259268284
UST_2Y,63,1222,1222,1,24,0.5450081833060556,0.45499181669394434,0.0,-0.006830189841523692,0.0237868096290777,0.04914495589543071,0.07235618081774711
UST_2Y,126,1210,1210,1,24,0.5429752066115703,0.4570247933884298,0.0,-0.007549069964268869,0.03284590078458349,0.12225459941626142,0.07643684227206433
UST_2Y,189,1197,1197,1,24,0.5639097744360902,0.43609022556390975,0.0,0.012030390083797136,0.058975050385142946,0.20292378426443652,0.1056023769272424
UST_30Y,5,1234,1234,1,24,0.506482982171799,0.49351701782820095,0.0,0.0034921588613729105,0.0015226744428669114,0.027203416822223377,0.012024026047805943
UST_30Y,21,1231,1231,1,24,0.48659626320064986,0.5134037367993501,0.0,-0.00010585512034841198,-0.0069723438610598265,-0.01910118668411161,-0.029010761587939714
UST_30Y,63,1222,1222,1,24,0.4582651391162029,0.5417348608837971,0.0,-0.007907970265674672,-0.03813520161787798,-0.04939853831276774,-0.10399086108580052
UST_30Y,126,1210,1210,1,24,0.48760330578512395,0.512396694214876,0.0,-0.02386608067458905,-0.02858115555581997,-0.07170531514559697,-0.056108722744715046
UST_30Y,189,1197,1197,1,24,0.48621553884711777,0.5137844611528822,0.0,-0.03152986670431186,-0.02426102206525771,-0.07085063302275843,-0.03870968117492633
UST_5Y,5,1234,1234,1,24,0.5121555915721232,0.4878444084278768,0.0,0.002419034215064231,0.00268110477181685,0.026775689444028923,0.03021154864425562
UST_5Y,21,1231,1231,1,24,0.4979691307879773,0.5020308692120228,0.0,0.0013747645421397882,-0.000966558154133601,0.020930176426544912,-0.0026988345811888937
UST_5Y,63,1222,1222,1,24,0.5204582651391162,0.4795417348608838,0.0,-0.0004307292393031639,0.021735224048181012,0.0219025379298475,0.04771991013798104
UST_5Y,126,1210,1210,1,24,0.5247933884297521,0.47520661157024796,0.0,-0.010689636656378069,0.032824094650662605,0.028211553145634904,0.05622637139420669
UST_5Y,189,1197,1197,1,24,0.529657477025898,0.4703425229741019,0.0,-0.0028911304295941432,0.05020582226234782,0.048604858063942775,0.06077317540131979
UST_7Y,5,1234,1234,1,24,0.5113452188006483,0.4886547811993517,0.0,0.0037836445076828698,0.003208358261885591,0.033747175143902804,0.020842424271644133
UST_7Y,21,1231,1231,1,24,0.49715678310316813,0.5028432168968319,0.0,0.002635131047122324,-0.0018812399323882012,0.01604139438419083,-0.009258375651345255
UST_7Y,63,1222,1222,1,24,0.5049099836333879,0.4950900163666121,0.0,-0.0006837508867518822,0.004288508929437329,0.008139814999928833,0.007312831332695885
UST_7Y,126,1210,1210,1,24,0.5099173553719009,0.4900826446280992,0.0,-0.0125441607876686,0.012152058578808855,0.0037097353912071093,0.019742777704853477
UST_7Y,189,1197,1197,1,24,0.5129490392648287,0.48705096073517123,0.0,-0.009797361438715914,0.022628803325032365,0.015120618812911093,0.026075082983845026
