window_years,metric,origins,pearson,spearman
1,positive,1212,0.07525128113745289,0.0712639573402172
1,mean,1212,0.12666367863804898,0.16131105330448994
1,median,1212,0.09090589447536788,0.0803067510725087
3,positive,1212,-0.13225297260544425,-0.1560514230779861
3,mean,1212,-0.0028019835055423663,-0.005557757995354685
3,median,1212,-0.08673700583261817,-0.14707736140036304
5,positive,1212,-0.04914216766267326,-0.1046451698559398
5,mean,1212,0.035146475256928975,0.013154774461218805
5,median,1212,0.0015877071587982244,-0.09987987722670712
