origin,asset,horizon,year,release_id,release_date,source_age,SEP,SEP_DIRECTION_FIXED005_probability,SEP_DIRECTION_FIXED005_direction,5BD_DELAYED_probability,5BD_DELAYED_direction,21BD_STALE_probability,21BD_STALE_direction,PRICE_LOGISTIC_probability,PRICE_LOGISTIC_direction,PERSISTENCE_probability,PERSISTENCE_direction,PRICE_21BD_probability,PRICE_21BD_direction,MATCHED_RANDOM_probability,MATCHED_RANDOM_direction
2020-01-07,UST_2Y,5,2020,SEP_2019-12-11,2019-12-11,18,0.0,0.6869951122581541,1.0,0.6869951122581541,1.0,0.6444595244842855,1.0,0.9008271245755782,1.0,0.5,0.0,0.5,0.0,1.0,1.0
2020-01-07,UST_2Y,21,2020,SEP_2019-12-11,2019-12-11,18,0.0,0.6549343380708897,1.0,0.6549343380708897,1.0,0.6062943241320286,1.0,0.8843527466188826,1.0,0.5,0.0,0.5,0.0,1.0,1.0
2020-01-07,UST_2Y,63,2020,SEP_2019-12-11,2019-12-11,18,0.0,0.6293807917750994,1.0,0.6293807917750994,1.0,0.5761456891620166,1.0,0.8701780055661504,1.0,0.5,0.0,0.5,0.0,0.0,-1.0
2020-01-07,UST_2Y,126,2020,SEP_2019-12-11,2019-12-11,18,0.0,0.6128664602072014,1.0,0.6128664602072014,1.0,0.5568126690373931,1.0,0.8604930366891543,1.0,0.5,0.0,0.5,0.0,1.0,1.0
2020-01-07,UST_2Y,189,2020,SEP_2019-12-11,2019-12-11,18,0.0,0.6030817420814912,1.0,0.6030817420814912,1.0,0.5454193508803266,1.0,0.8545516287668053,1.0,0.5,0.0,0.5,0.0,1.0,1.0
2020-01-07,UST_5Y,5,2020,SEP_2019-12-11,2019-12-11,18,0.0,0.6151141641639631,1.0,0.6151141641639631,1.0,0.5668637007672628,1.0,0.8523659654676499,1.0,0.5,0.0,1.0,1.0,1.0,1.0
2020-01-07,UST_5Y,21,2020,SEP_2019-12-11,2019-12-11,18,0.0,0.5801899035166834,1.0,0.5801899035166834,1.0,0.5264890378301648,1.0,0.8293661997946992,1.0,0.5,0.0,1.0,1.0,1.0,1.0
2020-01-07,UST_5Y,63,2020,SEP_2019-12-11,2019-12-11,18,0.0,0.5528800272976908,1.0,0.5528800272976908,1.0,0.49531620737245546,-1.0,0.8099005692410368,1.0,0.5,0.0,1.0,1.0,0.0,-1.0
2020-01-07,UST_5Y,126,2020,SEP_2019-12-11,2019-12-11,18,0.0,0.5354728346918664,1.0,0.5354728346918664,1.0,0.4756517291070215,-1.0,0.7967690235196223,1.0,0.5,0.0,1.0,1.0,0.0,-1.0
2020-01-07,UST_5Y,189,2020,SEP_2019-12-11,2019-12-11,18,0.0,0.5252472940307649,1.0,0.5252472940307649,1.0,0.46417974925150834,-1.0,0.7887798675376375,1.0,0.5,0.0,1.0,1.0,1.0,1.0
2020-02-04,UST_2Y,5,2020,SEP_2019-12-11,2019-12-11,38,0.0,0.6869951122581541,1.0,0.6869951122581541,1.0,0.6444595244842855,1.0,0.9242962233482325,1.0,0.5,0.0,0.0,-1.0,1.0,1.0
2020-02-04,UST_2Y,21,2020,SEP_2019-12-11,2019-12-11,38,0.0,0.6549343380708897,1.0,0.6549343380708897,1.0,0.6062943241320286,1.0,0.9113367597783342,1.0,0.5,0.0,0.0,-1.0,1.0,1.0
2020-02-04,UST_2Y,63,2020,SEP_2019-12-11,2019-12-11,38,0.0,0.6293807917750994,1.0,0.6293807917750994,1.0,0.5761456891620166,1.0,0.9000957834047368,1.0,0.5,0.0,0.0,-1.0,1.0,1.0
2020-02-04,UST_2Y,126,2020,SEP_2019-12-11,2019-12-11,38,0.0,0.6128664602072014,1.0,0.6128664602072014,1.0,0.5568126690373931,1.0,0.8923666687223356,1.0,0.5,0.0,0.0,-1.0,0.0,-1.0
2020-02-04,UST_2Y,189,2020,SEP_2019-12-11,2019-12-11,38,0.0,0.6030817420814912,1.0,0.6030817420814912,1.0,0.5454193508803266,1.0,0.887605408684293,1.0,0.5,0.0,0.0,-1.0,1.0,1.0
2020-02-04,UST_5Y,5,2020,SEP_2019-12-11,2019-12-11,38,0.0,0.6151141641639631,1.0,0.6151141641639631,1.0,0.5668637007672628,1.0,0.8858500981974956,1.0,0.5,0.0,0.0,-1.0,1.0,1.0
2020-02-04,UST_5Y,21,2020,SEP_2019-12-11,2019-12-11,38,0.0,0.5801899035166834,1.0,0.5801899035166834,1.0,0.5264890378301648,1.0,0.8672543934584726,1.0,0.5,0.0,0.0,-1.0,1.0,1.0
2020-02-04,UST_5Y,63,2020,SEP_2019-12-11,2019-12-11,38,0.0,0.5528800272976908,1.0,0.5528800272976908,1.0,0.49531620737245546,-1.0,0.851336229235768,1.0,0.5,0.0,0.0,-1.0,1.0,1.0
2020-02-04,UST_5Y,126,2020,SEP_2019-12-11,2019-12-11,38,0.0,0.5354728346918664,1.0,0.5354728346918664,1.0,0.4756517291070215,-1.0,0.8405032691367904,1.0,0.5,0.0,0.0,-1.0,1.0,1.0
2020-02-04,UST_5Y,189,2020,SEP_2019-12-11,2019-12-11,38,0.0,0.5252472940307649,1.0,0.5252472940307649,1.0,0.46417974925150834,-1.0,0.8338748821270858,1.0,0.5,0.0,0.0,-1.0,1.0,1.0
2020-03-03,UST_2Y,5,2020,SEP_2019-12-11,2019-12-11,58,0.0,0.6869951122581541,1.0,0.6869951122581541,1.0,0.6444595244842855,1.0,0.9426443672788537,1.0,0.5,0.0,0.0,-1.0,0.0,-1.0
2020-03-03,UST_2Y,21,2020,SEP_2019-12-11,2019-12-11,58,0.0,0.6549343380708897,1.0,0.6549343380708897,1.0,0.6062943241320286,1.0,0.9325968076884151,1.0,0.5,0.0,0.0,-1.0,0.0,-1.0
2020-03-03,UST_2Y,63,2020,SEP_2019-12-11,2019-12-11,58,0.0,0.6293807917750994,1.0,0.6293807917750994,1.0,0.5761456891620166,1.0,0.9238259446416639,1.0,0.5,0.0,0.0,-1.0,1.0,1.0
2020-03-03,UST_2Y,126,2020,SEP_2019-12-11,2019-12-11,58,0.0,0.6128664602072014,1.0,0.6128664602072014,1.0,0.5568126690373931,1.0,0.9177649883048037,1.0,0.5,0.0,0.0,-1.0,1.0,1.0
2020-03-03,UST_2Y,189,2020,SEP_2019-12-11,2019-12-11,58,0.0,0.6030817420814912,1.0,0.6030817420814912,1.0,0.5454193508803266,1.0,0.9140189936060584,1.0,0.5,0.0,0.0,-1.0,1.0,1.0
2020-03-03,UST_5Y,5,2020,SEP_2019-12-11,2019-12-11,58,0.0,0.6151141641639631,1.0,0.6151141641639631,1.0,0.5668637007672628,1.0,0.9126355921659987,1.0,0.5,0.0,0.0,-1.0,1.0,1.0
2020-03-03,UST_5Y,21,2020,SEP_2019-12-11,2019-12-11,58,0.0,0.5801899035166834,1.0,0.5801899035166834,1.0,0.5264890378301648,1.0,0.8979004837990878,1.0,0.5,0.0,0.0,-1.0,0.0,-1.0
2020-03-03,UST_5Y,63,2020,SEP_2019-12-11,2019-12-11,58,0.0,0.5528800272976908,1.0,0.5528800272976908,1.0,0.49531620737245546,-1.0,0.8851706596746656,1.0,0.5,0.0,0.0,-1.0,0.0,-1.0
2020-03-03,UST_5Y,126,2020,SEP_2019-12-11,2019-12-11,58,0.0,0.5354728346918664,1.0,0.5354728346918664,1.0,0.4756517291070215,-1.0,0.8764453608665054,1.0,0.5,0.0,0.0,-1.0,0.0,-1.0
2020-03-03,UST_5Y,189,2020,SEP_2019-12-11,2019-12-11,58,0.0,0.5252472940307649,1.0,0.5252472940307649,1.0,0.46417974925150834,-1.0,0.8710815549669908,1.0,0.5,0.0,0.0,-1.0,1.0,1.0
2020-04-07,UST_2Y,5,2020,SEP_2019-12-11,2019-12-11,83,0.0,0.6869951122581541,1.0,0.6869951122581541,1.0,0.6444595244842855,1.0,0.8602338307589259,1.0,0.5,0.0,0.0,-1.0,1.0,1.0
2020-04-07,UST_2Y,21,2020,SEP_2019-12-11,2019-12-11,83,0.0,0.6549343380708897,1.0,0.6549343380708897,1.0,0.6062943241320286,1.0,0.8382271582402094,1.0,0.5,0.0,0.0,-1.0,1.0,1.0
2020-04-07,UST_2Y,63,2020,SEP_2019-12-11,2019-12-11,83,0.0,0.6293807917750994,1.0,0.6293807917750994,1.0,0.5761456891620166,1.0,0.8195524394409656,1.0,0.5,0.0,0.0,-1.0,1.0,1.0
2020-04-07,UST_2Y,126,2020,SEP_2019-12-11,2019-12-11,83,0.0,0.6128664602072014,1.0,0.6128664602072014,1.0,0.5568126690373931,1.0,0.8069286785943446,1.0,0.5,0.0,0.0,-1.0,1.0,1.0
2020-04-07,UST_2Y,189,2020,SEP_2019-12-11,2019-12-11,83,0.0,0.6030817420814912,1.0,0.6030817420814912,1.0,0.5454193508803266,1.0,0.7992382734253366,1.0,0.5,0.0,0.0,-1.0,1.0,1.0
2020-04-07,UST_5Y,5,2020,SEP_2019-12-11,2019-12-11,83,0.0,0.6151141641639631,1.0,0.6151141641639631,1.0,0.5668637007672628,1.0,0.7964194292703842,1.0,0.5,0.0,0.0,-1.0,1.0,1.0
2020-04-07,UST_5Y,21,2020,SEP_2019-12-11,2019-12-11,83,0.0,0.5801899035166834,1.0,0.5801899035166834,1.0,0.5264890378301648,1.0,0.7670854706223624,1.0,0.5,0.0,0.0,-1.0,0.0,-1.0
2020-04-07,UST_5Y,63,2020,SEP_2019-12-11,2019-12-11,83,0.0,0.5528800272976908,1.0,0.5528800272976908,1.0,0.49531620737245546,-1.0,0.7427189893470881,1.0,0.5,0.0,0.0,-1.0,1.0,1.0
2020-04-07,UST_5Y,126,2020,SEP_2019-12-11,2019-12-11,83,0.0,0.5354728346918664,1.0,0.5354728346918664,1.0,0.4756517291070215,-1.0,0.7265137969481686,1.0,0.5,0.0,0.0,-1.0,1.0,1.0
2020-04-07,UST_5Y,189,2020,SEP_2019-12-11,2019-12-11,83,0.0,0.5252472940307649,1.0,0.5252472940307649,1.0,0.46417974925150834,-1.0,0.7167446850931375,1.0,0.5,0.0,0.0,-1.0,1.0,1.0
2020-07-07,UST_2Y,5,2020,SEP_2020-06-10,2020-06-10,18,0.0,0.6869951122581541,1.0,0.6869951122581541,1.0,0.5,0.0,0.993556584832744,1.0,0.5,0.0,0.0,-1.0,1.0,1.0
2020-07-07,UST_2Y,21,2020,SEP_2020-06-10,2020-06-10,18,0.0,0.6549343380708897,1.0,0.6549343380708897,1.0,0.5,0.0,0.9923554991592128,1.0,0.5,0.0,0.0,-1.0,1.0,1.0
2020-07-07,UST_2Y,63,2020,SEP_2020-06-10,2020-06-10,18,0.0,0.6293807917750994,1.0,0.6293807917750994,1.0,0.5,0.0,0.9912881150296987,1.0,0.5,0.0,0.0,-1.0,0.0,-1.0
2020-07-07,UST_2Y,126,2020,SEP_2020-06-10,2020-06-10,18,0.0,0.6128664602072014,1.0,0.6128664602072014,1.0,0.5,0.0,0.9905399683913686,1.0,0.5,0.0,0.0,-1.0,1.0,1.0
2020-07-07,UST_2Y,189,2020,SEP_2020-06-10,2020-06-10,18,0.0,0.6030817420814912,1.0,0.6030817420814912,1.0,0.5,0.0,0.9900731853544034,1.0,0.5,0.0,0.0,-1.0,1.0,1.0
2020-07-07,UST_5Y,5,2020,SEP_2020-06-10,2020-06-10,18,0.0,0.6151141641639631,1.0,0.6151141641639631,1.0,0.5,0.0,0.9898999448218452,1.0,0.5,0.0,0.0,-1.0,1.0,1.0
2020-07-07,UST_5Y,21,2020,SEP_2020-06-10,2020-06-10,18,0.0,0.5801899035166834,1.0,0.5801899035166834,1.0,0.5,0.0,0.9880254576516191,1.0,0.5,0.0,0.0,-1.0,1.0,1.0
2020-07-07,UST_5Y,63,2020,SEP_2020-06-10,2020-06-10,18,0.0,0.5528800272976908,1.0,0.5528800272976908,1.0,0.5,0.0,0.9863617888482062,1.0,0.5,0.0,0.0,-1.0,1.0,1.0
2020-07-07,UST_5Y,126,2020,SEP_2020-06-10,2020-06-10,18,0.0,0.5354728346918664,1.0,0.5354728346918664,1.0,0.5,0.0,0.9851969038810363,1.0,0.5,0.0,0.0,-1.0,1.0,1.0
2020-07-07,UST_5Y,189,2020,SEP_2020-06-10,2020-06-10,18,0.0,0.5252472940307649,1.0,0.5252472940307649,1.0,0.5,0.0,0.9844706131608683,1.0,0.5,0.0,0.0,-1.0,1.0,1.0
2020-08-04,UST_2Y,5,2020,SEP_2020-06-10,2020-06-10,38,0.0,0.6869951122581541,1.0,0.6869951122581541,1.0,0.6444595244842855,1.0,0.997665037703367,1.0,0.5,0.0,0.0,-1.0,1.0,1.0
2020-08-04,UST_2Y,21,2020,SEP_2020-06-10,2020-06-10,38,0.0,0.6549343380708897,1.0,0.6549343380708897,1.0,0.6062943241320286,1.0,0.9972276518062696,1.0,0.5,0.0,0.0,-1.0,1.0,1.0
2020-08-04,UST_2Y,63,2020,SEP_2020-06-10,2020-06-10,38,0.0,0.6293807917750994,1.0,0.6293807917750994,1.0,0.5761456891620166,1.0,0.9968383878090505,1.0,0.5,0.0,0.0,-1.0,1.0,1.0
2020-08-04,UST_2Y,126,2020,SEP_2020-06-10,2020-06-10,38,0.0,0.6128664602072014,1.0,0.6128664602072014,1.0,0.5568126690373931,1.0,0.9965652279250752,1.0,0.5,0.0,0.0,-1.0,0.0,-1.0
2020-08-04,UST_2Y,189,2020,SEP_2020-06-10,2020-06-10,38,0.0,0.6030817420814912,1.0,0.6030817420814912,1.0,0.5454193508803266,1.0,0.9963946650546384,1.0,0.5,0.0,0.0,-1.0,0.0,-1.0
2020-08-04,UST_5Y,5,2020,SEP_2020-06-10,2020-06-10,38,0.0,0.6151141641639631,1.0,0.6151141641639631,1.0,0.5668637007672628,1.0,0.9963313367727893,1.0,0.5,0.0,0.0,-1.0,1.0,1.0
2020-08-04,UST_5Y,21,2020,SEP_2020-06-10,2020-06-10,38,0.0,0.5801899035166834,1.0,0.5801899035166834,1.0,0.5264890378301648,1.0,0.9956452120833084,1.0,0.5,0.0,0.0,-1.0,1.0,1.0
2020-08-04,UST_5Y,63,2020,SEP_2020-06-10,2020-06-10,38,0.0,0.5528800272976908,1.0,0.5528800272976908,1.0,0.49531620737245546,-1.0,0.9950348647990699,1.0,0.5,0.0,0.0,-1.0,1.0,1.0
2020-08-04,UST_5Y,126,2020,SEP_2020-06-10,2020-06-10,38,0.0,0.5354728346918664,1.0,0.5354728346918664,1.0,0.4756517291070215,-1.0,0.9946067255304896,1.0,0.5,0.0,0.0,-1.0,0.0,-1.0
2020-08-04,UST_5Y,189,2020,SEP_2020-06-10,2020-06-10,38,0.0,0.5252472940307649,1.0,0.5252472940307649,1.0,0.46417974925150834,-1.0,0.9943394603534637,1.0,0.5,0.0,0.0,-1.0,1.0,1.0
2020-09-01,UST_2Y,5,2020,SEP_2020-06-10,2020-06-10,58,0.0,0.6869951122581541,1.0,0.6869951122581541,1.0,0.6444595244842855,1.0,0.9972298019496427,1.0,0.5,0.0,1.0,1.0,1.0,1.0
2020-09-01,UST_2Y,21,2020,SEP_2020-06-10,2020-06-10,58,0.0,0.6549343380708897,1.0,0.6549343380708897,1.0,0.6062943241320286,1.0,0.996711156311603,1.0,0.5,0.0,1.0,1.0,1.0,1.0
2020-09-01,UST_2Y,63,2020,SEP_2020-06-10,2020-06-10,58,0.0,0.6293807917750994,1.0,0.6293807917750994,1.0,0.5761456891620166,1.0,0.9962496441803413,1.0,0.5,0.0,1.0,1.0,1.0,1.0
2020-09-01,UST_2Y,126,2020,SEP_2020-06-10,2020-06-10,58,0.0,0.6128664602072014,1.0,0.6128664602072014,1.0,0.5568126690373931,1.0,0.9959258253792935,1.0,0.5,0.0,1.0,1.0,1.0,1.0
2020-09-01,UST_2Y,189,2020,SEP_2020-06-10,2020-06-10,58,0.0,0.6030817420814912,1.0,0.6030817420814912,1.0,0.5454193508803266,1.0,0.9957236474986249,1.0,0.5,0.0,1.0,1.0,1.0,1.0
2020-09-01,UST_5Y,5,2020,SEP_2020-06-10,2020-06-10,58,0.0,0.6151141641639631,1.0,0.6151141641639631,1.0,0.5668637007672628,1.0,0.9956485841603331,1.0,0.5,0.0,1.0,1.0,0.0,-1.0
2020-09-01,UST_5Y,21,2020,SEP_2020-06-10,2020-06-10,58,0.0,0.5801899035166834,1.0,0.5801899035166834,1.0,0.5264890378301648,1.0,0.9948354308703082,1.0,0.5,0.0,1.0,1.0,1.0,1.0
2020-09-01,UST_5Y,63,2020,SEP_2020-06-10,2020-06-10,58,0.0,0.5528800272976908,1.0,0.5528800272976908,1.0,0.49531620737245546,-1.0,0.9941122594846152,1.0,0.5,0.0,1.0,1.0,1.0,1.0
2020-09-01,UST_5Y,126,2020,SEP_2020-06-10,2020-06-10,58,0.0,0.5354728346918664,1.0,0.5354728346918664,1.0,0.4756517291070215,-1.0,0.9936050760558498,1.0,0.5,0.0,1.0,1.0,0.0,-1.0
2020-09-01,UST_5Y,189,2020,SEP_2020-06-10,2020-06-10,58,0.0,0.5252472940307649,1.0,0.5252472940307649,1.0,0.46417974925150834,-1.0,0.9932885088126371,1.0,0.5,0.0,1.0,1.0,0.0,-1.0
2020-10-06,UST_2Y,5,2020,SEP_2020-09-16,2020-09-16,13,0.0,0.6869951122581541,1.0,0.6869951122581541,1.0,0.6444595244842855,1.0,0.9971385868657,1.0,0.5,0.0,0.5,0.0,1.0,1.0
2020-10-06,UST_2Y,21,2020,SEP_2020-09-16,2020-09-16,13,0.0,0.6549343380708897,1.0,0.6549343380708897,1.0,0.6062943241320286,1.0,0.9966029218131254,1.0,0.5,0.0,0.5,0.0,1.0,1.0
2020-10-06,UST_2Y,63,2020,SEP_2020-09-16,2020-09-16,13,0.0,0.6293807917750994,1.0,0.6293807917750994,1.0,0.5761456891620166,1.0,0.9961262805355535,1.0,0.5,0.0,0.5,0.0,1.0,1.0
2020-10-06,UST_2Y,126,2020,SEP_2020-09-16,2020-09-16,13,0.0,0.6128664602072014,1.0,0.6128664602072014,1.0,0.5568126690373931,1.0,0.9957918550795902,1.0,0.5,0.0,0.5,0.0,1.0,1.0
2020-10-06,UST_2Y,189,2020,SEP_2020-09-16,2020-09-16,13,0.0,0.6030817420814912,1.0,0.6030817420814912,1.0,0.5454193508803266,1.0,0.9955830585073262,1.0,0.5,0.0,0.5,0.0,1.0,1.0
2020-10-06,UST_5Y,5,2020,SEP_2020-09-16,2020-09-16,13,0.0,0.6151141641639631,1.0,0.6151141641639631,1.0,0.5668637007672628,1.0,0.9955055385322384,1.0,0.5,0.0,1.0,1.0,0.0,-1.0
2020-10-06,UST_5Y,21,2020,SEP_2020-09-16,2020-09-16,13,0.0,0.5801899035166834,1.0,0.5801899035166834,1.0,0.5264890378301648,1.0,0.9946657973793727,1.0,0.5,0.0,1.0,1.0,1.0,1.0
2020-10-06,UST_5Y,63,2020,SEP_2020-09-16,2020-09-16,13,0.0,0.5528800272976908,1.0,0.5528800272976908,1.0,0.49531620737245546,-1.0,0.9939190181704353,1.0,0.5,0.0,1.0,1.0,0.0,-1.0
2020-10-06,UST_5Y,126,2020,SEP_2020-09-16,2020-09-16,13,0.0,0.5354728346918664,1.0,0.5354728346918664,1.0,0.4756517291070215,-1.0,0.9933952990877168,1.0,0.5,0.0,1.0,1.0,1.0,1.0
2020-10-06,UST_5Y,189,2020,SEP_2020-09-16,2020-09-16,13,0.0,0.5252472940307649,1.0,0.5252472940307649,1.0,0.46417974925150834,-1.0,0.9930684197221908,1.0,0.5,0.0,1.0,1.0,1.0,1.0
2020-11-03,UST_2Y,5,2020,SEP_2020-09-16,2020-09-16,33,0.0,0.6869951122581541,1.0,0.6869951122581541,1.0,0.6444595244842855,1.0,0.9937784988768048,1.0,0.5,0.0,1.0,1.0,1.0,1.0
2020-11-03,UST_2Y,21,2020,SEP_2020-09-16,2020-09-16,33,0.0,0.6549343380708897,1.0,0.6549343380708897,1.0,0.6062943241320286,1.0,0.9926184717966943,1.0,0.5,0.0,1.0,1.0,1.0,1.0
2020-11-03,UST_2Y,63,2020,SEP_2020-09-16,2020-09-16,33,0.0,0.6293807917750994,1.0,0.6293807917750994,1.0,0.5761456891620166,1.0,0.9915874946616265,1.0,0.5,0.0,1.0,1.0,1.0,1.0
2020-11-03,UST_2Y,126,2020,SEP_2020-09-16,2020-09-16,33,0.0,0.6128664602072014,1.0,0.6128664602072014,1.0,0.5568126690373931,1.0,0.990864820786969,1.0,0.5,0.0,1.0,1.0,1.0,1.0
2020-11-03,UST_2Y,189,2020,SEP_2020-09-16,2020-09-16,33,0.0,0.6030817420814912,1.0,0.6030817420814912,1.0,0.5454193508803266,1.0,0.9904139117047122,1.0,0.5,0.0,1.0,1.0,1.0,1.0
2020-11-03,UST_5Y,5,2020,SEP_2020-09-16,2020-09-16,33,0.0,0.6151141641639631,1.0,0.6151141641639631,1.0,0.5668637007672628,1.0,0.9902465588734678,1.0,0.5,0.0,1.0,1.0,1.0,1.0
2020-11-03,UST_5Y,21,2020,SEP_2020-09-16,2020-09-16,33,0.0,0.5801899035166834,1.0,0.5801899035166834,1.0,0.5264890378301648,1.0,0.9884356489102306,1.0,0.5,0.0,1.0,1.0,1.0,1.0
2020-11-03,UST_5Y,63,2020,SEP_2020-09-16,2020-09-16,33,0.0,0.5528800272976908,1.0,0.5528800272976908,1.0,0.49531620737245546,-1.0,0.9868282097910701,1.0,0.5,0.0,1.0,1.0,1.0,1.0
2020-11-03,UST_5Y,126,2020,SEP_2020-09-16,2020-09-16,33,0.0,0.5354728346918664,1.0,0.5354728346918664,1.0,0.4756517291070215,-1.0,0.9857025859236542,1.0,0.5,0.0,1.0,1.0,1.0,1.0
2020-11-03,UST_5Y,189,2020,SEP_2020-09-16,2020-09-16,33,0.0,0.5252472940307649,1.0,0.5252472940307649,1.0,0.46417974925150834,-1.0,0.9850007279697078,1.0,0.5,0.0,1.0,1.0,1.0,1.0
2020-12-01,UST_2Y,5,2020,SEP_2020-09-16,2020-09-16,53,0.0,0.6869951122581541,1.0,0.6869951122581541,1.0,0.6444595244842855,1.0,0.993977399276546,1.0,0.5,0.0,1.0,1.0,1.0,1.0
2020-12-01,UST_2Y,21,2020,SEP_2020-09-16,2020-09-16,53,0.0,0.6549343380708897,1.0,0.6549343380708897,1.0,0.6062943241320286,1.0,0.9928541914096991,1.0,0.5,0.0,1.0,1.0,1.0,1.0
2020-12-01,UST_2Y,63,2020,SEP_2020-09-16,2020-09-16,53,0.0,0.6293807917750994,1.0,0.6293807917750994,1.0,0.5761456891620166,1.0,0.9918558670813189,1.0,0.5,0.0,1.0,1.0,0.0,-1.0
2020-12-01,UST_2Y,126,2020,SEP_2020-09-16,2020-09-16,53,0.0,0.6128664602072014,1.0,0.6128664602072014,1.0,0.5568126690373931,1.0,0.9911560420404832,1.0,0.5,0.0,1.0,1.0,1.0,1.0
2020-12-01,UST_2Y,189,2020,SEP_2020-09-16,2020-09-16,53,0.0,0.6030817420814912,1.0,0.6030817420814912,1.0,0.5454193508803266,1.0,0.990719372897094,1.0,0.5,0.0,1.0,1.0,1.0,1.0
2020-12-01,UST_5Y,5,2020,SEP_2020-09-16,2020-09-16,53,0.0,0.6151141641639631,1.0,0.6151141641639631,1.0,0.5668637007672628,1.0,0.9905573019298333,1.0,0.5,0.0,1.0,1.0,1.0,1.0
2020-12-01,UST_5Y,21,2020,SEP_2020-09-16,2020-09-16,53,0.0,0.5801899035166834,1.0,0.5801899035166834,1.0,0.5264890378301648,1.0,0.9888034349132134,1.0,0.5,0.0,1.0,1.0,0.0,-1.0
2020-12-01,UST_5Y,63,2020,SEP_2020-09-16,2020-09-16,53,0.0,0.5528800272976908,1.0,0.5528800272976908,1.0,0.49531620737245546,-1.0,0.9872464582522237,1.0,0.5,0.0,1.0,1.0,0.0,-1.0
2020-12-01,UST_5Y,126,2020,SEP_2020-09-16,2020-09-16,53,0.0,0.5354728346918664,1.0,0.5354728346918664,1.0,0.4756517291070215,-1.0,0.9861560752944569,1.0,0.5,0.0,1.0,1.0,1.0,1.0
2020-12-01,UST_5Y,189,2020,SEP_2020-09-16,2020-09-16,53,0.0,0.5252472940307649,1.0,0.5252472940307649,1.0,0.46417974925150834,-1.0,0.9854761510512879,1.0,0.5,0.0,1.0,1.0,0.0,-1.0
2021-01-05,UST_2Y,5,2021,SEP_2020-12-16,2020-12-16,13,0.0,0.5476623125827681,1.0,0.5476623125827681,1.0,0.5424314948486034,1.0,0.7507874605612013,1.0,0.5,0.0,0.0,-1.0,1.0,1.0
2021-01-05,UST_2Y,21,2021,SEP_2020-12-16,2020-12-16,13,0.0,0.4823727949722612,-1.0,0.4823727949722612,-1.0,0.46873677073089004,-1.0,0.6979122460158697,1.0,0.5,0.0,0.0,-1.0,1.0,1.0
2021-01-05,UST_2Y,63,2021,SEP_2020-12-16,2020-12-16,13,0.0,0.4326784384306709,-1.0,0.4326784384306709,-1.0,0.4130625685435651,-1.0,0.6534345747074745,1.0,0.5,0.0,0.0,-1.0,1.0,1.0
2021-01-05,UST_2Y,126,2021,SEP_2020-12-16,2020-12-16,13,0.0,0.40194544339285665,-1.0,0.40194544339285665,-1.0,0.3789578009966417,-1.0,0.623859560500364,1.0,0.5,0.0,0.0,-1.0,1.0,1.0
2021-01-05,UST_2Y,189,2021,SEP_2020-12-16,2020-12-16,13,0.0,0.384302715594578,-1.0,0.384302715594578,-1.0,0.35952600193921774,-1.0,0.6061042611618919,1.0,0.5,0.0,0.0,-1.0,1.0,1.0
2021-01-05,UST_5Y,5,2021,SEP_2020-12-16,2020-12-16,13,0.0,0.5035536237602477,1.0,0.5035536237602477,1.0,0.4865958951396603,-1.0,0.7069256399447398,1.0,0.5,0.0,0.0,-1.0,1.0,1.0
2021-01-05,UST_5Y,21,2021,SEP_2020-12-16,2020-12-16,13,0.0,0.43842583111324573,-1.0,0.43842583111324573,-1.0,0.4136296141524167,-1.0,0.6490938355075433,1.0,0.5,0.0,0.0,-1.0,1.0,1.0
2021-01-05,UST_5Y,63,2021,SEP_2020-12-16,2020-12-16,13,0.0,0.3898490903494673,-1.0,0.3898490903494673,-1.0,0.36006463937698907,-1.0,0.6015322093369658,1.0,0.5,0.0,0.0,-1.0,0.0,-1.0
2021-01-05,UST_5Y,126,2021,SEP_2020-12-16,2020-12-16,13,0.0,0.36022660239871634,-1.0,0.36022660239871634,-1.0,0.32789114504166345,-1.0,0.5704396942576885,1.0,0.5,0.0,0.0,-1.0,1.0,1.0
2021-01-05,UST_5Y,189,2021,SEP_2020-12-16,2020-12-16,13,0.0,0.3433637107992402,-1.0,0.3433637107992402,-1.0,0.30977177650954835,-1.0,0.5519736808476192,1.0,0.5,0.0,0.0,-1.0,1.0,1.0
2021-02-02,UST_2Y,5,2021,SEP_2020-12-16,2020-12-16,33,0.0,0.5476623125827681,1.0,0.5476623125827681,1.0,0.5424314948486034,1.0,0.797740156078837,1.0,0.5,0.0,0.5,0.0,0.0,-1.0
2021-02-02,UST_2Y,21,2021,SEP_2020-12-16,2020-12-16,33,0.0,0.4823727949722612,-1.0,0.4823727949722612,-1.0,0.46873677073089004,-1.0,0.7515300012802162,1.0,0.5,0.0,0.5,0.0,0.0,-1.0
2021-02-02,UST_2Y,63,2021,SEP_2020-12-16,2020-12-16,33,0.0,0.4326784384306709,-1.0,0.4326784384306709,-1.0,0.4130625685435651,-1.0,0.7116854573777592,1.0,0.5,0.0,0.5,0.0,0.0,-1.0
2021-02-02,UST_2Y,126,2021,SEP_2020-12-16,2020-12-16,33,0.0,0.40194544339285665,-1.0,0.40194544339285665,-1.0,0.3789578009966417,-1.0,0.6846826591743659,1.0,0.5,0.0,0.5,0.0,1.0,1.0
2021-02-02,UST_2Y,189,2021,SEP_2020-12-16,2020-12-16,33,0.0,0.384302715594578,-1.0,0.384302715594578,-1.0,0.35952600193921774,-1.0,0.6682717887443109,1.0,0.5,0.0,0.5,0.0,1.0,1.0
2021-02-02,UST_5Y,5,2021,SEP_2020-12-16,2020-12-16,33,0.0,0.5035536237602477,1.0,0.5035536237602477,1.0,0.4865958951396603,-1.0,0.7594949011172645,1.0,0.5,0.0,1.0,1.0,1.0,1.0
2021-02-02,UST_5Y,21,2021,SEP_2020-12-16,2020-12-16,33,0.0,0.43842583111324573,-1.0,0.43842583111324573,-1.0,0.4136296141524167,-1.0,0.7077479972137911,1.0,0.5,0.0,1.0,1.0,0.0,-1.0
2021-02-02,UST_5Y,63,2021,SEP_2020-12-16,2020-12-16,33,0.0,0.3898490903494673,-1.0,0.3898490903494673,-1.0,0.36006463937698907,-1.0,0.6640213338216444,1.0,0.5,0.0,1.0,1.0,0.0,-1.0
2021-02-02,UST_5Y,126,2021,SEP_2020-12-16,2020-12-16,33,0.0,0.36022660239871634,-1.0,0.36022660239871634,-1.0,0.32789114504166345,-1.0,0.6348448985743042,1.0,0.5,0.0,1.0,1.0,1.0,1.0
2021-02-02,UST_5Y,189,2021,SEP_2020-12-16,2020-12-16,33,0.0,0.3433637107992402,-1.0,0.3433637107992402,-1.0,0.30977177650954835,-1.0,0.6172900423372084,1.0,0.5,0.0,1.0,1.0,1.0,1.0
2021-03-02,UST_2Y,5,2021,SEP_2020-12-16,2020-12-16,53,0.0,0.5476623125827681,1.0,0.5476623125827681,1.0,0.5424314948486034,1.0,0.5866206432210906,1.0,0.5,0.0,1.0,1.0,1.0,1.0
2021-03-02,UST_2Y,21,2021,SEP_2020-12-16,2020-12-16,53,0.0,0.4823727949722612,-1.0,0.4823727949722612,-1.0,0.46873677073089004,-1.0,0.521130396873145,1.0,0.5,0.0,1.0,1.0,1.0,1.0
2021-03-02,UST_2Y,63,2021,SEP_2020-12-16,2020-12-16,53,0.0,0.4326784384306709,-1.0,0.4326784384306709,-1.0,0.4130625685435651,-1.0,0.47037646788460474,-1.0,0.5,0.0,1.0,1.0,1.0,1.0
2021-03-02,UST_2Y,126,2021,SEP_2020-12-16,2020-12-16,53,0.0,0.40194544339285665,-1.0,0.40194544339285665,-1.0,0.3789578009966417,-1.0,0.4386011480386143,-1.0,0.5,0.0,1.0,1.0,1.0,1.0
2021-03-02,UST_2Y,189,2021,SEP_2020-12-16,2020-12-16,53,0.0,0.384302715594578,-1.0,0.384302715594578,-1.0,0.35952600193921774,-1.0,0.42022785546809716,-1.0,0.5,0.0,1.0,1.0,1.0,1.0
2021-03-02,UST_5Y,5,2021,SEP_2020-12-16,2020-12-16,53,0.0,0.5035536237602477,1.0,0.5035536237602477,1.0,0.4865958951396603,-1.0,0.5318805052224967,1.0,0.5,0.0,1.0,1.0,1.0,1.0
2021-03-02,UST_5Y,21,2021,SEP_2020-12-16,2020-12-16,53,0.0,0.43842583111324573,-1.0,0.43842583111324573,-1.0,0.4136296141524167,-1.0,0.4656179905973355,-1.0,0.5,0.0,1.0,1.0,0.0,-1.0
2021-03-02,UST_5Y,63,2021,SEP_2020-12-16,2020-12-16,53,0.0,0.3898490903494673,-1.0,0.3898490903494673,-1.0,0.36006463937698907,-1.0,0.4155786202645593,-1.0,0.5,0.0,1.0,1.0,1.0,1.0
2021-03-02,UST_5Y,126,2021,SEP_2020-12-16,2020-12-16,53,0.0,0.36022660239871634,-1.0,0.36022660239871634,-1.0,0.32789114504166345,-1.0,0.3848154237853172,-1.0,0.5,0.0,1.0,1.0,1.0,1.0
2021-03-02,UST_5Y,189,2021,SEP_2020-12-16,2020-12-16,53,0.0,0.3433637107992402,-1.0,0.3433637107992402,-1.0,0.30977177650954835,-1.0,0.36722144333089757,-1.0,0.5,0.0,1.0,1.0,1.0,1.0
2021-04-06,UST_2Y,5,2021,SEP_2021-03-17,2021-03-17,13,0.0,0.5476623125827681,1.0,0.5476623125827681,1.0,0.5424314948486034,1.0,0.5420263644043217,1.0,0.5,0.0,1.0,1.0,0.0,-1.0
2021-04-06,UST_2Y,21,2021,SEP_2021-03-17,2021-03-17,13,0.0,0.4823727949722612,-1.0,0.4823727949722612,-1.0,0.46873677073089004,-1.0,0.4757845464756772,-1.0,0.5,0.0,1.0,1.0,0.0,-1.0
2021-04-06,UST_2Y,63,2021,SEP_2021-03-17,2021-03-17,13,0.0,0.4326784384306709,-1.0,0.4326784384306709,-1.0,0.4130625685435651,-1.0,0.4255226043811199,-1.0,0.5,0.0,1.0,1.0,1.0,1.0
2021-04-06,UST_2Y,126,2021,SEP_2021-03-17,2021-03-17,13,0.0,0.40194544339285665,-1.0,0.40194544339285665,-1.0,0.3789578009966417,-1.0,0.39452021945030324,-1.0,0.5,0.0,1.0,1.0,1.0,1.0
2021-04-06,UST_2Y,189,2021,SEP_2021-03-17,2021-03-17,13,0.0,0.384302715594578,-1.0,0.384302715594578,-1.0,0.35952600193921774,-1.0,0.3767542684573845,-1.0,0.5,0.0,1.0,1.0,1.0,1.0
2021-04-06,UST_5Y,5,2021,SEP_2021-03-17,2021-03-17,13,0.0,0.5035536237602477,1.0,0.5035536237602477,1.0,0.4865958951396603,-1.0,0.4865496568877296,-1.0,0.5,0.0,1.0,1.0,1.0,1.0
2021-04-06,UST_5Y,21,2021,SEP_2021-03-17,2021-03-17,13,0.0,0.43842583111324573,-1.0,0.43842583111324573,-1.0,0.4136296141524167,-1.0,0.4208573127421406,-1.0,0.5,0.0,1.0,1.0,1.0,1.0
2021-04-06,UST_5Y,63,2021,SEP_2021-03-17,2021-03-17,13,0.0,0.3898490903494673,-1.0,0.3898490903494673,-1.0,0.36006463937698907,-1.0,0.37227716952623774,-1.0,0.5,0.0,1.0,1.0,1.0,1.0
2021-04-06,UST_5Y,126,2021,SEP_2021-03-17,2021-03-17,13,0.0,0.36022660239871634,-1.0,0.36022660239871634,-1.0,0.32789114504166345,-1.0,0.3428389853031657,-1.0,0.5,0.0,1.0,1.0,1.0,1.0
2021-04-06,UST_5Y,189,2021,SEP_2021-03-17,2021-03-17,13,0.0,0.3433637107992402,-1.0,0.3433637107992402,-1.0,0.30977177650954835,-1.0,0.3261467140892204,-1.0,0.5,0.0,1.0,1.0,1.0,1.0
2021-05-04,UST_2Y,5,2021,SEP_2021-03-17,2021-03-17,33,0.0,0.5476623125827681,1.0,0.5476623125827681,1.0,0.5424314948486034,1.0,0.4309445741542745,-1.0,0.5,0.0,0.5,0.0,1.0,1.0
2021-05-04,UST_2Y,21,2021,SEP_2021-03-17,2021-03-17,33,0.0,0.4823727949722612,-1.0,0.4823727949722612,-1.0,0.46873677073089004,-1.0,0.3673879390009205,-1.0,0.5,0.0,0.5,0.0,1.0,1.0
2021-05-04,UST_2Y,63,2021,SEP_2021-03-17,2021-03-17,33,0.0,0.4326784384306709,-1.0,0.4326784384306709,-1.0,0.4130625685435651,-1.0,0.3215529827897324,-1.0,0.5,0.0,0.5,0.0,0.0,-1.0
2021-05-04,UST_2Y,126,2021,SEP_2021-03-17,2021-03-17,33,0.0,0.40194544339285665,-1.0,0.40194544339285665,-1.0,0.3789578009966417,-1.0,0.29424567307866784,-1.0,0.5,0.0,0.5,0.0,1.0,1.0
2021-05-04,UST_2Y,189,2021,SEP_2021-03-17,2021-03-17,33,0.0,0.384302715594578,-1.0,0.384302715594578,-1.0,0.35952600193921774,-1.0,0.2789151729381537,-1.0,0.5,0.0,0.5,0.0,1.0,1.0
2021-05-04,UST_5Y,5,2021,SEP_2021-03-17,2021-03-17,33,0.0,0.5035536237602477,1.0,0.5035536237602477,1.0,0.4865958951396603,-1.0,0.3774664726177703,-1.0,0.5,0.0,0.0,-1.0,1.0,1.0
2021-05-04,UST_5Y,21,2021,SEP_2021-03-17,2021-03-17,33,0.0,0.43842583111324573,-1.0,0.43842583111324573,-1.0,0.4136296141524167,-1.0,0.31739779347216346,-1.0,0.5,0.0,0.0,-1.0,1.0,1.0
2021-05-04,UST_5Y,63,2021,SEP_2021-03-17,2021-03-17,33,0.0,0.3898490903494673,-1.0,0.3898490903494673,-1.0,0.36006463937698907,-1.0,0.27508755765589055,-1.0,0.5,0.0,0.0,-1.0,0.0,-1.0
2021-05-04,UST_5Y,126,2021,SEP_2021-03-17,2021-03-17,33,0.0,0.36022660239871634,-1.0,0.36022660239871634,-1.0,0.32789114504166345,-1.0,0.2502706133880487,-1.0,0.5,0.0,0.0,-1.0,1.0,1.0
2021-05-04,UST_5Y,189,2021,SEP_2021-03-17,2021-03-17,33,0.0,0.3433637107992402,-1.0,0.3433637107992402,-1.0,0.30977177650954835,-1.0,0.2364636084513891,-1.0,0.5,0.0,0.0,-1.0,1.0,1.0
2021-06-01,UST_2Y,5,2021,SEP_2021-03-17,2021-03-17,53,0.0,0.5476623125827681,1.0,0.5476623125827681,1.0,0.5424314948486034,1.0,0.8932051281137556,1.0,0.5,0.0,0.0,-1.0,1.0,1.0
2021-06-01,UST_2Y,21,2021,SEP_2021-03-17,2021-03-17,53,0.0,0.4823727949722612,-1.0,0.4823727949722612,-1.0,0.46873677073089004,-1.0,0.8651180096926478,1.0,0.5,0.0,0.0,-1.0,1.0,1.0
2021-06-01,UST_2Y,63,2021,SEP_2021-03-17,2021-03-17,53,0.0,0.4326784384306709,-1.0,0.4326784384306709,-1.0,0.4130625685435651,-1.0,0.8396007750520104,1.0,0.5,0.0,0.0,-1.0,1.0,1.0
2021-06-01,UST_2Y,126,2021,SEP_2021-03-17,2021-03-17,53,0.0,0.40194544339285665,-1.0,0.40194544339285665,-1.0,0.3789578009966417,-1.0,0.8215746577290538,1.0,0.5,0.0,0.0,-1.0,1.0,1.0
2021-06-01,UST_2Y,189,2021,SEP_2021-03-17,2021-03-17,53,0.0,0.384302715594578,-1.0,0.384302715594578,-1.0,0.35952600193921774,-1.0,0.8103145944010921,1.0,0.5,0.0,0.0,-1.0,0.0,-1.0
2021-06-01,UST_5Y,5,2021,SEP_2021-03-17,2021-03-17,53,0.0,0.5035536237602477,1.0,0.5035536237602477,1.0,0.4865958951396603,-1.0,0.8700712601413882,1.0,0.5,0.0,0.0,-1.0,0.0,-1.0
2021-06-01,UST_5Y,21,2021,SEP_2021-03-17,2021-03-17,53,0.0,0.43842583111324573,-1.0,0.43842583111324573,-1.0,0.4136296141524167,-1.0,0.8370101535437786,1.0,0.5,0.0,0.0,-1.0,1.0,1.0
2021-06-01,UST_5Y,63,2021,SEP_2021-03-17,2021-03-17,53,0.0,0.3898490903494673,-1.0,0.3898490903494673,-1.0,0.36006463937698907,-1.0,0.8073594966545999,1.0,0.5,0.0,0.0,-1.0,1.0,1.0
2021-06-01,UST_5Y,126,2021,SEP_2021-03-17,2021-03-17,53,0.0,0.36022660239871634,-1.0,0.36022660239871634,-1.0,0.32789114504166345,-1.0,0.7866308256463451,1.0,0.5,0.0,0.0,-1.0,1.0,1.0
2021-06-01,UST_5Y,189,2021,SEP_2021-03-17,2021-03-17,53,0.0,0.3433637107992402,-1.0,0.3433637107992402,-1.0,0.30977177650954835,-1.0,0.7737727568480645,1.0,0.5,0.0,0.0,-1.0,0.0,-1.0
2021-07-06,UST_2Y,5,2021,SEP_2021-06-16,2021-06-16,13,0.0,0.5476623125827681,1.0,0.5476623125827681,1.0,0.5424314948486034,1.0,0.9617753115002228,1.0,0.5,0.0,1.0,1.0,1.0,1.0
2021-07-06,UST_2Y,21,2021,SEP_2021-06-16,2021-06-16,13,0.0,0.4823727949722612,-1.0,0.4823727949722612,-1.0,0.46873677073089004,-1.0,0.9507273695238674,1.0,0.5,0.0,1.0,1.0,1.0,1.0
2021-07-06,UST_2Y,63,2021,SEP_2021-06-16,2021-06-16,13,0.0,0.4326784384306709,-1.0,0.4326784384306709,-1.0,0.4130625685435651,-1.0,0.9402880194514177,1.0,0.5,0.0,1.0,1.0,0.0,-1.0
2021-07-06,UST_2Y,126,2021,SEP_2021-06-16,2021-06-16,13,0.0,0.40194544339285665,-1.0,0.40194544339285665,-1.0,0.3789578009966417,-1.0,0.9326699947807633,1.0,0.5,0.0,1.0,1.0,1.0,1.0
2021-07-06,UST_2Y,189,2021,SEP_2021-06-16,2021-06-16,13,0.0,0.384302715594578,-1.0,0.384302715594578,-1.0,0.35952600193921774,-1.0,0.9278048483146498,1.0,0.5,0.0,1.0,1.0,0.0,-1.0
2021-07-06,UST_5Y,5,2021,SEP_2021-06-16,2021-06-16,13,0.0,0.5035536237602477,1.0,0.5035536237602477,1.0,0.4865958951396603,-1.0,0.9527086563772811,1.0,0.5,0.0,1.0,1.0,1.0,1.0
2021-07-06,UST_5Y,21,2021,SEP_2021-06-16,2021-06-16,13,0.0,0.43842583111324573,-1.0,0.43842583111324573,-1.0,0.4136296141524167,-1.0,0.9392058550517952,1.0,0.5,0.0,1.0,1.0,0.0,-1.0
2021-07-06,UST_5Y,63,2021,SEP_2021-06-16,2021-06-16,13,0.0,0.3898490903494673,-1.0,0.3898490903494673,-1.0,0.36006463937698907,-1.0,0.9265141312382181,1.0,0.5,0.0,1.0,1.0,1.0,1.0
2021-07-06,UST_5Y,126,2021,SEP_2021-06-16,2021-06-16,13,0.0,0.36022660239871634,-1.0,0.36022660239871634,-1.0,0.32789114504166345,-1.0,0.9172934077492335,1.0,0.5,0.0,1.0,1.0,1.0,1.0
2021-07-06,UST_5Y,189,2021,SEP_2021-06-16,2021-06-16,13,0.0,0.3433637107992402,-1.0,0.3433637107992402,-1.0,0.30977177650954835,-1.0,0.9114226981153937,1.0,0.5,0.0,1.0,1.0,1.0,1.0
2021-08-03,UST_2Y,5,2021,SEP_2021-06-16,2021-06-16,33,0.0,0.5476623125827681,1.0,0.5476623125827681,1.0,0.5424314948486034,1.0,0.9852085272225631,1.0,0.5,0.0,0.0,-1.0,0.0,-1.0
2021-08-03,UST_2Y,21,2021,SEP_2021-06-16,2021-06-16,33,0.0,0.4823727949722612,-1.0,0.4823727949722612,-1.0,0.46873677073089004,-1.0,0.9807981828246186,1.0,0.5,0.0,0.0,-1.0,1.0,1.0
2021-08-03,UST_2Y,63,2021,SEP_2021-06-16,2021-06-16,33,0.0,0.4326784384306709,-1.0,0.4326784384306709,-1.0,0.4130625685435651,-1.0,0.9765729191316926,1.0,0.5,0.0,0.0,-1.0,1.0,1.0
2021-08-03,UST_2Y,126,2021,SEP_2021-06-16,2021-06-16,33,0.0,0.40194544339285665,-1.0,0.40194544339285665,-1.0,0.3789578009966417,-1.0,0.9734534101463093,1.0,0.5,0.0,0.0,-1.0,1.0,1.0
2021-08-03,UST_2Y,189,2021,SEP_2021-06-16,2021-06-16,33,0.0,0.384302715594578,-1.0,0.384302715594578,-1.0,0.35952600193921774,-1.0,0.9714449760750598,1.0,0.5,0.0,0.0,-1.0,1.0,1.0
2021-08-03,UST_5Y,5,2021,SEP_2021-06-16,2021-06-16,33,0.0,0.5035536237602477,1.0,0.5035536237602477,1.0,0.4865958951396603,-1.0,0.9815937110553961,1.0,0.5,0.0,0.0,-1.0,1.0,1.0
2021-08-03,UST_5Y,21,2021,SEP_2021-06-16,2021-06-16,33,0.0,0.43842583111324573,-1.0,0.43842583111324573,-1.0,0.4136296141524167,-1.0,0.976131656095371,1.0,0.5,0.0,0.0,-1.0,1.0,1.0
2021-08-03,UST_5Y,63,2021,SEP_2021-06-16,2021-06-16,33,0.0,0.3898490903494673,-1.0,0.3898490903494673,-1.0,0.36006463937698907,-1.0,0.9709100023176299,1.0,0.5,0.0,0.0,-1.0,0.0,-1.0
2021-08-03,UST_5Y,126,2021,SEP_2021-06-16,2021-06-16,33,0.0,0.36022660239871634,-1.0,0.36022660239871634,-1.0,0.32789114504166345,-1.0,0.9670618625586459,1.0,0.5,0.0,0.0,-1.0,1.0,1.0
2021-08-03,UST_5Y,189,2021,SEP_2021-06-16,2021-06-16,33,0.0,0.3433637107992402,-1.0,0.3433637107992402,-1.0,0.30977177650954835,-1.0,0.9645874547346835,1.0,0.5,0.0,0.0,-1.0,0.0,-1.0
2021-09-07,UST_2Y,5,2021,SEP_2021-06-16,2021-06-16,58,0.0,0.5476623125827681,1.0,0.5476623125827681,1.0,0.5424314948486034,1.0,0.9831482625066705,1.0,0.5,0.0,1.0,1.0,1.0,1.0
2021-09-07,UST_2Y,21,2021,SEP_2021-06-16,2021-06-16,58,0.0,0.4823727949722612,-1.0,0.4823727949722612,-1.0,0.46873677073089004,-1.0,0.9781372450627869,1.0,0.5,0.0,1.0,1.0,1.0,1.0
2021-09-07,UST_2Y,63,2021,SEP_2021-06-16,2021-06-16,58,0.0,0.4326784384306709,-1.0,0.4326784384306709,-1.0,0.4130625685435651,-1.0,0.9733423696634979,1.0,0.5,0.0,1.0,1.0,0.0,-1.0
2021-09-07,UST_2Y,126,2021,SEP_2021-06-16,2021-06-16,58,0.0,0.40194544339285665,-1.0,0.40194544339285665,-1.0,0.3789578009966417,-1.0,0.9698059866541114,1.0,0.5,0.0,1.0,1.0,1.0,1.0
2021-09-07,UST_2Y,189,2021,SEP_2021-06-16,2021-06-16,58,0.0,0.384302715594578,-1.0,0.384302715594578,-1.0,0.35952600193921774,-1.0,0.9675308039525703,1.0,0.5,0.0,1.0,1.0,1.0,1.0
2021-09-07,UST_5Y,5,2021,SEP_2021-06-16,2021-06-16,58,0.0,0.5035536237602477,1.0,0.5035536237602477,1.0,0.4865958951396603,-1.0,0.9790406596809093,1.0,0.5,0.0,1.0,1.0,1.0,1.0
2021-09-07,UST_5Y,21,2021,SEP_2021-06-16,2021-06-16,58,0.0,0.43842583111324573,-1.0,0.43842583111324573,-1.0,0.4136296141524167,-1.0,0.9728419494939352,1.0,0.5,0.0,1.0,1.0,1.0,1.0
2021-09-07,UST_5Y,63,2021,SEP_2021-06-16,2021-06-16,58,0.0,0.3898490903494673,-1.0,0.3898490903494673,-1.0,0.36006463937698907,-1.0,0.9669249955431064,1.0,0.5,0.0,1.0,1.0,0.0,-1.0
2021-09-07,UST_5Y,126,2021,SEP_2021-06-16,2021-06-16,58,0.0,0.36022660239871634,-1.0,0.36022660239871634,-1.0,0.32789114504166345,-1.0,0.962570025835551,1.0,0.5,0.0,1.0,1.0,1.0,1.0
2021-09-07,UST_5Y,189,2021,SEP_2021-06-16,2021-06-16,58,0.0,0.3433637107992402,-1.0,0.3433637107992402,-1.0,0.30977177650954835,-1.0,0.9597722150884316,1.0,0.5,0.0,1.0,1.0,1.0,1.0
2021-10-05,UST_2Y,5,2021,SEP_2021-09-22,2021-09-22,8,0.19999999999999998,0.6050228401686794,1.0,0.6050228401686794,1.0,0.5424314948486034,1.0,0.8745280845141592,1.0,0.5,0.0,1.0,1.0,1.0,1.0
2021-10-05,UST_2Y,21,2021,SEP_2021-09-22,2021-09-22,8,0.19999999999999998,0.5410748090538811,1.0,0.5410748090538811,1.0,0.46873677073089004,-1.0,0.8423956182361717,1.0,0.5,0.0,1.0,1.0,1.0,1.0
2021-10-05,UST_2Y,63,2021,SEP_2021-09-22,2021-09-22,8,0.19999999999999998,0.4910701826785103,-1.0,0.4910701826785103,-1.0,0.4130625685435651,-1.0,0.813506381847513,1.0,0.5,0.0,1.0,1.0,1.0,1.0
2021-10-05,UST_2Y,126,2021,SEP_2021-09-22,2021-09-22,8,0.19999999999999998,0.45954929177674625,-1.0,0.45954929177674625,-1.0,0.3789578009966417,-1.0,0.7932697713229141,1.0,0.5,0.0,1.0,1.0,0.0,-1.0
2021-10-05,UST_2Y,189,2021,SEP_2021-09-22,2021-09-22,8,0.19999999999999998,0.44124360645232136,-1.0,0.44124360645232136,-1.0,0.35952600193921774,-1.0,0.7807002443606239,1.0,0.5,0.0,1.0,1.0,0.0,-1.0
2021-10-05,UST_5Y,5,2021,SEP_2021-09-22,2021-09-22,8,0.19999999999999998,0.5620345064322799,1.0,0.5620345064322799,1.0,0.4865958951396603,-1.0,0.8480367266603384,1.0,0.5,0.0,1.0,1.0,1.0,1.0
2021-10-05,UST_5Y,21,2021,SEP_2021-09-22,2021-09-22,8,0.19999999999999998,0.49691383585639454,-1.0,0.49691383585639454,-1.0,0.4136296141524167,-1.0,0.8105893856540697,1.0,0.5,0.0,1.0,1.0,1.0,1.0
2021-10-05,UST_5Y,63,2021,SEP_2021-09-22,2021-09-22,8,0.19999999999999998,0.4470151260098885,-1.0,0.4470151260098885,-1.0,0.36006463937698907,-1.0,0.7774105198092339,1.0,0.5,0.0,1.0,1.0,1.0,1.0
2021-10-05,UST_5Y,126,2021,SEP_2021-09-22,2021-09-22,8,0.19999999999999998,0.41601053097984514,-1.0,0.41601053097984514,-1.0,0.32789114504166345,-1.0,0.7544394142343916,1.0,0.5,0.0,1.0,1.0,0.0,-1.0
2021-10-05,UST_5Y,189,2021,SEP_2021-09-22,2021-09-22,8,0.19999999999999998,0.3981614562261869,-1.0,0.3981614562261869,-1.0,0.30977177650954835,-1.0,0.7402819186089343,1.0,0.5,0.0,1.0,1.0,1.0,1.0
2021-11-02,UST_2Y,5,2021,SEP_2021-09-22,2021-09-22,28,0.19999999999999998,0.6050228401686794,1.0,0.6050228401686794,1.0,0.6083381748333698,1.0,0.9206277238327423,1.0,0.5,0.0,1.0,1.0,1.0,1.0
2021-11-02,UST_2Y,21,2021,SEP_2021-09-22,2021-09-22,28,0.19999999999999998,0.5410748090538811,1.0,0.5410748090538811,1.0,0.5361818211555187,1.0,0.8989367327855428,1.0,0.5,0.0,1.0,1.0,0.0,-1.0
2021-11-02,UST_2Y,63,2021,SEP_2021-09-22,2021-09-22,28,0.19999999999999998,0.4910701826785103,-1.0,0.4910701826785103,-1.0,0.4797305709617488,-1.0,0.8789219691888541,1.0,0.5,0.0,1.0,1.0,1.0,1.0
2021-11-02,UST_2Y,126,2021,SEP_2021-09-22,2021-09-22,28,0.19999999999999998,0.45954929177674625,-1.0,0.45954929177674625,-1.0,0.4442879918133324,-1.0,0.8646022466817347,1.0,0.5,0.0,1.0,1.0,1.0,1.0
2021-11-02,UST_2Y,189,2021,SEP_2021-09-22,2021-09-22,28,0.19999999999999998,0.44124360645232136,-1.0,0.44124360645232136,-1.0,0.423792216470122,-1.0,0.8555802463106145,1.0,0.5,0.0,1.0,1.0,1.0,1.0
2021-11-02,UST_5Y,5,2021,SEP_2021-09-22,2021-09-22,28,0.19999999999999998,0.5620345064322799,1.0,0.5620345064322799,1.0,0.5539313012670776,1.0,0.9027876166906456,1.0,0.5,0.0,1.0,1.0,1.0,1.0
2021-11-02,UST_5Y,21,2021,SEP_2021-09-22,2021-09-22,28,0.19999999999999998,0.49691383585639454,-1.0,0.49691383585639454,-1.0,0.4803142422520177,-1.0,0.8768732937186198,1.0,0.5,0.0,1.0,1.0,1.0,1.0
2021-11-02,UST_5Y,63,2021,SEP_2021-09-22,2021-09-22,28,0.19999999999999998,0.4470151260098885,-1.0,0.4470151260098885,-1.0,0.42436334195667874,-1.0,0.8532025863831102,1.0,0.5,0.0,1.0,1.0,0.0,-1.0
2021-11-02,UST_5Y,126,2021,SEP_2021-09-22,2021-09-22,28,0.19999999999999998,0.41601053097984514,-1.0,0.41601053097984514,-1.0,0.3899454158865848,-1.0,0.8364072356145422,1.0,0.5,0.0,1.0,1.0,0.0,-1.0
2021-11-02,UST_5Y,189,2021,SEP_2021-09-22,2021-09-22,28,0.19999999999999998,0.3981614562261869,-1.0,0.3981614562261869,-1.0,0.37028613017135337,-1.0,0.8258848497403859,1.0,0.5,0.0,1.0,1.0,1.0,1.0
2021-12-07,UST_2Y,5,2021,SEP_2021-09-22,2021-09-22,53,0.19999999999999998,0.6050228401686794,1.0,0.6050228401686794,1.0,0.6083381748333698,1.0,0.9772307527607605,1.0,0.5,0.0,1.0,1.0,1.0,1.0
2021-12-07,UST_2Y,21,2021,SEP_2021-09-22,2021-09-22,53,0.19999999999999998,0.5410748090538811,1.0,0.5410748090538811,1.0,0.5361818211555187,1.0,0.9705128855976355,1.0,0.5,0.0,1.0,1.0,1.0,1.0
2021-12-07,UST_2Y,63,2021,SEP_2021-09-22,2021-09-22,53,0.19999999999999998,0.4910701826785103,-1.0,0.4910701826785103,-1.0,0.4797305709617488,-1.0,0.9641072176908378,1.0,0.5,0.0,1.0,1.0,1.0,1.0
2021-12-07,UST_2Y,126,2021,SEP_2021-09-22,2021-09-22,53,0.19999999999999998,0.45954929177674625,-1.0,0.45954929177674625,-1.0,0.4442879918133324,-1.0,0.9593968122558988,1.0,0.5,0.0,1.0,1.0,1.0,1.0
2021-12-07,UST_2Y,189,2021,SEP_2021-09-22,2021-09-22,53,0.19999999999999998,0.44124360645232136,-1.0,0.44124360645232136,-1.0,0.423792216470122,-1.0,0.9563725609823931,1.0,0.5,0.0,1.0,1.0,1.0,1.0
2021-12-07,UST_5Y,5,2021,SEP_2021-09-22,2021-09-22,53,0.19999999999999998,0.5620345064322799,1.0,0.5620345064322799,1.0,0.5539313012670776,1.0,0.9717222464847355,1.0,0.5,0.0,1.0,1.0,1.0,1.0
2021-12-07,UST_5Y,21,2021,SEP_2021-09-22,2021-09-22,53,0.19999999999999998,0.49691383585639454,-1.0,0.49691383585639454,-1.0,0.4803142422520177,-1.0,0.9634399459249919,1.0,0.5,0.0,1.0,1.0,0.0,-1.0
2021-12-07,UST_5Y,63,2021,SEP_2021-09-22,2021-09-22,53,0.19999999999999998,0.4470151260098885,-1.0,0.4470151260098885,-1.0,0.42436334195667874,-1.0,0.9555681234057783,1.0,0.5,0.0,1.0,1.0,1.0,1.0
2021-12-07,UST_5Y,126,2021,SEP_2021-09-22,2021-09-22,53,0.19999999999999998,0.41601053097984514,-1.0,0.41601053097984514,-1.0,0.3899454158865848,-1.0,0.9497954414557631,1.0,0.5,0.0,1.0,1.0,1.0,1.0
2021-12-07,UST_5Y,189,2021,SEP_2021-09-22,2021-09-22,53,0.19999999999999998,0.3981614562261869,-1.0,0.3981614562261869,-1.0,0.37028613017135337,-1.0,0.9460962305027205,1.0,0.5,0.0,1.0,1.0,1.0,1.0
2022-01-04,UST_2Y,5,2022,SEP_2021-12-15,2021-12-15,13,0.8,0.6812668714751489,1.0,0.6812668714751489,1.0,0.6182603746423287,1.0,0.9551227637555216,1.0,1.0,1.0,1.0,1.0,1.0,1.0
2022-01-04,UST_2Y,21,2022,SEP_2021-12-15,2021-12-15,13,0.8,0.6696699958571262,1.0,0.6696699958571262,1.0,0.5995430210619105,1.0,0.954778344022099,1.0,1.0,1.0,1.0,1.0,1.0,1.0
2022-01-04,UST_2Y,63,2022,SEP_2021-12-15,2021-12-15,13,0.8,0.6606496221713661,1.0,0.6606496221713661,1.0,0.5850120058009869,1.0,0.954512977249578,1.0,1.0,1.0,1.0,1.0,0.0,-1.0
2022-01-04,UST_2Y,126,2022,SEP_2021-12-15,2021-12-15,13,0.8,0.6548972891625097,1.0,0.6548972891625097,1.0,0.5757655517072131,1.0,0.9543447871337257,1.0,1.0,1.0,1.0,1.0,1.0,1.0
2022-01-04,UST_2Y,189,2022,SEP_2021-12-15,2021-12-15,13,0.8,0.651511110330517,1.0,0.651511110330517,1.0,0.5703315927471798,1.0,0.954246127891933,1.0,1.0,1.0,1.0,1.0,1.0,1.0
2022-01-04,UST_5Y,5,2022,SEP_2021-12-15,2021-12-15,13,0.8,0.6534075746267789,1.0,0.6534075746267789,1.0,0.5800558575582873,1.0,0.9478849617708633,1.0,1.0,1.0,1.0,1.0,0.0,-1.0
2022-01-04,UST_5Y,21,2022,SEP_2021-12-15,2021-12-15,13,0.8,0.6413307138753133,1.0,0.6413307138753133,1.0,0.5607959908296714,1.0,0.9474880480025124,1.0,1.0,1.0,1.0,1.0,0.0,-1.0
2022-01-04,UST_5Y,63,2022,SEP_2021-12-15,2021-12-15,13,0.8,0.6319617769408805,1.0,0.6319617769408805,1.0,0.5459238437414843,1.0,0.9471822673771176,1.0,1.0,1.0,1.0,1.0,1.0,1.0
2022-01-04,UST_5Y,126,2022,SEP_2021-12-15,2021-12-15,13,0.8,0.6259984492811063,1.0,0.6259984492811063,1.0,0.536496494541714,1.0,0.9469884770479652,1.0,1.0,1.0,1.0,1.0,1.0,1.0
2022-01-04,UST_5Y,189,2022,SEP_2021-12-15,2021-12-15,13,0.8,0.6224921661139788,1.0,0.6224921661139788,1.0,0.5309692914655783,1.0,0.9468748060069099,1.0,1.0,1.0,1.0,1.0,1.0,1.0
2022-02-01,UST_2Y,5,2022,SEP_2021-12-15,2021-12-15,33,0.8,0.6812668714751489,1.0,0.6812668714751489,1.0,0.6977310928056303,1.0,0.9316919573691942,1.0,1.0,1.0,1.0,1.0,1.0,1.0
2022-02-01,UST_2Y,21,2022,SEP_2021-12-15,2021-12-15,33,0.8,0.6696699958571262,1.0,0.6696699958571262,1.0,0.6808991927116324,1.0,0.9311806698917732,1.0,1.0,1.0,1.0,1.0,0.0,-1.0
2022-02-01,UST_2Y,63,2022,SEP_2021-12-15,2021-12-15,33,0.8,0.6606496221713661,1.0,0.6606496221713661,1.0,0.6676839795692585,1.0,0.9307868669725966,1.0,1.0,1.0,1.0,1.0,1.0,1.0
2022-02-01,UST_2Y,126,2022,SEP_2021-12-15,2021-12-15,33,0.8,0.6548972891625097,1.0,0.6548972891625097,1.0,0.6592064996986616,1.0,0.930537332838184,1.0,1.0,1.0,1.0,1.0,1.0,1.0
2022-02-01,UST_2Y,189,2022,SEP_2021-12-15,2021-12-15,33,0.8,0.651511110330517,1.0,0.651511110330517,1.0,0.6541994205991085,1.0,0.9303909790591347,1.0,1.0,1.0,1.0,1.0,1.0,1.0
2022-02-01,UST_5Y,5,2022,SEP_2021-12-15,2021-12-15,33,0.8,0.6534075746267789,1.0,0.6534075746267789,1.0,0.6631466554812203,1.0,0.9209878440091683,1.0,1.0,1.0,1.0,1.0,0.0,-1.0
2022-02-01,UST_5Y,21,2022,SEP_2021-12-15,2021-12-15,33,0.8,0.6413307138753133,1.0,0.6413307138753133,1.0,0.6453677519352808,1.0,0.9204032808602871,1.0,1.0,1.0,1.0,1.0,1.0,1.0
2022-02-01,UST_5Y,63,2022,SEP_2021-12-15,2021-12-15,33,0.8,0.6319617769408805,1.0,0.6319617769408805,1.0,0.6314774594263949,1.0,0.9199531082150318,1.0,1.0,1.0,1.0,1.0,1.0,1.0
2022-02-01,UST_5Y,126,2022,SEP_2021-12-15,2021-12-15,33,0.8,0.6259984492811063,1.0,0.6259984492811063,1.0,0.6225984180993612,1.0,0.9196678861324024,1.0,1.0,1.0,1.0,1.0,1.0,1.0
2022-02-01,UST_5Y,189,2022,SEP_2021-12-15,2021-12-15,33,0.8,0.6224921661139788,1.0,0.6224921661139788,1.0,0.6173656776779184,1.0,0.9195006122206677,1.0,1.0,1.0,1.0,1.0,1.0,1.0
2022-03-01,UST_2Y,5,2022,SEP_2021-12-15,2021-12-15,53,0.8,0.6812668714751489,1.0,0.6812668714751489,1.0,0.6977310928056303,1.0,0.9288765279916225,1.0,1.0,1.0,1.0,1.0,1.0,1.0
2022-03-01,UST_2Y,21,2022,SEP_2021-12-15,2021-12-15,53,0.8,0.6696699958571262,1.0,0.6696699958571262,1.0,0.6808991927116324,1.0,0.9283457876695561,1.0,1.0,1.0,1.0,1.0,1.0,1.0
2022-03-01,UST_2Y,63,2022,SEP_2021-12-15,2021-12-15,53,0.8,0.6606496221713661,1.0,0.6606496221713661,1.0,0.6676839795692585,1.0,0.9279370181825114,1.0,1.0,1.0,1.0,1.0,0.0,-1.0
2022-03-01,UST_2Y,126,2022,SEP_2021-12-15,2021-12-15,53,0.8,0.6548972891625097,1.0,0.6548972891625097,1.0,0.6592064996986616,1.0,0.9276780078189449,1.0,1.0,1.0,1.0,1.0,1.0,1.0
2022-03-01,UST_2Y,189,2022,SEP_2021-12-15,2021-12-15,53,0.8,0.651511110330517,1.0,0.651511110330517,1.0,0.6541994205991085,1.0,0.9275260988155458,1.0,1.0,1.0,1.0,1.0,1.0,1.0
2022-03-01,UST_5Y,5,2022,SEP_2021-12-15,2021-12-15,53,0.8,0.6534075746267789,1.0,0.6534075746267789,1.0,0.6631466554812203,1.0,0.917770165450173,1.0,1.0,1.0,1.0,1.0,0.0,-1.0
2022-03-01,UST_5Y,21,2022,SEP_2021-12-15,2021-12-15,53,0.8,0.6413307138753133,1.0,0.6413307138753133,1.0,0.6453677519352808,1.0,0.9171639377872174,1.0,1.0,1.0,1.0,1.0,0.0,-1.0
2022-03-01,UST_5Y,63,2022,SEP_2021-12-15,2021-12-15,53,0.8,0.6319617769408805,1.0,0.6319617769408805,1.0,0.6314774594263949,1.0,0.9166971026381013,1.0,1.0,1.0,1.0,1.0,1.0,1.0
2022-03-01,UST_5Y,126,2022,SEP_2021-12-15,2021-12-15,53,0.8,0.6259984492811063,1.0,0.6259984492811063,1.0,0.6225984180993612,1.0,0.9164013330808233,1.0,1.0,1.0,1.0,1.0,1.0,1.0
2022-03-01,UST_5Y,189,2022,SEP_2021-12-15,2021-12-15,53,0.8,0.6224921661139788,1.0,0.6224921661139788,1.0,0.6173656776779184,1.0,0.9162278768724994,1.0,1.0,1.0,1.0,1.0,1.0,1.0
2022-04-05,UST_2Y,5,2022,SEP_2022-03-16,2022-03-16,13,0.8999999999999999,0.692672545501007,1.0,0.692672545501007,1.0,0.6977310928056303,1.0,0.9357427316288167,1.0,1.0,1.0,1.0,1.0,0.0,-1.0
2022-04-05,UST_2Y,21,2022,SEP_2022-03-16,2022-03-16,13,0.8999999999999999,0.6812965219311385,1.0,0.6812965219311385,1.0,0.6808991927116324,1.0,0.9352596574503107,1.0,1.0,1.0,1.0,1.0,1.0,1.0
2022-04-05,UST_2Y,63,2022,SEP_2022-03-16,2022-03-16,13,0.8999999999999999,0.6724383401941701,1.0,0.6724383401941701,1.0,0.6676839795692585,1.0,0.9348875634916275,1.0,1.0,1.0,1.0,1.0,0.0,-1.0
2022-04-05,UST_2Y,126,2022,SEP_2022-03-16,2022-03-16,13,0.8999999999999999,0.666785048349035,1.0,0.666785048349035,1.0,0.6592064996986616,1.0,0.934651775635105,1.0,1.0,1.0,1.0,1.0,1.0,1.0
2022-04-05,UST_2Y,189,2022,SEP_2022-03-16,2022-03-16,13,0.8999999999999999,0.6634555713479293,1.0,0.6634555713479293,1.0,0.6541994205991085,1.0,0.9345134806737644,1.0,1.0,1.0,1.0,1.0,1.0,1.0
2022-04-05,UST_5Y,5,2022,SEP_2022-03-16,2022-03-16,13,0.8999999999999999,0.6653204253259859,1.0,0.6653204253259859,1.0,0.6631466554812203,1.0,0.9256227150467015,1.0,1.0,1.0,1.0,1.0,1.0,1.0
2022-04-05,UST_5Y,21,2022,SEP_2022-03-16,2022-03-16,13,0.8999999999999999,0.6534384983504956,1.0,0.6534384983504956,1.0,0.6453677519352808,1.0,0.925069652666816,1.0,1.0,1.0,1.0,1.0,1.0,1.0
2022-04-05,UST_5Y,63,2022,SEP_2022-03-16,2022-03-16,13,0.8999999999999999,0.6442103759176829,1.0,0.6442103759176829,1.0,0.6314774594263949,1.0,0.9246437107224077,1.0,1.0,1.0,1.0,1.0,1.0,1.0
2022-04-05,UST_5Y,126,2022,SEP_2022-03-16,2022-03-16,13,0.8999999999999999,0.6383319325420304,1.0,0.6383319325420304,1.0,0.6225984180993612,1.0,0.9243738281770402,1.0,1.0,1.0,1.0,1.0,1.0,1.0
2022-04-05,UST_5Y,189,2022,SEP_2022-03-16,2022-03-16,13,0.8999999999999999,0.6348738346136962,1.0,0.6348738346136962,1.0,0.6173656776779184,1.0,0.9242155458663915,1.0,1.0,1.0,1.0,1.0,1.0,1.0
2022-05-03,UST_2Y,5,2022,SEP_2022-03-16,2022-03-16,33,0.8999999999999999,0.692672545501007,1.0,0.692672545501007,1.0,0.7100391854640323,1.0,0.934291918410896,1.0,1.0,1.0,1.0,1.0,1.0,1.0
2022-05-03,UST_2Y,21,2022,SEP_2022-03-16,2022-03-16,33,0.8999999999999999,0.6812965219311385,1.0,0.6812965219311385,1.0,0.6935916801412116,1.0,0.9337987089258059,1.0,1.0,1.0,1.0,1.0,1.0,1.0
2022-05-03,UST_2Y,63,2022,SEP_2022-03-16,2022-03-16,33,0.8999999999999999,0.6724383401941701,1.0,0.6724383401941701,1.0,0.680655582716894,1.0,0.9334188159585431,1.0,1.0,1.0,1.0,1.0,1.0,1.0
2022-05-03,UST_2Y,126,2022,SEP_2022-03-16,2022-03-16,33,0.8999999999999999,0.666785048349035,1.0,0.666785048349035,1.0,0.6723466246867862,1.0,0.9331780895705251,1.0,1.0,1.0,1.0,1.0,1.0,1.0
2022-05-03,UST_2Y,189,2022,SEP_2022-03-16,2022-03-16,33,0.8999999999999999,0.6634555713479293,1.0,0.6634555713479293,1.0,0.6674352083242431,1.0,0.933036899322078,1.0,1.0,1.0,1.0,1.0,1.0,1.0
2022-05-03,UST_5Y,5,2022,SEP_2022-03-16,2022-03-16,33,0.8999999999999999,0.6653204253259859,1.0,0.6653204253259859,1.0,0.6762094796933021,1.0,0.9239619772398369,1.0,1.0,1.0,1.0,1.0,1.0,1.0
2022-05-03,UST_5Y,21,2022,SEP_2022-03-16,2022-03-16,33,0.8999999999999999,0.6534384983504956,1.0,0.6534384983504956,1.0,0.6587652552955289,1.0,0.9233975877545523,1.0,1.0,1.0,1.0,1.0,1.0,1.0
2022-05-03,UST_5Y,63,2022,SEP_2022-03-16,2022-03-16,33,0.8999999999999999,0.6442103759176829,1.0,0.6442103759176829,1.0,0.6451111543501707,1.0,0.9229629324853493,1.0,1.0,1.0,1.0,1.0,1.0,1.0
2022-05-03,UST_5Y,126,2022,SEP_2022-03-16,2022-03-16,33,0.8999999999999999,0.6383319325420304,1.0,0.6383319325420304,1.0,0.6363714439776225,1.0,0.9226875336827495,1.0,1.0,1.0,1.0,1.0,1.0,1.0
2022-05-03,UST_5Y,189,2022,SEP_2022-03-16,2022-03-16,33,0.8999999999999999,0.6348738346136962,1.0,0.6348738346136962,1.0,0.6312165545325185,1.0,0.9225260178331285,1.0,1.0,1.0,1.0,1.0,1.0,1.0
2022-06-07,UST_2Y,5,2022,SEP_2022-03-16,2022-03-16,58,0.8999999999999999,0.692672545501007,1.0,0.692672545501007,1.0,0.7100391854640323,1.0,0.8767701732883887,1.0,1.0,1.0,0.0,-1.0,1.0,1.0
2022-06-07,UST_2Y,21,2022,SEP_2022-03-16,2022-03-16,58,0.8999999999999999,0.6812965219311385,1.0,0.6812965219311385,1.0,0.6935916801412116,1.0,0.8759025504170727,1.0,1.0,1.0,0.0,-1.0,1.0,1.0
2022-06-07,UST_2Y,63,2022,SEP_2022-03-16,2022-03-16,58,0.8999999999999999,0.6724383401941701,1.0,0.6724383401941701,1.0,0.680655582716894,1.0,0.8752348130457346,1.0,1.0,1.0,0.0,-1.0,1.0,1.0
2022-06-07,UST_2Y,126,2022,SEP_2022-03-16,2022-03-16,58,0.8999999999999999,0.666785048349035,1.0,0.666785048349035,1.0,0.6723466246867862,1.0,0.8748119343824926,1.0,1.0,1.0,0.0,-1.0,0.0,-1.0
2022-06-07,UST_2Y,189,2022,SEP_2022-03-16,2022-03-16,58,0.8999999999999999,0.6634555713479293,1.0,0.6634555713479293,1.0,0.6674352083242431,1.0,0.8745639972814346,1.0,1.0,1.0,0.0,-1.0,1.0,1.0
2022-06-07,UST_5Y,5,2022,SEP_2022-03-16,2022-03-16,58,0.8999999999999999,0.6653204253259859,1.0,0.6653204253259859,1.0,0.6762094796933021,1.0,0.8587642759985281,1.0,1.0,1.0,0.0,-1.0,1.0,1.0
2022-06-07,UST_5Y,21,2022,SEP_2022-03-16,2022-03-16,58,0.8999999999999999,0.6534384983504956,1.0,0.6534384983504956,1.0,0.6587652552955289,1.0,0.8577904415655739,1.0,1.0,1.0,0.0,-1.0,1.0,1.0
2022-06-07,UST_5Y,63,2022,SEP_2022-03-16,2022-03-16,58,0.8999999999999999,0.6442103759176829,1.0,0.6442103759176829,1.0,0.6451111543501707,1.0,0.8570411536855528,1.0,1.0,1.0,0.0,-1.0,1.0,1.0
2022-06-07,UST_5Y,126,2022,SEP_2022-03-16,2022-03-16,58,0.8999999999999999,0.6383319325420304,1.0,0.6383319325420304,1.0,0.6363714439776225,1.0,0.8565667152324282,1.0,1.0,1.0,0.0,-1.0,1.0,1.0
2022-06-07,UST_5Y,189,2022,SEP_2022-03-16,2022-03-16,58,0.8999999999999999,0.6348738346136962,1.0,0.6348738346136962,1.0,0.6312165545325185,1.0,0.8562885793050584,1.0,1.0,1.0,0.0,-1.0,1.0,1.0
2022-07-05,UST_2Y,5,2022,SEP_2022-06-15,2022-06-15,13,0.3999999999999999,0.633538075478098,1.0,0.633538075478098,1.0,0.7100391854640323,1.0,0.09087241985760304,-1.0,1.0,1.0,1.0,1.0,1.0,1.0
2022-07-05,UST_2Y,21,2022,SEP_2022-06-15,2022-06-15,13,0.3999999999999999,0.6211702748527966,1.0,0.6211702748527966,1.0,0.6935916801412116,1.0,0.09021316382828065,-1.0,1.0,1.0,1.0,1.0,1.0,1.0
2022-07-05,UST_2Y,63,2022,SEP_2022-06-15,2022-06-15,13,0.3999999999999999,0.61159365310288,1.0,0.61159365310288,1.0,0.680655582716894,1.0,0.08971139290418771,-1.0,1.0,1.0,1.0,1.0,1.0,1.0
2022-07-05,UST_2Y,126,2022,SEP_2022-06-15,2022-06-15,13,0.3999999999999999,0.6055063141534794,1.0,0.6055063141534794,1.0,0.6723466246867862,1.0,0.0893961064130998,-1.0,1.0,1.0,1.0,1.0,1.0,1.0
2022-07-05,UST_2Y,189,2022,SEP_2022-06-15,2022-06-15,13,0.3999999999999999,0.6019300812264711,1.0,0.6019300812264711,1.0,0.6674352083242431,1.0,0.08921213919063734,-1.0,1.0,1.0,1.0,1.0,1.0,1.0
2022-07-05,UST_5Y,5,2022,SEP_2022-06-15,2022-06-15,13,0.3999999999999999,0.6039323354232181,1.0,0.6039323354232181,1.0,0.6762094796933021,1.0,0.0786988444653281,-1.0,1.0,1.0,1.0,1.0,0.0,-1.0
2022-07-05,UST_5Y,21,2022,SEP_2022-06-15,2022-06-15,13,0.3999999999999999,0.5912100782928441,1.0,0.5912100782928441,1.0,0.6587652552955289,1.0,0.0781203156852279,-1.0,1.0,1.0,1.0,1.0,1.0,1.0
2022-07-05,UST_5Y,63,2022,SEP_2022-06-15,2022-06-15,13,0.3999999999999999,0.581386483804374,1.0,0.581386483804374,1.0,0.6451111543501707,1.0,0.07768006295628413,-1.0,1.0,1.0,1.0,1.0,1.0,1.0
2022-07-05,UST_5Y,126,2022,SEP_2022-06-15,2022-06-15,13,0.3999999999999999,0.5751545859860298,1.0,0.5751545859860298,1.0,0.6363714439776225,1.0,0.07740346456576659,-1.0,1.0,1.0,1.0,1.0,1.0,1.0
2022-07-05,UST_5Y,189,2022,SEP_2022-06-15,2022-06-15,13,0.3999999999999999,0.5714979200818112,1.0,0.5714979200818112,1.0,0.6312165545325185,1.0,0.07724208342023751,-1.0,1.0,1.0,1.0,1.0,1.0,1.0
2022-08-02,UST_2Y,5,2022,SEP_2022-06-15,2022-06-15,33,0.3999999999999999,0.633538075478098,1.0,0.633538075478098,1.0,0.6457217793924562,1.0,0.40068481081924445,-1.0,1.0,1.0,0.0,-1.0,1.0,1.0
2022-08-02,UST_2Y,21,2022,SEP_2022-06-15,2022-06-15,33,0.3999999999999999,0.6211702748527966,1.0,0.6211702748527966,1.0,0.6275397423038843,1.0,0.39876379752162566,-1.0,1.0,1.0,0.0,-1.0,1.0,1.0
2022-08-02,UST_2Y,63,2022,SEP_2022-06-15,2022-06-15,33,0.3999999999999999,0.61159365310288,1.0,0.61159365310288,1.0,0.6133694951235188,1.0,0.397295287953188,-1.0,1.0,1.0,0.0,-1.0,1.0,1.0
2022-08-02,UST_2Y,126,2022,SEP_2022-06-15,2022-06-15,33,0.3999999999999999,0.6055063141534794,1.0,0.6055063141534794,1.0,0.604327536648062,1.0,0.3963697106453159,-1.0,1.0,1.0,0.0,-1.0,1.0,1.0
2022-08-02,UST_2Y,189,2022,SEP_2022-06-15,2022-06-15,33,0.3999999999999999,0.6019300812264711,1.0,0.6019300812264711,1.0,0.5990046281744215,1.0,0.3958286259899405,-1.0,1.0,1.0,0.0,-1.0,0.0,-1.0
2022-08-02,UST_5Y,5,2022,SEP_2022-06-15,2022-06-15,33,0.3999999999999999,0.6039323354232181,1.0,0.6039323354232181,1.0,0.6085253877945113,1.0,0.3636071242015194,-1.0,1.0,1.0,0.0,-1.0,1.0,1.0
2022-08-02,UST_5Y,21,2022,SEP_2022-06-15,2022-06-15,33,0.3999999999999999,0.5912100782928441,1.0,0.5912100782928441,1.0,0.5896475205016051,1.0,0.36175657301050995,-1.0,1.0,1.0,0.0,-1.0,1.0,1.0
2022-08-02,UST_5Y,63,2022,SEP_2022-06-15,2022-06-15,33,0.3999999999999999,0.581386483804374,1.0,0.581386483804374,1.0,0.5750119634913828,1.0,0.3603426678362759,-1.0,1.0,1.0,0.0,-1.0,1.0,1.0
2022-08-02,UST_5Y,126,2022,SEP_2022-06-15,2022-06-15,33,0.3999999999999999,0.5751545859860298,1.0,0.5751545859860298,1.0,0.5657081046320621,1.0,0.3594518359766382,-1.0,1.0,1.0,0.0,-1.0,1.0,1.0
2022-08-02,UST_5Y,189,2022,SEP_2022-06-15,2022-06-15,33,0.3999999999999999,0.5714979200818112,1.0,0.5714979200818112,1.0,0.5602437143374538,1.0,0.3589311810599739,-1.0,1.0,1.0,0.0,-1.0,0.0,-1.0
2022-09-06,UST_2Y,5,2022,SEP_2022-06-15,2022-06-15,58,0.3999999999999999,0.633538075478098,1.0,0.633538075478098,1.0,0.6457217793924562,1.0,0.8813988564207071,1.0,1.0,1.0,1.0,1.0,1.0,1.0
2022-09-06,UST_2Y,21,2022,SEP_2022-06-15,2022-06-15,58,0.3999999999999999,0.6211702748527966,1.0,0.6211702748527966,1.0,0.6275397423038843,1.0,0.8805593831180509,1.0,1.0,1.0,1.0,1.0,0.0,-1.0
2022-09-06,UST_2Y,63,2022,SEP_2022-06-15,2022-06-15,58,0.3999999999999999,0.61159365310288,1.0,0.61159365310288,1.0,0.6133694951235188,1.0,0.8799132676364796,1.0,1.0,1.0,1.0,1.0,1.0,1.0
2022-09-06,UST_2Y,126,2022,SEP_2022-06-15,2022-06-15,58,0.3999999999999999,0.6055063141534794,1.0,0.6055063141534794,1.0,0.604327536648062,1.0,0.8795040630151549,1.0,1.0,1.0,1.0,1.0,1.0,1.0
2022-09-06,UST_2Y,189,2022,SEP_2022-06-15,2022-06-15,58,0.3999999999999999,0.6019300812264711,1.0,0.6019300812264711,1.0,0.5990046281744215,1.0,0.8792641362173893,1.0,1.0,1.0,1.0,1.0,1.0,1.0
2022-09-06,UST_5Y,5,2022,SEP_2022-06-15,2022-06-15,58,0.3999999999999999,0.6039323354232181,1.0,0.6039323354232181,1.0,0.6085253877945113,1.0,0.8639643498746578,1.0,1.0,1.0,1.0,1.0,1.0,1.0
2022-09-06,UST_5Y,21,2022,SEP_2022-06-15,2022-06-15,58,0.3999999999999999,0.5912100782928441,1.0,0.5912100782928441,1.0,0.5896475205016051,1.0,0.8630206513245049,1.0,1.0,1.0,1.0,1.0,0.0,-1.0
2022-09-06,UST_5Y,63,2022,SEP_2022-06-15,2022-06-15,58,0.3999999999999999,0.581386483804374,1.0,0.581386483804374,1.0,0.5750119634913828,1.0,0.8622944969554882,1.0,1.0,1.0,1.0,1.0,1.0,1.0
2022-09-06,UST_5Y,126,2022,SEP_2022-06-15,2022-06-15,58,0.3999999999999999,0.5751545859860298,1.0,0.5751545859860298,1.0,0.5657081046320621,1.0,0.861834682187763,1.0,1.0,1.0,1.0,1.0,1.0,1.0
2022-09-06,UST_5Y,189,2022,SEP_2022-06-15,2022-06-15,58,0.3999999999999999,0.5714979200818112,1.0,0.5714979200818112,1.0,0.5602437143374538,1.0,0.8615651105859635,1.0,1.0,1.0,1.0,1.0,0.0,-1.0
2023-01-03,UST_2Y,5,2023,SEP_2022-12-14,2022-12-14,13,0.6999999999999993,0.6804224347346892,1.0,0.6804224347346892,1.0,0.5,0.0,0.08617801708718664,-1.0,0.5,0.0,0.0,-1.0,0.0,-1.0
2023-01-03,UST_2Y,21,2023,SEP_2022-12-14,2022-12-14,13,0.6999999999999993,0.6911180702249653,1.0,0.6911180702249653,1.0,0.5,0.0,0.09090916953452322,-1.0,0.5,0.0,0.0,-1.0,0.0,-1.0
2023-01-03,UST_2Y,63,2023,SEP_2022-12-14,2022-12-14,13,0.6999999999999993,0.6991705454086469,1.0,0.6991705454086469,1.0,0.5,0.0,0.09468771928153061,-1.0,0.5,0.0,0.0,-1.0,1.0,1.0
2023-01-03,UST_2Y,126,2023,SEP_2022-12-14,2022-12-14,13,0.6999999999999993,0.704189046914575,1.0,0.704189046914575,1.0,0.5,0.0,0.0971435192995121,-1.0,0.5,0.0,0.0,-1.0,0.0,-1.0
2023-01-03,UST_2Y,189,2023,SEP_2022-12-14,2022-12-14,13,0.6999999999999993,0.7071020618529643,1.0,0.7071020618529643,1.0,0.5,0.0,0.09860628579974015,-1.0,0.5,0.0,0.0,-1.0,1.0,1.0
2023-01-03,UST_5Y,5,2023,SEP_2022-12-14,2022-12-14,13,0.6999999999999993,0.6527889790082331,1.0,0.6527889790082331,1.0,0.5,0.0,0.07487383403918978,-1.0,0.5,0.0,1.0,1.0,1.0,1.0
2023-01-03,UST_5Y,21,2023,SEP_2022-12-14,2022-12-14,13,0.6999999999999993,0.6639526929646347,1.0,0.6639526929646347,1.0,0.5,0.0,0.07903806606865482,-1.0,0.5,0.0,1.0,1.0,1.0,1.0
2023-01-03,UST_5Y,63,2023,SEP_2022-12-14,2022-12-14,13,0.6999999999999993,0.6723776453378957,1.0,0.6723776453378957,1.0,0.5,0.0,0.08236791046852121,-1.0,0.5,0.0,1.0,1.0,1.0,1.0
2023-01-03,UST_5Y,126,2023,SEP_2022-12-14,2022-12-14,13,0.6999999999999993,0.6776370319398445,1.0,0.6776370319398445,1.0,0.5,0.0,0.08453402232824343,-1.0,0.5,0.0,1.0,1.0,0.0,-1.0
2023-01-03,UST_5Y,189,2023,SEP_2022-12-14,2022-12-14,13,0.6999999999999993,0.6806929574264624,1.0,0.6806929574264624,1.0,0.5,0.0,0.08582496672840334,-1.0,0.5,0.0,1.0,1.0,0.0,-1.0
2023-02-07,UST_2Y,5,2023,SEP_2022-12-14,2022-12-14,38,0.6999999999999993,0.6804224347346892,1.0,0.6804224347346892,1.0,0.689510244543649,1.0,0.07787209135376218,-1.0,0.5,0.0,0.0,-1.0,0.0,-1.0
2023-02-07,UST_2Y,21,2023,SEP_2022-12-14,2022-12-14,38,0.6999999999999993,0.6911180702249653,1.0,0.6911180702249653,1.0,0.6965086598190965,1.0,0.08218826206985513,-1.0,0.5,0.0,0.0,-1.0,1.0,1.0
2023-02-07,UST_2Y,63,2023,SEP_2022-12-14,2022-12-14,38,0.6999999999999993,0.6991705454086469,1.0,0.6991705454086469,1.0,0.7018055716405444,1.0,0.08563848199773329,-1.0,0.5,0.0,0.0,-1.0,1.0,1.0
2023-02-07,UST_2Y,126,2023,SEP_2022-12-14,2022-12-14,38,0.6999999999999993,0.704189046914575,1.0,0.704189046914575,1.0,0.7051200454214956,1.0,0.08788236616897188,-1.0,0.5,0.0,0.0,-1.0,1.0,1.0
2023-02-07,UST_2Y,189,2023,SEP_2022-12-14,2022-12-14,38,0.6999999999999993,0.7071020618529643,1.0,0.7071020618529643,1.0,0.7070489188244935,1.0,0.0892194607583345,-1.0,0.5,0.0,0.0,-1.0,0.0,-1.0
2023-02-07,UST_5Y,5,2023,SEP_2022-12-14,2022-12-14,38,0.6999999999999993,0.6527889790082331,1.0,0.6527889790082331,1.0,0.6556687199774741,1.0,0.06757684823924362,-1.0,0.5,0.0,0.0,-1.0,0.0,-1.0
2023-02-07,UST_5Y,21,2023,SEP_2022-12-14,2022-12-14,38,0.6999999999999993,0.6639526929646347,1.0,0.6639526929646347,1.0,0.6630571704519999,1.0,0.07136655339035786,-1.0,0.5,0.0,0.0,-1.0,1.0,1.0
2023-02-07,UST_5Y,63,2023,SEP_2022-12-14,2022-12-14,38,0.6999999999999993,0.6723776453378957,1.0,0.6723776453378957,1.0,0.6686601792845329,1.0,0.07439930914551675,-1.0,0.5,0.0,0.0,-1.0,1.0,1.0
2023-02-07,UST_5Y,126,2023,SEP_2022-12-14,2022-12-14,38,0.6999999999999993,0.6776370319398445,1.0,0.6776370319398445,1.0,0.6721709736241355,1.0,0.07637330393685118,-1.0,0.5,0.0,0.0,-1.0,1.0,1.0
2023-02-07,UST_5Y,189,2023,SEP_2022-12-14,2022-12-14,38,0.6999999999999993,0.6806929574264624,1.0,0.6806929574264624,1.0,0.6742157948169818,1.0,0.07755018066856502,-1.0,0.5,0.0,0.0,-1.0,1.0,1.0
2023-03-07,UST_2Y,5,2023,SEP_2022-12-14,2022-12-14,58,0.6999999999999993,0.6804224347346892,1.0,0.6804224347346892,1.0,0.689510244543649,1.0,0.012762077098075145,-1.0,0.5,0.0,1.0,1.0,0.0,-1.0
2023-03-07,UST_2Y,21,2023,SEP_2022-12-14,2022-12-14,58,0.6999999999999993,0.6911180702249653,1.0,0.6911180702249653,1.0,0.6965086598190965,1.0,0.0135223539718315,-1.0,0.5,0.0,1.0,1.0,1.0,1.0
2023-03-07,UST_2Y,63,2023,SEP_2022-12-14,2022-12-14,58,0.6999999999999993,0.6991705454086469,1.0,0.6991705454086469,1.0,0.7018055716405444,1.0,0.014134407001820554,-1.0,0.5,0.0,1.0,1.0,1.0,1.0
2023-03-07,UST_2Y,126,2023,SEP_2022-12-14,2022-12-14,58,0.6999999999999993,0.704189046914575,1.0,0.704189046914575,1.0,0.7051200454214956,1.0,0.014534535629185504,-1.0,0.5,0.0,1.0,1.0,1.0,1.0
2023-03-07,UST_2Y,189,2023,SEP_2022-12-14,2022-12-14,58,0.6999999999999993,0.7071020618529643,1.0,0.7071020618529643,1.0,0.7070489188244935,1.0,0.01477374808172534,-1.0,0.5,0.0,1.0,1.0,0.0,-1.0
2023-03-07,UST_5Y,5,2023,SEP_2022-12-14,2022-12-14,58,0.6999999999999993,0.6527889790082331,1.0,0.6527889790082331,1.0,0.6556687199774741,1.0,0.010972413150899066,-1.0,0.5,0.0,1.0,1.0,1.0,1.0
2023-03-07,UST_5Y,21,2023,SEP_2022-12-14,2022-12-14,58,0.6999999999999993,0.6639526929646347,1.0,0.6639526929646347,1.0,0.6630571704519999,1.0,0.011627329825428108,-1.0,0.5,0.0,1.0,1.0,1.0,1.0
2023-03-07,UST_5Y,63,2023,SEP_2022-12-14,2022-12-14,58,0.6999999999999993,0.6723776453378957,1.0,0.6723776453378957,1.0,0.6686601792845329,1.0,0.01215466651294756,-1.0,0.5,0.0,1.0,1.0,1.0,1.0
2023-03-07,UST_5Y,126,2023,SEP_2022-12-14,2022-12-14,58,0.6999999999999993,0.6776370319398445,1.0,0.6776370319398445,1.0,0.6721709736241355,1.0,0.01249946155415735,-1.0,0.5,0.0,1.0,1.0,1.0,1.0
2023-03-07,UST_5Y,189,2023,SEP_2022-12-14,2022-12-14,58,0.6999999999999993,0.6806929574264624,1.0,0.6806929574264624,1.0,0.6742157948169818,1.0,0.012705612162594157,-1.0,0.5,0.0,1.0,1.0,0.0,-1.0
2023-04-04,UST_2Y,5,2023,SEP_2023-03-22,2023-03-22,8,-0.7999999999999998,0.48465873301239826,-1.0,0.48465873301239826,-1.0,0.689510244543649,1.0,0.08083404266896323,-1.0,1.0,1.0,0.0,-1.0,1.0,1.0
2023-04-04,UST_2Y,21,2023,SEP_2023-03-22,2023-03-22,8,-0.7999999999999998,0.49706339000475036,-1.0,0.49706339000475036,-1.0,0.6965086598190965,1.0,0.08529919754522328,-1.0,1.0,1.0,0.0,-1.0,0.0,-1.0
2023-04-04,UST_2Y,63,2023,SEP_2023-03-22,2023-03-22,8,-0.7999999999999998,0.5065628820466908,1.0,0.5065628820466908,1.0,0.7018055716405444,1.0,0.08886736796712429,-1.0,1.0,1.0,0.0,-1.0,1.0,1.0
2023-04-04,UST_2Y,126,2023,SEP_2023-03-22,2023-03-22,8,-0.7999999999999998,0.51255439097235,1.0,0.51255439097235,1.0,0.7051200454214956,1.0,0.09118741757569315,-1.0,1.0,1.0,0.0,-1.0,1.0,1.0
2023-04-04,UST_2Y,189,2023,SEP_2023-03-22,2023-03-22,8,-0.7999999999999998,0.5160576377407573,1.0,0.5160576377407573,1.0,0.7070489188244935,1.0,0.09256969381847677,-1.0,1.0,1.0,0.0,-1.0,1.0,1.0
2023-04-04,UST_5Y,5,2023,SEP_2023-03-22,2023-03-22,8,-0.7999999999999998,0.45368887909732764,-1.0,0.45368887909732764,-1.0,0.6556687199774741,1.0,0.07017700995057777,-1.0,1.0,1.0,0.0,-1.0,1.0,1.0
2023-04-04,UST_5Y,21,2023,SEP_2023-03-22,2023-03-22,8,-0.7999999999999998,0.46601767000110816,-1.0,0.46601767000110816,-1.0,0.6630571704519999,1.0,0.0741009437291621,-1.0,1.0,1.0,0.0,-1.0,1.0,1.0
2023-04-04,UST_5Y,63,2023,SEP_2023-03-22,2023-03-22,8,-0.7999999999999998,0.4754847767042411,-1.0,0.4754847767042411,-1.0,0.6686601792845329,1.0,0.07724023369325689,-1.0,1.0,1.0,0.0,-1.0,1.0,1.0
2023-04-04,UST_5Y,126,2023,SEP_2023-03-22,2023-03-22,8,-0.7999999999999998,0.48146736879727403,-1.0,0.48146736879727403,-1.0,0.6721709736241355,1.0,0.07928314867550232,-1.0,1.0,1.0,0.0,-1.0,1.0,1.0
2023-04-04,UST_5Y,189,2023,SEP_2023-03-22,2023-03-22,8,-0.7999999999999998,0.48496953625335504,-1.0,0.48496953625335504,-1.0,0.6742157948169818,1.0,0.08050095666452398,-1.0,1.0,1.0,0.0,-1.0,1.0,1.0
2023-05-02,UST_2Y,5,2023,SEP_2023-03-22,2023-03-22,28,-0.7999999999999998,0.48465873301239826,-1.0,0.48465873301239826,-1.0,0.4992670579350211,-1.0,0.03457816379954268,-1.0,1.0,1.0,0.0,-1.0,0.0,-1.0
2023-05-02,UST_2Y,21,2023,SEP_2023-03-22,2023-03-22,28,-0.7999999999999998,0.49706339000475036,-1.0,0.49706339000475036,-1.0,0.5074906223516628,1.0,0.03658992431074993,-1.0,1.0,1.0,0.0,-1.0,1.0,1.0
2023-05-02,UST_2Y,63,2023,SEP_2023-03-22,2023-03-22,28,-0.7999999999999998,0.5065628820466908,1.0,0.5065628820466908,1.0,0.5137835733067738,1.0,0.03820563196710873,-1.0,1.0,1.0,0.0,-1.0,1.0,1.0
2023-05-02,UST_2Y,126,2023,SEP_2023-03-22,2023-03-22,28,-0.7999999999999998,0.51255439097235,1.0,0.51255439097235,1.0,0.5177518623618869,1.0,0.039260052511984805,-1.0,1.0,1.0,0.0,-1.0,1.0,1.0
2023-05-02,UST_2Y,189,2023,SEP_2023-03-22,2023-03-22,28,-0.7999999999999998,0.5160576377407573,1.0,0.5160576377407573,1.0,0.5200721572016718,1.0,0.0398897306839695,-1.0,1.0,1.0,0.0,-1.0,1.0,1.0
2023-05-02,UST_5Y,5,2023,SEP_2023-03-22,2023-03-22,28,-0.7999999999999998,0.45368887909732764,-1.0,0.45368887909732764,-1.0,0.46090223835746197,-1.0,0.029821578844437292,-1.0,1.0,1.0,0.0,-1.0,1.0,1.0
2023-05-02,UST_5Y,21,2023,SEP_2023-03-22,2023-03-22,28,-0.7999999999999998,0.46601767000110816,-1.0,0.46601767000110816,-1.0,0.4690858646379738,-1.0,0.03156564914304699,-1.0,1.0,1.0,0.0,-1.0,0.0,-1.0
2023-05-02,UST_5Y,63,2023,SEP_2023-03-22,2023-03-22,28,-0.7999999999999998,0.4754847767042411,-1.0,0.4754847767042411,-1.0,0.4753622354375344,-1.0,0.03296709079533005,-1.0,1.0,1.0,0.0,-1.0,1.0,1.0
2023-05-02,UST_5Y,126,2023,SEP_2023-03-22,2023-03-22,28,-0.7999999999999998,0.48146736879727403,-1.0,0.48146736879727403,-1.0,0.4793263192415272,-1.0,0.03388202825220237,-1.0,1.0,1.0,0.0,-1.0,1.0,1.0
2023-05-02,UST_5Y,189,2023,SEP_2023-03-22,2023-03-22,28,-0.7999999999999998,0.48496953625335504,-1.0,0.48496953625335504,-1.0,0.4816463992098656,-1.0,0.03442854121538756,-1.0,1.0,1.0,0.0,-1.0,1.0,1.0
2023-06-06,UST_2Y,5,2023,SEP_2023-03-22,2023-03-22,53,-0.7999999999999998,0.48465873301239826,-1.0,0.48465873301239826,-1.0,0.4992670579350211,-1.0,0.007757449329537033,-1.0,1.0,1.0,1.0,1.0,0.0,-1.0
2023-06-06,UST_2Y,21,2023,SEP_2023-03-22,2023-03-22,53,-0.7999999999999998,0.49706339000475036,-1.0,0.49706339000475036,-1.0,0.5074906223516628,1.0,0.008222067891225137,-1.0,1.0,1.0,1.0,1.0,1.0,1.0
2023-06-06,UST_2Y,63,2023,SEP_2023-03-22,2023-03-22,53,-0.7999999999999998,0.5065628820466908,1.0,0.5065628820466908,1.0,0.5137835733067738,1.0,0.008596308260070962,-1.0,1.0,1.0,1.0,1.0,1.0,1.0
2023-06-06,UST_2Y,126,2023,SEP_2023-03-22,2023-03-22,53,-0.7999999999999998,0.51255439097235,1.0,0.51255439097235,1.0,0.5177518623618869,1.0,0.00884106570072817,-1.0,1.0,1.0,1.0,1.0,1.0,1.0
2023-06-06,UST_2Y,189,2023,SEP_2023-03-22,2023-03-22,53,-0.7999999999999998,0.5160576377407573,1.0,0.5160576377407573,1.0,0.5200721572016718,1.0,0.008987428406399886,-1.0,1.0,1.0,1.0,1.0,1.0,1.0
2023-06-06,UST_5Y,5,2023,SEP_2023-03-22,2023-03-22,53,-0.7999999999999998,0.45368887909732764,-1.0,0.45368887909732764,-1.0,0.46090223835746197,-1.0,0.0066648612294410835,-1.0,1.0,1.0,1.0,1.0,1.0,1.0
2023-06-06,UST_5Y,21,2023,SEP_2023-03-22,2023-03-22,53,-0.7999999999999998,0.46601767000110816,-1.0,0.46601767000110816,-1.0,0.4690858646379738,-1.0,0.007064507085573496,-1.0,1.0,1.0,1.0,1.0,1.0,1.0
2023-06-06,UST_5Y,63,2023,SEP_2023-03-22,2023-03-22,53,-0.7999999999999998,0.4754847767042411,-1.0,0.4754847767042411,-1.0,0.4753622354375344,-1.0,0.007386451656577399,-1.0,1.0,1.0,1.0,1.0,0.0,-1.0
2023-06-06,UST_5Y,126,2023,SEP_2023-03-22,2023-03-22,53,-0.7999999999999998,0.48146736879727403,-1.0,0.48146736879727403,-1.0,0.4793263192415272,-1.0,0.00759702555602621,-1.0,1.0,1.0,1.0,1.0,1.0,1.0
2023-06-06,UST_5Y,189,2023,SEP_2023-03-22,2023-03-22,53,-0.7999999999999998,0.48496953625335504,-1.0,0.48496953625335504,-1.0,0.4816463992098656,-1.0,0.007722953809490428,-1.0,1.0,1.0,1.0,1.0,1.0,1.0
2023-10-03,UST_2Y,5,2023,SEP_2023-09-20,2023-09-20,8,-0.5,0.5254867153319556,1.0,0.5254867153319556,1.0,0.5,0.0,0.0029907872705852204,-1.0,0.5,0.0,1.0,1.0,0.0,-1.0
2023-10-03,UST_2Y,21,2023,SEP_2023-09-20,2023-09-20,8,-0.5,0.5378457391640991,1.0,0.5378457391640991,1.0,0.5,0.0,0.0031708274473600476,-1.0,0.5,0.0,1.0,1.0,0.0,-1.0
2023-10-03,UST_2Y,63,2023,SEP_2023-09-20,2023-09-20,8,-0.5,0.5472765176572716,1.0,0.5472765176572716,1.0,0.5,0.0,0.0033159213532143596,-1.0,0.5,0.0,1.0,1.0,0.0,-1.0
2023-10-03,UST_2Y,126,2023,SEP_2023-09-20,2023-09-20,8,-0.5,0.5532096937742247,1.0,0.5532096937742247,1.0,0.5,0.0,0.003410850810549505,-1.0,0.5,0.0,1.0,1.0,1.0,1.0
2023-10-03,UST_2Y,189,2023,SEP_2023-09-20,2023-09-20,8,-0.5,0.5566734763918233,1.0,0.5566734763918233,1.0,0.5,0.0,0.0034676315156253554,-1.0,0.5,0.0,1.0,1.0,1.0,1.0
2023-10-03,UST_5Y,5,2023,SEP_2023-09-20,2023-09-20,8,-0.5,0.49441090117766845,-1.0,0.49441090117766845,-1.0,0.5,0.0,0.0025678162426476057,-1.0,0.5,0.0,1.0,1.0,1.0,1.0
2023-10-03,UST_5Y,21,2023,SEP_2023-09-20,2023-09-20,8,-0.5,0.5068196855568725,1.0,0.5068196855568725,1.0,0.5,0.0,0.002722463828978717,-1.0,0.5,0.0,1.0,1.0,1.0,1.0
2023-10-03,UST_5Y,63,2023,SEP_2023-09-20,2023-09-20,8,-0.5,0.5163142180887855,1.0,0.5163142180887855,1.0,0.5,0.0,0.0028470996610434067,-1.0,0.5,0.0,1.0,1.0,1.0,1.0
2023-10-03,UST_5Y,126,2023,SEP_2023-09-20,2023-09-20,8,-0.5,0.5222989808097763,1.0,0.5222989808097763,1.0,0.5,0.0,0.002928646950629363,-1.0,0.5,0.0,1.0,1.0,1.0,1.0
2023-10-03,UST_5Y,189,2023,SEP_2023-09-20,2023-09-20,8,-0.5,0.5257969873626538,1.0,0.5257969873626538,1.0,0.5,0.0,0.0029774243520849773,-1.0,0.5,0.0,1.0,1.0,1.0,1.0
2023-11-07,UST_2Y,5,2023,SEP_2023-09-20,2023-09-20,33,-0.5,0.5254867153319556,1.0,0.5254867153319556,1.0,0.539224414681102,1.0,0.005847221591700755,-1.0,0.5,0.0,0.0,-1.0,1.0,1.0
2023-11-07,UST_2Y,21,2023,SEP_2023-09-20,2023-09-20,33,-0.5,0.5378457391640991,1.0,0.5378457391640991,1.0,0.5473866588327759,1.0,0.006198145149239613,-1.0,0.5,0.0,0.0,-1.0,1.0,1.0
2023-11-07,UST_2Y,63,2023,SEP_2023-09-20,2023-09-20,33,-0.5,0.5472765176572716,1.0,0.5472765176572716,1.0,0.5536182271312311,1.0,0.006480865467057163,-1.0,0.5,0.0,0.0,-1.0,0.0,-1.0
2023-11-07,UST_2Y,126,2023,SEP_2023-09-20,2023-09-20,33,-0.5,0.5532096937742247,1.0,0.5532096937742247,1.0,0.5575413829975655,1.0,0.006665796169250599,-1.0,0.5,0.0,0.0,-1.0,1.0,1.0
2023-11-07,UST_2Y,189,2023,SEP_2023-09-20,2023-09-20,33,-0.5,0.5566734763918233,1.0,0.5566734763918233,1.0,0.5598329900805307,1.0,0.006776393771078984,-1.0,0.5,0.0,0.0,-1.0,0.0,-1.0
2023-11-07,UST_5Y,5,2023,SEP_2023-09-20,2023-09-20,33,-0.5,0.49441090117766845,-1.0,0.49441090117766845,-1.0,0.5008603765112166,1.0,0.005022315305881342,-1.0,0.5,0.0,0.0,-1.0,1.0,1.0
2023-11-07,UST_5Y,21,2023,SEP_2023-09-20,2023-09-20,33,-0.5,0.5068196855568725,1.0,0.5068196855568725,1.0,0.5090835032653893,1.0,0.005323996878362237,-1.0,0.5,0.0,0.0,-1.0,1.0,1.0
2023-11-07,UST_5Y,63,2023,SEP_2023-09-20,2023-09-20,33,-0.5,0.5163142180887855,1.0,0.5163142180887855,1.0,0.5153755371803324,1.0,0.005567067422245939,-1.0,0.5,0.0,0.0,-1.0,0.0,-1.0
2023-11-07,UST_5Y,126,2023,SEP_2023-09-20,2023-09-20,33,-0.5,0.5222989808097763,1.0,0.5222989808097763,1.0,0.5193429885074518,1.0,0.005726073291149753,-1.0,0.5,0.0,0.0,-1.0,1.0,1.0
2023-11-07,UST_5Y,189,2023,SEP_2023-09-20,2023-09-20,33,-0.5,0.5257969873626538,1.0,0.5257969873626538,1.0,0.5216627005569935,1.0,0.005821170563600559,-1.0,0.5,0.0,0.0,-1.0,1.0,1.0
2023-12-05,UST_2Y,5,2023,SEP_2023-09-20,2023-09-20,53,-0.5,0.5254867153319556,1.0,0.5254867153319556,1.0,0.539224414681102,1.0,0.008032892484878887,-1.0,0.5,0.0,0.0,-1.0,1.0,1.0
2023-12-05,UST_2Y,21,2023,SEP_2023-09-20,2023-09-20,53,-0.5,0.5378457391640991,1.0,0.5378457391640991,1.0,0.5473866588327759,1.0,0.008513866669179367,-1.0,0.5,0.0,0.0,-1.0,1.0,1.0
2023-12-05,UST_2Y,63,2023,SEP_2023-09-20,2023-09-20,53,-0.5,0.5472765176572716,1.0,0.5472765176572716,1.0,0.5536182271312311,1.0,0.008901269515027765,-1.0,0.5,0.0,0.0,-1.0,1.0,1.0
2023-12-05,UST_2Y,126,2023,SEP_2023-09-20,2023-09-20,53,-0.5,0.5532096937742247,1.0,0.5532096937742247,1.0,0.5575413829975655,1.0,0.009154629752777931,-1.0,0.5,0.0,0.0,-1.0,1.0,1.0
2023-12-05,UST_2Y,189,2023,SEP_2023-09-20,2023-09-20,53,-0.5,0.5566734763918233,1.0,0.5566734763918233,1.0,0.5598329900805307,1.0,0.009306134731837048,-1.0,0.5,0.0,0.0,-1.0,1.0,1.0
2023-12-05,UST_5Y,5,2023,SEP_2023-09-20,2023-09-20,53,-0.5,0.49441090117766845,-1.0,0.49441090117766845,-1.0,0.5008603765112166,1.0,0.006901779787330603,-1.0,0.5,0.0,0.0,-1.0,1.0,1.0
2023-12-05,UST_5Y,21,2023,SEP_2023-09-20,2023-09-20,53,-0.5,0.5068196855568725,1.0,0.5068196855568725,1.0,0.5090835032653893,1.0,0.0073155273943210745,-1.0,0.5,0.0,0.0,-1.0,1.0,1.0
2023-12-05,UST_5Y,63,2023,SEP_2023-09-20,2023-09-20,53,-0.5,0.5163142180887855,1.0,0.5163142180887855,1.0,0.5153755371803324,1.0,0.007648823371720879,-1.0,0.5,0.0,0.0,-1.0,1.0,1.0
2023-12-05,UST_5Y,126,2023,SEP_2023-09-20,2023-09-20,53,-0.5,0.5222989808097763,1.0,0.5222989808097763,1.0,0.5193429885074518,1.0,0.007866817717752017,-1.0,0.5,0.0,0.0,-1.0,1.0,1.0
2023-12-05,UST_5Y,189,2023,SEP_2023-09-20,2023-09-20,53,-0.5,0.5257969873626538,1.0,0.5257969873626538,1.0,0.5216627005569935,1.0,0.007997182006827495,-1.0,0.5,0.0,0.0,-1.0,1.0,1.0
2024-01-02,UST_2Y,5,2024,SEP_2023-12-13,2023-12-13,13,-0.8000000000000007,0.5819711970363883,1.0,0.5819711970363883,1.0,0.5972343297356112,1.0,0.3143010884817802,-1.0,0.0,-1.0,0.0,-1.0,1.0,1.0
2024-01-02,UST_2Y,21,2024,SEP_2023-12-13,2023-12-13,13,-0.8000000000000007,0.6030446549632544,1.0,0.6030446549632544,1.0,0.6067899048911095,1.0,0.3253627360786388,-1.0,0.0,-1.0,0.0,-1.0,1.0,1.0
2024-01-02,UST_2Y,63,2024,SEP_2023-12-13,2023-12-13,13,-0.8000000000000007,0.6189270371954221,1.0,0.6189270371954221,1.0,0.614050639122424,1.0,0.33396527884763516,-1.0,0.0,-1.0,0.0,-1.0,0.0,-1.0
2024-01-02,UST_2Y,126,2024,SEP_2023-12-13,2023-12-13,13,-0.8000000000000007,0.6288207142667726,1.0,0.6288207142667726,1.0,0.618605906822152,1.0,0.3394507414498391,-1.0,0.0,-1.0,0.0,-1.0,1.0,1.0
2024-01-02,UST_2Y,189,2024,SEP_2023-12-13,2023-12-13,13,-0.8000000000000007,0.6345590430473284,1.0,0.6345590430473284,1.0,0.6212609850375462,1.0,0.34267973913227223,-1.0,0.0,-1.0,0.0,-1.0,0.0,-1.0
2024-01-02,UST_5Y,5,2024,SEP_2023-12-13,2023-12-13,13,-0.8000000000000007,0.5521771020764931,1.0,0.5521771020764931,1.0,0.5629392863549203,1.0,0.28527816254697785,-1.0,0.0,-1.0,0.0,-1.0,1.0,1.0
2024-01-02,UST_5Y,21,2024,SEP_2023-12-13,2023-12-13,13,-0.8000000000000007,0.5736521965145607,1.0,0.5736521965145607,1.0,0.5727264087397705,1.0,0.295758939507253,-1.0,0.0,-1.0,0.0,-1.0,1.0,1.0
2024-01-02,UST_5Y,63,2024,SEP_2023-12-13,2023-12-13,13,-0.8000000000000007,0.5899108643788437,1.0,0.5899108643788437,1.0,0.5801809549785494,1.0,0.3039313860952333,-1.0,0.0,-1.0,0.0,-1.0,1.0,1.0
2024-01-02,UST_5Y,126,2024,SEP_2023-12-13,2023-12-13,13,-0.8000000000000007,0.6000710988154825,1.0,0.6000710988154825,1.0,0.5848657200752392,1.0,0.30915251557187573,-1.0,0.0,-1.0,0.0,-1.0,1.0,1.0
2024-01-02,UST_5Y,189,2024,SEP_2023-12-13,2023-12-13,13,-0.8000000000000007,0.6059753854365008,1.0,0.6059753854365008,1.0,0.5875990936404552,1.0,0.3122295351482368,-1.0,0.0,-1.0,0.0,-1.0,1.0,1.0
2024-02-06,UST_2Y,5,2024,SEP_2023-12-13,2023-12-13,38,-0.8000000000000007,0.5819711970363883,1.0,0.5819711970363883,1.0,0.5761604955410907,1.0,0.27024506338376664,-1.0,0.0,-1.0,0.0,-1.0,1.0,1.0
2024-02-06,UST_2Y,21,2024,SEP_2023-12-13,2023-12-13,38,-0.8000000000000007,0.6030446549632544,1.0,0.6030446549632544,1.0,0.5858693559117024,1.0,0.28039021258468544,-1.0,0.0,-1.0,0.0,-1.0,1.0,1.0
2024-02-06,UST_2Y,63,2024,SEP_2023-12-13,2023-12-13,38,-0.8000000000000007,0.6189270371954221,1.0,0.6189270371954221,1.0,0.5932574473184311,1.0,0.2883118460891546,-1.0,0.0,-1.0,0.0,-1.0,1.0,1.0
2024-02-06,UST_2Y,126,2024,SEP_2023-12-13,2023-12-13,38,-0.8000000000000007,0.6288207142667726,1.0,0.6288207142667726,1.0,0.5978974241054673,1.0,0.29337774512791726,-1.0,0.0,-1.0,0.0,-1.0,0.0,-1.0
2024-02-06,UST_2Y,189,2024,SEP_2023-12-13,2023-12-13,38,-0.8000000000000007,0.6345590430473284,1.0,0.6345590430473284,1.0,0.6006035877369127,1.0,0.29636511147360334,-1.0,0.0,-1.0,0.0,-1.0,1.0,1.0
2024-02-06,UST_5Y,5,2024,SEP_2023-12-13,2023-12-13,38,-0.8000000000000007,0.5521771020764931,1.0,0.5521771020764931,1.0,0.541448773502655,1.0,0.24384362148990804,-1.0,0.0,-1.0,0.0,-1.0,1.0,1.0
2024-02-06,UST_5Y,21,2024,SEP_2023-12-13,2023-12-13,38,-0.8000000000000007,0.5736521965145607,1.0,0.5736521965145607,1.0,0.5513335839747715,1.0,0.253341724819492,-1.0,0.0,-1.0,0.0,-1.0,1.0,1.0
2024-02-06,UST_5Y,63,2024,SEP_2023-12-13,2023-12-13,38,-0.8000000000000007,0.5899108643788437,1.0,0.5899108643788437,1.0,0.5588738918319098,1.0,0.2607761069039596,-1.0,0.0,-1.0,0.0,-1.0,0.0,-1.0
2024-02-06,UST_5Y,126,2024,SEP_2023-12-13,2023-12-13,38,-0.8000000000000007,0.6000710988154825,1.0,0.6000710988154825,1.0,0.5636175874510554,1.0,0.2655386996562771,-1.0,0.0,-1.0,0.0,-1.0,1.0,1.0
2024-02-06,UST_5Y,189,2024,SEP_2023-12-13,2023-12-13,38,-0.8000000000000007,0.6059753854365008,1.0,0.6059753854365008,1.0,0.5663871418520582,1.0,0.26835024446067424,-1.0,0.0,-1.0,0.0,-1.0,1.0,1.0
2024-03-05,UST_2Y,5,2024,SEP_2023-12-13,2023-12-13,58,-0.8000000000000007,0.5819711970363883,1.0,0.5819711970363883,1.0,0.5761604955410907,1.0,0.22803259588070363,-1.0,0.0,-1.0,1.0,1.0,0.0,-1.0
2024-03-05,UST_2Y,21,2024,SEP_2023-12-13,2023-12-13,58,-0.8000000000000007,0.6030446549632544,1.0,0.6030446549632544,1.0,0.5858693559117024,1.0,0.2371079509860311,-1.0,0.0,-1.0,1.0,1.0,0.0,-1.0
2024-03-05,UST_2Y,63,2024,SEP_2023-12-13,2023-12-13,58,-0.8000000000000007,0.6189270371954221,1.0,0.6189270371954221,1.0,0.5932574473184311,1.0,0.24422176744462284,-1.0,0.0,-1.0,1.0,1.0,1.0,1.0
2024-03-05,UST_2Y,126,2024,SEP_2023-12-13,2023-12-13,58,-0.8000000000000007,0.6288207142667726,1.0,0.6288207142667726,1.0,0.5978974241054673,1.0,0.24878377563800771,-1.0,0.0,-1.0,1.0,1.0,1.0,1.0
2024-03-05,UST_2Y,189,2024,SEP_2023-12-13,2023-12-13,58,-0.8000000000000007,0.6345590430473284,1.0,0.6345590430473284,1.0,0.6006035877369127,1.0,0.251478660367466,-1.0,0.0,-1.0,1.0,1.0,1.0,1.0
2024-03-05,UST_5Y,5,2024,SEP_2023-12-13,2023-12-13,58,-0.8000000000000007,0.5521771020764931,1.0,0.5521771020764931,1.0,0.541448773502655,1.0,0.20459886742680325,-1.0,0.0,-1.0,1.0,1.0,1.0,1.0
2024-03-05,UST_5Y,21,2024,SEP_2023-12-13,2023-12-13,58,-0.8000000000000007,0.5736521965145607,1.0,0.5736521965145607,1.0,0.5513335839747715,1.0,0.21299892300425124,-1.0,0.0,-1.0,1.0,1.0,1.0,1.0
2024-03-05,UST_5Y,63,2024,SEP_2023-12-13,2023-12-13,58,-0.8000000000000007,0.5899108643788437,1.0,0.5899108643788437,1.0,0.5588738918319098,1.0,0.21959761947365808,-1.0,0.0,-1.0,1.0,1.0,1.0,1.0
2024-03-05,UST_5Y,126,2024,SEP_2023-12-13,2023-12-13,58,-0.8000000000000007,0.6000710988154825,1.0,0.6000710988154825,1.0,0.5636175874510554,1.0,0.22383588265103352,-1.0,0.0,-1.0,1.0,1.0,1.0,1.0
2024-03-05,UST_5Y,189,2024,SEP_2023-12-13,2023-12-13,58,-0.8000000000000007,0.6059753854365008,1.0,0.6059753854365008,1.0,0.5663871418520582,1.0,0.22634194983848133,-1.0,0.0,-1.0,1.0,1.0,0.0,-1.0
2024-04-02,UST_2Y,5,2024,SEP_2024-03-20,2024-03-20,8,-0.6999999999999997,0.5859702996632804,1.0,0.5859702996632804,1.0,0.5761604955410907,1.0,0.3745915878866636,-1.0,0.0,-1.0,0.0,-1.0,1.0,1.0
2024-04-02,UST_2Y,21,2024,SEP_2024-03-20,2024-03-20,8,-0.6999999999999997,0.606978303558114,1.0,0.606978303558114,1.0,0.5858693559117024,1.0,0.38657886006937087,-1.0,0.0,-1.0,0.0,-1.0,1.0,1.0
2024-04-02,UST_2Y,63,2024,SEP_2024-03-20,2024-03-20,8,-0.6999999999999997,0.6228017426533332,1.0,0.6228017426533332,1.0,0.5932574473184311,1.0,0.39585025028072524,-1.0,0.0,-1.0,0.0,-1.0,0.0,-1.0
2024-04-02,UST_2Y,126,2024,SEP_2024-03-20,2024-03-20,8,-0.6999999999999997,0.6326545287323543,1.0,0.6326545287323543,1.0,0.5978974241054673,1.0,0.4017390705183727,-1.0,0.0,-1.0,0.0,-1.0,1.0,1.0
2024-04-02,UST_5Y,5,2024,SEP_2024-03-20,2024-03-20,8,-0.6999999999999997,0.5562438971987052,1.0,0.5562438971987052,1.0,0.541448773502655,1.0,0.34278448724828836,-1.0,0.0,-1.0,0.0,-1.0,1.0,1.0
2024-04-02,UST_5Y,21,2024,SEP_2024-03-20,2024-03-20,8,-0.6999999999999997,0.5776731304362938,1.0,0.5776731304362938,1.0,0.5513335839747715,1.0,0.3543305785161373,-1.0,0.0,-1.0,0.0,-1.0,1.0,1.0
2024-04-02,UST_5Y,63,2024,SEP_2024-03-20,2024-03-20,8,-0.6999999999999997,0.5938870150439627,1.0,0.5938870150439627,1.0,0.5588738918319098,1.0,0.3632865929931484,-1.0,0.0,-1.0,0.0,-1.0,1.0,1.0
2024-04-02,UST_5Y,126,2024,SEP_2024-03-20,2024-03-20,8,-0.6999999999999997,0.6040148649701429,1.0,0.6040148649701429,1.0,0.5636175874510554,1.0,0.36898685097990946,-1.0,0.0,-1.0,0.0,-1.0,1.0,1.0
2024-05-07,UST_2Y,5,2024,SEP_2024-03-20,2024-03-20,33,-0.6999999999999997,0.5859702996632804,1.0,0.5859702996632804,1.0,0.5832199610456184,1.0,0.21888599951839668,-1.0,0.0,-1.0,1.0,1.0,1.0,1.0
2024-05-07,UST_2Y,21,2024,SEP_2024-03-20,2024-03-20,33,-0.6999999999999997,0.606978303558114,1.0,0.606978303558114,1.0,0.592881376524638,1.0,0.22770470784581814,-1.0,0.0,-1.0,1.0,1.0,1.0,1.0
2024-05-07,UST_2Y,63,2024,SEP_2024-03-20,2024-03-20,33,-0.6999999999999997,0.6228017426533332,1.0,0.6228017426533332,1.0,0.6002297321700245,1.0,0.23462316857923154,-1.0,0.0,-1.0,1.0,1.0,0.0,-1.0
2024-05-07,UST_2Y,126,2024,SEP_2024-03-20,2024-03-20,33,-0.6999999999999997,0.6326545287323543,1.0,0.6326545287323543,1.0,0.6048431498233298,1.0,0.23906259193346685,-1.0,0.0,-1.0,1.0,1.0,0.0,-1.0
2024-05-07,UST_5Y,5,2024,SEP_2024-03-20,2024-03-20,33,-0.6999999999999997,0.5562438971987052,1.0,0.5562438971987052,1.0,0.5486334656215854,1.0,0.19615338282016925,-1.0,0.0,-1.0,1.0,1.0,1.0,1.0
2024-05-07,UST_5Y,21,2024,SEP_2024-03-20,2024-03-20,33,-0.6999999999999997,0.5776731304362938,1.0,0.5776731304362938,1.0,0.5584896893991759,1.0,0.20429575750730522,-1.0,0.0,-1.0,1.0,1.0,1.0,1.0
2024-05-07,UST_5Y,63,2024,SEP_2024-03-20,2024-03-20,33,-0.6999999999999997,0.5938870150439627,1.0,0.5938870150439627,1.0,0.5660044015908511,1.0,0.21069701434107715,-1.0,0.0,-1.0,1.0,1.0,1.0,1.0
2024-05-07,UST_5Y,126,2024,SEP_2024-03-20,2024-03-20,33,-0.6999999999999997,0.6040148649701429,1.0,0.6040148649701429,1.0,0.5707303152385539,1.0,0.21481077899693907,-1.0,0.0,-1.0,1.0,1.0,1.0,1.0
2024-06-04,UST_2Y,5,2024,SEP_2024-03-20,2024-03-20,53,-0.6999999999999997,0.5859702996632804,1.0,0.5859702996632804,1.0,0.5832199610456184,1.0,0.3473701871034043,-1.0,0.0,-1.0,0.0,-1.0,1.0,1.0
2024-06-04,UST_2Y,21,2024,SEP_2024-03-20,2024-03-20,53,-0.6999999999999997,0.606978303558114,1.0,0.606978303558114,1.0,0.592881376524638,1.0,0.35898636928593475,-1.0,0.0,-1.0,0.0,-1.0,1.0,1.0
2024-06-04,UST_2Y,63,2024,SEP_2024-03-20,2024-03-20,53,-0.6999999999999997,0.6228017426533332,1.0,0.6228017426533332,1.0,0.6002297321700245,1.0,0.3679929928385287,-1.0,0.0,-1.0,0.0,-1.0,0.0,-1.0
2024-06-04,UST_2Y,126,2024,SEP_2024-03-20,2024-03-20,53,-0.6999999999999997,0.6326545287323543,1.0,0.6326545287323543,1.0,0.6048431498233298,1.0,0.3737237528473962,-1.0,0.0,-1.0,0.0,-1.0,1.0,1.0
2024-06-04,UST_5Y,5,2024,SEP_2024-03-20,2024-03-20,53,-0.6999999999999997,0.5562438971987052,1.0,0.5562438971987052,1.0,0.5486334656215854,1.0,0.31670400763829226,-1.0,0.0,-1.0,0.0,-1.0,1.0,1.0
2024-06-04,UST_5Y,21,2024,SEP_2024-03-20,2024-03-20,53,-0.6999999999999997,0.5776731304362938,1.0,0.5776731304362938,1.0,0.5584896893991759,1.0,0.32780979480788963,-1.0,0.0,-1.0,0.0,-1.0,1.0,1.0
2024-06-04,UST_5Y,63,2024,SEP_2024-03-20,2024-03-20,53,-0.6999999999999997,0.5938870150439627,1.0,0.5938870150439627,1.0,0.5660044015908511,1.0,0.3364447713189154,-1.0,0.0,-1.0,0.0,-1.0,1.0,1.0
2024-06-04,UST_5Y,126,2024,SEP_2024-03-20,2024-03-20,53,-0.6999999999999997,0.6040148649701429,1.0,0.6040148649701429,1.0,0.5707303152385539,1.0,0.341950050850149,-1.0,0.0,-1.0,0.0,-1.0,1.0,1.0
2024-07-02,UST_2Y,5,2024,SEP_2024-06-12,2024-06-12,13,-1.0,0.5739410741531509,1.0,0.5739410741531509,1.0,0.5832199610456184,1.0,0.4740550998853227,-1.0,0.0,-1.0,0.0,-1.0,1.0,1.0
2024-07-02,UST_2Y,21,2024,SEP_2024-06-12,2024-06-12,13,-1.0,0.5951377264161036,1.0,0.5951377264161036,1.0,0.592881376524638,1.0,0.4867480632749542,-1.0,0.0,-1.0,0.0,-1.0,0.0,-1.0
2024-07-02,UST_2Y,63,2024,SEP_2024-06-12,2024-06-12,13,-1.0,0.611132467012974,1.0,0.611132467012974,1.0,0.6002297321700245,1.0,0.49647744670177674,-1.0,0.0,-1.0,0.0,-1.0,0.0,-1.0
2024-07-02,UST_5Y,5,2024,SEP_2024-06-12,2024-06-12,13,-1.0,0.5440230722955312,1.0,0.5440230722955312,1.0,0.5486334656215854,1.0,0.43974072136249703,-1.0,0.0,-1.0,0.0,-1.0,1.0,1.0
2024-07-02,UST_5Y,21,2024,SEP_2024-06-12,2024-06-12,13,-1.0,0.5655815570339933,1.0,0.5655815570339933,1.0,0.5584896893991759,1.0,0.4523050426782707,-1.0,0.0,-1.0,0.0,-1.0,1.0,1.0
2024-07-02,UST_5Y,63,2024,SEP_2024-06-12,2024-06-12,13,-1.0,0.5819236933792623,1.0,0.5819236933792623,1.0,0.5660044015908511,1.0,0.4619656316979589,-1.0,0.0,-1.0,0.0,-1.0,0.0,-1.0
2024-08-06,UST_2Y,5,2024,SEP_2024-06-12,2024-06-12,38,-1.0,0.5739410741531509,1.0,0.5739410741531509,1.0,0.561950682976373,1.0,0.22079638481879843,-1.0,0.0,-1.0,0.0,-1.0,0.0,-1.0
2024-08-06,UST_2Y,21,2024,SEP_2024-06-12,2024-06-12,38,-1.0,0.5951377264161036,1.0,0.5951377264161036,1.0,0.5717431018077167,1.0,0.2296694301147716,-1.0,0.0,-1.0,0.0,-1.0,1.0,1.0
2024-08-06,UST_2Y,63,2024,SEP_2024-06-12,2024-06-12,38,-1.0,0.611132467012974,1.0,0.611132467012974,1.0,0.5792021989393588,1.0,0.23662929551837222,-1.0,0.0,-1.0,0.0,-1.0,0.0,-1.0
2024-08-06,UST_5Y,5,2024,SEP_2024-06-12,2024-06-12,38,-1.0,0.5440230722955312,1.0,0.5440230722955312,1.0,0.527030530314281,1.0,0.1979156342776124,-1.0,0.0,-1.0,0.0,-1.0,1.0,1.0
2024-08-06,UST_5Y,21,2024,SEP_2024-06-12,2024-06-12,38,-1.0,0.5655815570339933,1.0,0.5655815570339933,1.0,0.5369603500656901,1.0,0.2061124038526295,-1.0,0.0,-1.0,0.0,-1.0,1.0,1.0
2024-08-06,UST_5Y,63,2024,SEP_2024-06-12,2024-06-12,38,-1.0,0.5819236933792623,1.0,0.5819236933792623,1.0,0.5445426644320204,1.0,0.2125553768205676,-1.0,0.0,-1.0,0.0,-1.0,1.0,1.0
2024-09-03,UST_2Y,5,2024,SEP_2024-06-12,2024-06-12,58,-1.0,0.5739410741531509,1.0,0.5739410741531509,1.0,0.561950682976373,1.0,0.13420127699706214,-1.0,0.0,-1.0,0.0,-1.0,0.0,-1.0
2024-09-03,UST_2Y,21,2024,SEP_2024-06-12,2024-06-12,58,-1.0,0.5951377264161036,1.0,0.5951377264161036,1.0,0.5717431018077167,1.0,0.14022059508148432,-1.0,0.0,-1.0,0.0,-1.0,1.0,1.0
2024-09-03,UST_2Y,63,2024,SEP_2024-06-12,2024-06-12,58,-1.0,0.611132467012974,1.0,0.611132467012974,1.0,0.5792021989393588,1.0,0.14497997366166296,-1.0,0.0,-1.0,0.0,-1.0,0.0,-1.0
2024-09-03,UST_5Y,5,2024,SEP_2024-06-12,2024-06-12,58,-1.0,0.5440230722955312,1.0,0.5440230722955312,1.0,0.527030530314281,1.0,0.11892463276266929,-1.0,0.0,-1.0,0.0,-1.0,0.0,-1.0
2024-09-03,UST_5Y,21,2024,SEP_2024-06-12,2024-06-12,58,-1.0,0.5655815570339933,1.0,0.5655815570339933,1.0,0.5369603500656901,1.0,0.1243571664014656,-1.0,0.0,-1.0,0.0,-1.0,0.0,-1.0
2024-09-03,UST_5Y,63,2024,SEP_2024-06-12,2024-06-12,58,-1.0,0.5819236933792623,1.0,0.5819236933792623,1.0,0.5445426644320204,1.0,0.12865867985848195,-1.0,0.0,-1.0,0.0,-1.0,1.0,1.0
2024-10-01,UST_2Y,5,2024,SEP_2024-09-18,2024-09-18,8,-1.0000000000000004,0.5739410741531509,1.0,0.5739410741531509,1.0,0.561950682976373,1.0,0.16206531113027786,-1.0,0.0,-1.0,0.0,-1.0,1.0,1.0
2024-10-01,UST_2Y,21,2024,SEP_2024-09-18,2024-09-18,8,-1.0000000000000004,0.5951377264161036,1.0,0.5951377264161036,1.0,0.5717431018077167,1.0,0.16909032988671868,-1.0,0.0,-1.0,0.0,-1.0,0.0,-1.0
2024-10-01,UST_5Y,5,2024,SEP_2024-09-18,2024-09-18,8,-1.0000000000000004,0.5440230722955312,1.0,0.5440230722955312,1.0,0.527030530314281,1.0,0.14414487479431898,-1.0,0.0,-1.0,0.0,-1.0,0.0,-1.0
2024-10-01,UST_5Y,21,2024,SEP_2024-09-18,2024-09-18,8,-1.0000000000000004,0.5655815570339933,1.0,0.5655815570339933,1.0,0.5369603500656901,1.0,0.15053264824049672,-1.0,0.0,-1.0,0.0,-1.0,1.0,1.0
2024-11-05,UST_2Y,5,2024,SEP_2024-09-18,2024-09-18,33,-1.0000000000000004,0.5739410741531509,1.0,0.5739410741531509,1.0,0.561950682976373,1.0,0.30532271816649514,-1.0,0.0,-1.0,1.0,1.0,0.0,-1.0
2024-11-05,UST_2Y,21,2024,SEP_2024-09-18,2024-09-18,33,-1.0000000000000004,0.5951377264161036,1.0,0.5951377264161036,1.0,0.5717431018077166,1.0,0.31621409715703147,-1.0,0.0,-1.0,1.0,1.0,0.0,-1.0
2024-11-05,UST_5Y,5,2024,SEP_2024-09-18,2024-09-18,33,-1.0000000000000004,0.5440230722955312,1.0,0.5440230722955312,1.0,0.527030530314281,1.0,0.2767941956692177,-1.0,0.0,-1.0,1.0,1.0,0.0,-1.0
2024-11-05,UST_5Y,21,2024,SEP_2024-09-18,2024-09-18,33,-1.0000000000000004,0.5655815570339933,1.0,0.5655815570339933,1.0,0.5369603500656901,1.0,0.28708848138953974,-1.0,0.0,-1.0,1.0,1.0,0.0,-1.0
2024-12-03,UST_2Y,5,2024,SEP_2024-09-18,2024-09-18,53,-1.0000000000000004,0.5739410741531509,1.0,0.5739410741531509,1.0,0.561950682976373,1.0,0.31414295701907136,-1.0,0.0,-1.0,1.0,1.0,1.0,1.0
2024-12-03,UST_5Y,5,2024,SEP_2024-09-18,2024-09-18,53,-1.0000000000000004,0.5440230722955312,1.0,0.5440230722955312,1.0,0.527030530314281,1.0,0.28512856127882696,-1.0,0.0,-1.0,0.0,-1.0,1.0,1.0
