model,year,train_cells,test_cells,predicted_cells,train_unique_releases,test_unique_releases,first_test_cutoff,maximum_train_target_end,shared_release_count,scaler_mean,scaler_scale,coefficients,intercept,C,class_weight
SEP_DIRECTION_FIXED005,2020,380,100,100,15,3,2020-01-06T16:00:00-05:00,2020-01-02,0,"[0.6005263157894707, 0.5, 3.681465414910252]","[0.30305416719597783, 0.5, 1.316531743170755]","[[0.07582699893664709, -0.15862362401268715, -0.13330416274755033]]",[0.567940908324527],1.0,
5BD_DELAYED,2020,380,100,100,15,3,2020-01-06T16:00:00-05:00,2020-01-02,0,"[0.6005263157894707, 0.5, 3.681465414910252]","[0.30305416719597783, 0.5, 1.316531743170755]","[[0.07582699893664709, -0.15862362401268715, -0.13330416274755033]]",[0.567940908324527],1.0,
21BD_STALE,2020,370,100,90,15,3,2020-01-06T16:00:00-05:00,2020-01-02,0,"[0.609189189189186, 0.5, 3.6789367828885835]","[0.2869633970290943, 0.5, 1.316500710378018]","[[0.16704521850055945, -0.16285324508418014, -0.1495410706154661]]",[0.551462831758052],1.0,
PRICE_LOGISTIC,2020,380,100,100,15,3,2020-01-06T16:00:00-05:00,2020-01-02,0,"[1.6634736842105236, -0.017157894736842122, 0.015421052631578969, 0.0642631578947367, 1.9882105263157897, -0.027315789473684203, 0.009000000000000034, 0.03257894736842086, 2.317842105263157, -0.02710526315789472, 0.002473684210526193, 0.008684210526315838, 0.32473684210526405, 0.6543684210526318, 0.5, 3.681465414910252]","[0.679528115557992, 0.06802728799060963, 0.14916109828302157, 0.28246142579777456, 0.5609061821306259, 0.08312106112968069, 0.19172499493861148, 0.34737387954243976, 0.47128053587041474, 0.08601431627280491, 0.19279027831491521, 0.3563748104737006, 0.2431908157254004, 0.3812174004045343, 0.5, 1.316531743170755]","[[-0.35852961340012046, 0.004745036958752738, -0.7825535844116774, 2.250879676705842, -0.1747045973394144, 0.21334303189052878, -0.40314511359293775, -0.17427854562064035, -1.1261864083064066, -0.1446839938847505, 0.7353218337856111, -1.1280117028944685, 0.5988633388016146, -0.7531628438954331, -0.22658466260663343, -0.15791711786450502]]",[0.8006077427408463],1.0,
SEP_DIRECTION_FIXED005,2021,482,120,120,18,4,2021-01-04T16:00:00-05:00,2020-12-30,0,"[0.46887966804978987, 0.5, 3.711908830382885]","[0.3729249505131606, 0.5, 1.32099735094421]","[[0.43857538134986346, -0.08850757387766538, -0.24095775748046347]]",[0.27064128706773327],1.0,
5BD_DELAYED,2021,482,120,120,18,4,2021-01-04T16:00:00-05:00,2020-12-30,0,"[0.46887966804978987, 0.5, 3.711908830382885]","[0.3729249505131606, 0.5, 1.32099735094421]","[[0.43857538134986346, -0.08850757387766538, -0.24095775748046347]]",[0.27064128706773327],1.0,
21BD_STALE,2021,464,120,120,18,4,2021-01-04T16:00:00-05:00,2020-12-30,0,"[0.48060344827585905, 0.5, 3.7157824445698924]","[0.36532174952740576, 0.5, 1.32218697812936]","[[0.4935441494756038, -0.11188222922831974, -0.2721162713531785]]",[0.2740389978579406],1.0,
PRICE_LOGISTIC,2021,482,120,120,18,4,2021-01-04T16:00:00-05:00,2020-12-30,0,"[1.516763485477175, -0.02746887966804983, -0.010995850622406622, -0.0031120331950208694, 1.7855186721991674, -0.03792531120331955, -0.01514522821576761, -0.024398340248962837, 2.0998340248962637, -0.03788381742738584, -0.020373443983402597, -0.03759336099585061, 0.2687551867219925, 0.5830705394190863, 0.5, 3.711908830382885]","[0.7404705118474681, 0.07417474088294414, 0.16248282380785725, 0.33875881562906324, 0.6958417099714527, 0.08603199866926028, 0.19621755134667043, 0.37961728794728083, 0.6441566050180378, 0.09009033610374717, 0.20277807494036595, 0.38402975847140813, 0.24522346956391583, 0.3764715404254767, 0.5, 1.32099735094421]","[[-0.26603929864084874, 0.08100840748362949, -0.721270119817099, 2.233566805203022, -0.08606943231629849, 0.8933222154350902, -0.27012410305258067, -0.024808816257594006, -0.2225139983758643, -0.9775854131743299, 0.7822758691569854, -1.8773384755617988, 0.5590963822536986, 0.14253506071853542, -0.11115869031627407, -0.24433852166304562]]",[0.3314161081613396],1.0,
SEP_DIRECTION_FIXED005,2022,598,90,90,22,3,2022-01-03T16:00:00-05:00,2021-12-31,0,"[0.38193979933110134, 0.5, 3.7180154995436383]","[0.37976614400849007, 0.5, 1.3180990591720667]","[[0.2014417021185604, -0.06277418870346532, -0.04859417870647798]]",[0.39733485922936557],1.0,
5BD_DELAYED,2022,598,90,90,22,3,2022-01-03T16:00:00-05:00,2021-12-31,0,"[0.38193979933110134, 0.5, 3.7180154995436383]","[0.37976614400849007, 0.5, 1.3180990591720667]","[[0.2014417021185604, -0.06277418870346532, -0.04859417870647798]]",[0.39733485922936557],1.0,
21BD_STALE,2022,578,90,90,22,3,2022-01-03T16:00:00-05:00,2021-12-31,0,"[0.38788927335639883, 0.5, 3.7160428593994]","[0.3775151522280342, 0.5, 1.3181874375594083]","[[0.22295152230152668, -0.07958411146678111, -0.07220626469797126]]",[0.39815641269550683],1.0,
PRICE_LOGISTIC,2022,598,90,90,22,3,2022-01-03T16:00:00-05:00,2021-12-31,0,"[1.25909698996655, -0.021438127090301035, -0.004180602006688946, 0.004347826086956418, 1.5669899665551783, -0.026254180602006776, 0.0009698996655518596, 0.010468227424748993, 1.9348160535117045, -0.025953177257525058, -0.0017725752508362066, 0.007959866220735752, 0.3078929765886286, 0.6757190635451498, 0.5, 3.7180154995436383]","[0.8482455948928649, 0.06877527763581545, 0.1487795865575185, 0.3068991959507342, 0.7769503261237988, 0.08834420147371068, 0.18921434757460553, 0.3617503640821673, 0.6877369822825733, 0.09328639945180071, 0.20166000506429574, 0.3852968951158773, 0.25466203307088253, 0.4152628228539227, 0.5, 1.3180990591720667]","[[-0.27752546198784345, -0.12249988150678512, -0.8339874082214527, 2.2222453183844473, -0.19998560672089366, 1.1845201892279362, -0.4041578382584403, -0.9430435380861906, -0.17093615112604144, -0.9009123965116498, 1.0156083630381745, -1.0530084592236435, 0.31426305395769766, 0.28379770925178965, -0.07856480226850769, -0.007353435284375061]]",[0.48404049773466146],1.0,
SEP_DIRECTION_FIXED005,2023,706,90,90,25,3,2023-01-02T16:00:00-05:00,2022-12-28,0,"[0.407082152974501, 0.5, 3.7482369093686443]","[0.37760350106396096, 0.5, 1.3130008995382236]","[[0.20569274892293968, -0.062196310805885544, 0.04541504214898119]]",[0.6079341072704676],1.0,
5BD_DELAYED,2023,706,90,90,25,3,2023-01-02T16:00:00-05:00,2022-12-28,0,"[0.407082152974501, 0.5, 3.7482369093686443]","[0.37760350106396096, 0.5, 1.3130008995382236]","[[0.20569274892293968, -0.062196310805885544, 0.04541504214898119]]",[0.6079341072704676],1.0,
21BD_STALE,2023,686,90,70,25,3,2023-01-02T16:00:00-05:00,2022-12-28,0,"[0.4072886297376062, 0.5, 3.7474559213119845]","[0.3761543105972875, 0.5, 1.312955864414128]","[[0.20080682360129584, -0.07688960192768363, 0.030096941319211944]]",[0.6136894110047076],1.0,
PRICE_LOGISTIC,2023,706,90,90,25,3,2023-01-02T16:00:00-05:00,2022-12-28,0,"[1.3114164305948945, -0.013796033994334309, 0.034079320113314424, 0.1064022662889518, 1.6254957507082117, -0.023371104815864144, 0.02855524079320115, 0.0880169971671387, 1.9625212464589212, -0.02495750708215295, 0.016997167138810113, 0.059546742209631694, 0.31407932011331413, 0.6511048158640227, 0.5, 3.7482369093686443]","[0.8961429655403985, 0.07760423520260515, 0.18997186148456757, 0.4164647208078773, 0.7995936259724855, 0.0955302539514361, 0.21354132076407872, 0.4157303955098263, 0.6840469809972675, 0.09689257452913783, 0.2143850616675422, 0.4103081391608319, 0.2553846500621295, 0.42890885050881883, 0.5, 1.3130008995382236]","[[-0.21576458674081744, -0.6268547893464136, 0.5378804495602676, 2.0020985392348525, 0.10745041976005058, 1.6270343006334935, -1.5132610083902893, -1.3047366779468366, -0.5310130156758494, -0.8064390898089063, 0.797279091494431, -0.34385156867428385, 1.0935370912103697, -0.396079338118742, -0.07645248857636994, 0.053648271766011404]]",[0.7593091804436334],1.0,
SEP_DIRECTION_FIXED005,2024,788,82,82,28,4,2024-01-01T16:00:00-05:00,2023-12-29,0,"[0.36700507614212785, 0.5, 3.7483164243571494]","[0.43731723082943436, 0.5, 1.317907941085362]","[[0.07198580020750751, -0.060699812661416275, 0.08016893102837681]]",[0.5923778124020489],1.0,
5BD_DELAYED,2024,788,82,82,28,4,2024-01-01T16:00:00-05:00,2023-12-29,0,"[0.36700507614212785, 0.5, 3.7483164243571494]","[0.43731723082943436, 0.5, 1.317907941085362]","[[0.07198580020750751, -0.060699812661416275, 0.08016893102837681]]",[0.5923778124020489],1.0,
21BD_STALE,2024,752,82,82,28,4,2024-01-01T16:00:00-05:00,2023-12-26,0,"[0.3898936170212727, 0.5, 3.7537611811821443]","[0.41437467545855816, 0.5, 1.318015569190009]","[[0.12006259725046661, -0.07042747724550188, 0.036630344140680476]]",[0.6409636461515884],1.0,
PRICE_LOGISTIC,2024,788,82,82,28,4,2024-01-01T16:00:00-05:00,2023-12-29,0,"[1.6100507614213126, -0.008857868020304593, 0.03370558375634522, 0.09857868020304555, 1.848908629441622, -0.017512690355330044, 0.031065989847715768, 0.0771319796954316, 2.1414720812182693, -0.01941624365482233, 0.022461928934010073, 0.05845177664974605, 0.23885786802030454, 0.5314213197969538, 0.5, 3.7483164243571494]","[1.2375680250849315, 0.09415380602696477, 0.23021282278780267, 0.42623545142688485, 1.0151277465941067, 0.10896563092188107, 0.24804490487239858, 0.4315697329030483, 0.8495076899065656, 0.10630104908059976, 0.23797534279630822, 0.4227152849631934, 0.33481256988927494, 0.5432343542214358, 0.5, 1.317907941085362]","[[-0.1391198789512792, -0.4939839949452066, 0.7399824242633116, 1.4200589482100858, -0.162338577167602, 1.7932043051439948, -1.6981402928460478, -0.8412512889290952, 0.0530545683841032, -1.0482648067972307, 0.7612231368288316, -0.36070647563569375, 0.022029996725575245, 0.3999021342862293, -0.06917074767888343, 0.04670053721318855]]",[0.6549127377401968],1.0,
