group,model,CRPS_ratio,sign_accuracy,balanced_accuracy,Brier,Pearson,Spearman,fraction_improved_cells,mean_CRPS_delta,cells,origins,prediction_ties
5,TRAINING_MAJORITY,0.9923815736908413,0.5769230769230769,0.5,0.4230769230769231,-5.61799844095423e-17,,0.5576923076923077,-0.005578320465113509,104,52,0
5,INTERCEPT_ONLY,0.9923815736908413,0.5769230769230769,0.5,0.24696618996749745,-0.007460077276973423,-0.00529878377192173,0.5576923076923077,-0.005578320465113509,104,52,0
5,STRUCTURE_ONLY,0.9923815736908413,0.5769230769230769,0.5,0.25036015746494045,-0.057286153431563125,-0.06908067759772767,0.5576923076923077,-0.005578320465113509,104,52,0
5,ASSET_PRIOR,0.9923815736908413,0.5769230769230769,0.5,0.4230769230769231,-5.61799844095423e-17,,0.5576923076923077,-0.005578320465113509,104,52,0
5,HORIZON_PRIOR,0.9923815736908413,0.5769230769230769,0.5,0.4230769230769231,-5.61799844095423e-17,,0.5576923076923077,-0.005578320465113509,104,52,0
5,P_LEVEL,0.9993454384355083,0.4807692307692308,0.48333333333333334,0.3655578613237121,-0.0873479678927494,-0.1024312528485458,0.46153846153846156,-0.00047927931868177454,104,52,0
5,P_CHANGE,0.996114564644085,0.5673076923076923,0.5431818181818182,0.2778405040592984,0.05808999924350727,0.052512224561596245,0.5480769230769231,-0.0028449712161315696,104,52,0
5,P_CURVE,0.9972883781699797,0.49038461538461536,0.4856060606060606,0.3124009919810155,-0.09158699270577794,-0.090114051256081,0.47115384615384615,-0.001985488201134888,104,52,0
5,PRICE_LAG_5BD,0.9965842123350781,0.49038461538461536,0.48257575757575755,0.41410894452630653,-0.08211636651708243,-0.07779588823940187,0.4807692307692308,-0.002501088474506823,104,52,0
5,PRICE_LAG_21BD,0.9974208325702976,0.5096153846153846,0.5143939393939394,0.3881284830866154,-0.008591693848163185,0.01620747671654208,0.5,-0.001888503198983065,104,52,0
5,PRICE_LAG_63BD,0.9988761793700415,0.47115384615384615,0.478030303030303,0.38033405169000134,-0.041612868178254867,-0.07001629941546168,0.4519230769230769,-0.0008228775031502844,104,52,0
5,PRICE_FULL,0.9974833558016445,0.5096153846153846,0.5053030303030304,0.3986794057476455,-0.030133333440334427,-0.01685577578520373,0.4807692307692308,-0.0018427227967300931,104,52,0
5,PRICE_21BD,1.0003909737077004,0.47115384615384615,0.46893939393939393,0.5,-0.02290583601281737,-0.022792245606679622,0.46153846153846156,0.00028627652831181614,104,52,4
5,MATCHED_RANDOM,0.996473402988995,0.5384615384615384,0.5,0.46153846153846156,2.0272205701198886e-17,1.3818686963184094e-16,0.5192307692307693,-0.0025822246590541517,104,52,0
5,PERSISTENCE,0.9930373346663045,0.28846153846153844,0.2803030303030303,0.3076923076923077,0.17188791273808213,0.1718879127380821,0.28846153846153844,-0.005098162920601757,104,52,56
5,SEP,0.9949870285121798,0.5288461538461539,0.46439393939393936,0.2511546343957204,-0.03722290161290018,-0.02078508010847975,0.5096153846153846,-0.0036705692628304846,104,52,0
5,V5.1,1.0,0.0,0.0,0.25,-5.61799844095423e-17,,0.0,0.0,104,52,104
5,CONSTANT_UP,0.9923815736908413,0.5769230769230769,0.5,0.4230769230769231,-5.61799844095423e-17,,0.5576923076923077,-0.005578320465113509,104,52,0
5,CONSTANT_DOWN,1.0099001896507527,0.4230769230769231,0.5,0.5769230769230769,,,0.40384615384615385,0.007249060146569378,104,52,0
5,PERFECT_LOCATION,0.24518528146616883,1.0,1.0,0.0,1.0,1.0,1.0,-0.5526861087708153,104,52,0
21,TRAINING_MAJORITY,0.9947286090899364,0.5196078431372549,0.5,0.4803921568627451,1.1457988780274544e-16,,0.49019607843137253,-0.003637804102691459,102,51,0
21,INTERCEPT_ONLY,0.9947286090899364,0.5196078431372549,0.5,0.26994168508974176,-0.3016832840436264,-0.24166137264978152,0.49019607843137253,-0.003637804102691459,102,51,0
21,STRUCTURE_ONLY,0.9947286090899364,0.5196078431372549,0.5,0.27176539518418985,-0.3299847730901651,-0.319552693221501,0.49019607843137253,-0.003637804102691459,102,51,0
21,ASSET_PRIOR,0.9947286090899364,0.5196078431372549,0.5,0.4803921568627451,1.1457988780274544e-16,,0.49019607843137253,-0.003637804102691459,102,51,0
21,HORIZON_PRIOR,0.9947286090899364,0.5196078431372549,0.5,0.4803921568627451,1.1457988780274544e-16,,0.49019607843137253,-0.003637804102691459,102,51,0
21,P_LEVEL,0.997747388128695,0.5196078431372549,0.5200231035810551,0.35114029538906594,-0.028934714054905237,-0.05764895727843451,0.5098039215686274,-0.0015545348176626175,102,51,0
21,P_CHANGE,0.9962342026425715,0.5490196078431373,0.5452445128994994,0.2508538468387634,0.22665563699176974,0.19827242532178344,0.5294117647058824,-0.0025987890692388124,102,51,0
21,P_CURVE,0.9950083107928654,0.5294117647058824,0.529457065845206,0.2867173488059461,0.019669924758832297,0.0036655613630938873,0.5196078431372549,-0.0034447810429706215,102,51,0
21,PRICE_LAG_5BD,0.9934400667654105,0.5588235294117647,0.5569888332691567,0.3543024952929023,0.0869985438494992,0.07231111982323864,0.5490196078431373,-0.004527031373942239,102,51,0
21,PRICE_LAG_21BD,0.9889928666828227,0.6176470588235294,0.6189834424335772,0.311243463474896,0.2027181199664474,0.20027181112334763,0.6078431372549019,-0.007596058691768726,102,51,0
21,PRICE_LAG_63BD,0.9909991527644293,0.5882352941176471,0.5914516750096265,0.30215302738032984,0.17726893233554805,0.151620089951952,0.5784313725490197,-0.00621151410697855,102,51,0
21,PRICE_FULL,0.9937456186639888,0.5686274509803921,0.5679630342703119,0.35208615308731667,0.10723715487988816,0.1049677545821206,0.5588235294117647,-0.004316169009682248,102,51,0
21,PRICE_21BD,0.9948874554279894,0.5294117647058824,0.5286869464767039,0.4411764705882353,0.09933180546910748,0.09973703386757792,0.5196078431372549,-0.003528183725427445,102,51,4
21,MATCHED_RANDOM,1.000105197491343,0.5,0.49037350789372347,0.5,-0.02207194266827552,-0.022071942668275567,0.47058823529411764,7.259713273600433e-05,102,51,0
21,PERSISTENCE,0.990974734680141,0.3333333333333333,0.3307662687716596,0.2549019607843137,0.32041440103586694,0.32255916435542054,0.3235294117647059,-0.006228365106784675,102,51,56
21,SEP,1.0052641089140946,0.4117647058823529,0.40238737004235653,0.26885344197781796,-0.1456450620801429,-0.13288239308503677,0.38235294117647056,0.0036327787734635785,102,51,0
21,V5.1,1.0,0.0,0.0,0.25,1.1457988780274544e-16,,0.0,0.0,102,51,102
21,CONSTANT_UP,0.9947286090899364,0.5196078431372549,0.5,0.4803921568627451,1.1457988780274544e-16,,0.49019607843137253,-0.003637804102691459,102,51,0
21,CONSTANT_DOWN,1.0072454893300287,0.4803921568627451,0.5,0.5196078431372549,,,0.47058823529411764,0.005000135876940401,102,51,0
21,PERFECT_LOCATION,0.2982313320005658,1.0,1.0,0.0,1.0,1.0,1.0,-0.4842928523314381,102,51,0
63,TRAINING_MAJORITY,0.9907127478085194,0.6530612244897959,0.5,0.3469387755102041,-1.8404255937608341e-16,2.856025168737767e-17,0.6428571428571429,-0.009370066516399534,98,49,0
63,INTERCEPT_ONLY,0.9907127478085194,0.6530612244897959,0.5,0.24142367429512593,-0.38680585344330104,-0.3607345005809623,0.6428571428571429,-0.009370066516399534,98,49,0
63,STRUCTURE_ONLY,0.9907127478085194,0.6530612244897959,0.5,0.24541822116222983,-0.34200723611696554,-0.36716560950338484,0.6428571428571429,-0.009370066516399534,98,49,0
63,ASSET_PRIOR,0.9907127478085194,0.6530612244897959,0.5,0.3469387755102041,-1.8404255937608341e-16,2.856025168737767e-17,0.6428571428571429,-0.009370066516399534,98,49,0
63,HORIZON_PRIOR,0.9907127478085194,0.6530612244897959,0.5,0.3469387755102041,-1.8404255937608341e-16,2.856025168737767e-17,0.6428571428571429,-0.009370066516399534,98,49,0
63,P_LEVEL,0.994788886729327,0.5714285714285714,0.5753676470588236,0.28807834907311414,0.12015447381841826,0.10988178740642703,0.5714285714285714,-0.005257580709985357,98,49,0
63,P_CHANGE,0.9978640984729681,0.45918367346938777,0.4411764705882353,0.27941640717800253,0.026551592149281284,0.006062443443113231,0.4489795918367347,-0.002154947337289647,98,49,0
63,P_CURVE,0.9926069460417426,0.6020408163265306,0.6194852941176471,0.24547375993518902,0.2043754970650477,0.20385096044258072,0.6020408163265306,-0.007458977738512158,98,49,0
63,PRICE_LAG_5BD,0.9928610461552532,0.6122448979591837,0.6066176470588236,0.31342661073438277,0.15541754880691572,0.15080328064744117,0.6020408163265306,-0.007202611817103979,98,49,0
63,PRICE_LAG_21BD,0.9931505807578352,0.5816326530612245,0.6038602941176471,0.2977889749548273,0.2339514090662966,0.22809943454713466,0.5714285714285714,-0.0069104954376777925,98,49,0
63,PRICE_LAG_63BD,0.9908840502242201,0.6020408163265306,0.6401654411764706,0.28071636886577483,0.29675063836581805,0.26523190063620306,0.6020408163265306,-0.00919723659895537,98,49,0
63,PRICE_FULL,0.9932608275790478,0.5918367346938775,0.5909926470588236,0.31394252538167233,0.1649641381126208,0.17656866528067233,0.5816326530612245,-0.006799265546781626,98,49,0
63,PRICE_21BD,0.9961232426629787,0.5510204081632653,0.5528492647058824,0.41836734693877553,0.14655199625622545,0.1468111692730414,0.5408163265306123,-0.003911326339253746,98,49,4
63,MATCHED_RANDOM,0.9938744327097285,0.6020408163265306,0.5574448529411764,0.3979591836734694,0.11571693312128888,0.11571693312128889,0.5918367346938775,-0.006180188905947433,98,49,0
63,PERSISTENCE,0.9923844257606129,0.30612244897959184,0.28952205882352944,0.2653061224489796,0.26580653525986003,0.2706794026707734,0.29591836734693877,-0.007683482230523763,98,49,56
63,SEP,1.00600250514214,0.4387755102040816,0.35661764705882354,0.26968017366901137,-0.30104109537480506,-0.2980568632783729,0.42857142857142855,0.006056029414003927,98,49,0
63,V5.1,1.0,0.0,0.0,0.25,-1.8404255937608341e-16,2.856025168737767e-17,0.0,0.0,98,49,98
63,CONSTANT_UP,0.9907127478085194,0.6530612244897959,0.5,0.3469387755102041,-1.8404255937608341e-16,2.856025168737767e-17,0.6428571428571429,-0.009370066516399534,98,49,0
63,CONSTANT_DOWN,1.0103573445261267,0.3469387755102041,0.5,0.6530612244897959,,2.856025168737767e-17,0.3469387755102041,0.010449700852540305,98,49,0
63,PERFECT_LOCATION,0.21289036569332942,1.0,1.0,0.0,1.0,1.0,1.0,-0.7941282821971573,98,49,0
126,TRAINING_MAJORITY,0.9865088882309374,0.717391304347826,0.5,0.2826086956521739,,,0.7065217391304348,-0.01849330430958609,92,46,0
126,INTERCEPT_ONLY,0.9865088882309374,0.717391304347826,0.5,0.22759923340154456,-0.42340767042290034,-0.36279241067764134,0.7065217391304348,-0.01849330430958609,92,46,0
126,STRUCTURE_ONLY,0.9865088882309374,0.717391304347826,0.5,0.2399883608569764,-0.39087869880110065,-0.42050491814697777,0.7065217391304348,-0.01849330430958609,92,46,0
126,ASSET_PRIOR,0.9865088882309374,0.717391304347826,0.5,0.2826086956521739,,,0.7065217391304348,-0.01849330430958609,92,46,0
126,HORIZON_PRIOR,0.9865088882309374,0.717391304347826,0.5,0.2826086956521739,,,0.7065217391304348,-0.01849330430958609,92,46,0
126,P_LEVEL,0.9940492969508047,0.5652173913043478,0.5571095571095571,0.3011076623475838,0.04159233511618433,0.03363345905395599,0.5652173913043478,-0.008157086252677031,92,46,0
126,P_CHANGE,0.9956770382955229,0.5108695652173914,0.4959207459207459,0.2558450409659916,0.12194191624312606,0.10726346400991367,0.5,-0.00592581602525249,92,46,0
126,P_CURVE,0.9927876147861548,0.5760869565217391,0.6113053613053613,0.2599340453687594,0.13270775248202232,0.1290807564978657,0.5760869565217391,-0.00988657101362542,92,46,0
126,PRICE_LAG_5BD,0.9893825840410627,0.6304347826086957,0.6142191142191142,0.2934194877768202,0.19664806796794812,0.17634840693155296,0.6195652173913043,-0.014554108487956375,92,46,0
126,PRICE_LAG_21BD,0.9913636750460825,0.5760869565217391,0.6113053613053613,0.31204199527971566,0.19068117804176513,0.18089346896587136,0.5652173913043478,-0.011838474710106324,92,46,0
126,PRICE_LAG_63BD,0.9890755599967254,0.6086956521739131,0.668997668997669,0.30207077944479815,0.2698524902594143,0.2554324863286928,0.6086956521739131,-0.014974969954341267,92,46,0
126,PRICE_FULL,0.9906607730896141,0.6304347826086957,0.6258741258741258,0.3001054688015884,0.17844340047914317,0.16362223323546152,0.6195652173913043,-0.012801996471936503,92,46,0
126,PRICE_21BD,0.9957214992297285,0.44565217391304346,0.4155011655011655,0.5217391304347826,-0.11743998784205481,-0.1176523951165877,0.44565217391304346,-0.005864870003884753,92,46,4
126,MATCHED_RANDOM,0.9884243575047381,0.6739130434782609,0.527972027972028,0.32608695652173914,0.07012958551362332,0.0701295855136234,0.6739130434782609,-0.015867623284743497,92,46,0
126,PERSISTENCE,0.9908089180827256,0.33695652173913043,0.3280885780885781,0.20652173913043478,0.41002153206145214,0.40601893989968246,0.33695652173913043,-0.012598922738173734,92,46,56
126,SEP,1.0044566482754778,0.4673913043478261,0.3490675990675991,0.26654184479624804,-0.2522145326808033,-0.22599480967043206,0.44565217391304346,0.006109070488037721,92,46,0
126,V5.1,1.0,0.0,0.0,0.25,,,0.0,0.0,92,46,92
126,CONSTANT_UP,0.9865088882309374,0.717391304347826,0.5,0.2826086956521739,,,0.7065217391304348,-0.01849330430958609,92,46,0
126,CONSTANT_DOWN,1.0141299423206005,0.2826086956521739,0.5,0.717391304347826,,,0.2717391304347826,0.01936899846986601,92,46,0
126,PERFECT_LOCATION,0.15909779430658622,1.0,1.0,0.0,1.0,1.0,1.0,-1.1526893150608672,92,46,0
189,TRAINING_MAJORITY,0.9885357620689414,0.7674418604651163,0.5,0.23255813953488372,,,0.7558139534883721,-0.02145475391748189,86,43,0
189,INTERCEPT_ONLY,0.9885357620689414,0.7674418604651163,0.5,0.21813253422406942,-0.48989486629118656,-0.513812004322191,0.7558139534883721,-0.02145475391748189,86,43,0
189,STRUCTURE_ONLY,0.9950863340897212,0.627906976744186,0.4090909090909091,0.24072327812495256,-0.4985201995043398,-0.5184259763817083,0.6162790697674418,-0.009195682571463509,86,43,0
189,ASSET_PRIOR,0.9885357620689414,0.7674418604651163,0.5,0.23255813953488372,,,0.7558139534883721,-0.02145475391748189,86,43,0
189,HORIZON_PRIOR,0.9959320296058654,0.4883720930232558,0.3181818181818182,0.3023255813953488,-0.34249387262537084,-0.3424938726253708,0.47674418604651164,-0.007613005266866205,86,43,24
189,P_LEVEL,0.992856145120533,0.6976744186046512,0.7159090909090908,0.2045812486055827,0.3856365399878934,0.3880633358377859,0.686046511627907,-0.013369370854205061,86,43,0
189,P_CHANGE,0.9964955737519292,0.5116279069767442,0.525,0.2772591048266694,0.03567234469680879,0.014413781045403468,0.5116279069767442,-0.00655836028757076,86,43,0
189,P_CURVE,0.9923698414032334,0.6976744186046512,0.7856060606060606,0.21720205996691036,0.41787371980010846,0.4324134313621043,0.686046511627907,-0.0142794641937335,86,43,0
189,PRICE_LAG_5BD,0.9930293855845282,0.686046511627907,0.6909090909090909,0.21201516064789602,0.43802435696270925,0.45569723151237135,0.6744186046511628,-0.013045159899589893,86,43,0
189,PRICE_LAG_21BD,0.9941321824391586,0.6395348837209303,0.6954545454545455,0.2339264502514405,0.4378427958599743,0.46234974584101907,0.627906976744186,-0.010981330164081121,86,43,0
189,PRICE_LAG_63BD,0.9914254912956502,0.6744186046511628,0.7878787878787878,0.25163947321637786,0.48499470804697997,0.49006855554371825,0.6744186046511628,-0.016046768683747367,86,43,0
189,PRICE_FULL,0.9928315134122563,0.6976744186046512,0.6984848484848485,0.22638482905020837,0.38745378092744487,0.43573968852642814,0.686046511627907,-0.01341546787721067,86,43,0
189,PRICE_21BD,0.9962715151706919,0.5465116279069767,0.5303030303030303,0.4186046511627907,0.09441134523829565,0.09454348241163346,0.5348837209302325,-0.0069776748335929175,86,43,4
189,MATCHED_RANDOM,0.9933103751098511,0.6976744186046512,0.5590909090909091,0.3023255813953488,0.12272892320802117,0.12272892320802113,0.686046511627907,-0.012519301909251228,86,43,0
189,PERSISTENCE,0.9953587125380241,0.313953488372093,0.29166666666666663,0.19767441860465115,0.3581227921202123,0.3374667356258375,0.313953488372093,-0.008685939785601776,86,43,56
189,SEP,1.0039495444032762,0.45348837209302323,0.29545454545454547,0.27082803968652436,-0.26754610750995117,-0.240766032688523,0.4418604651162791,0.007391376885933519,86,43,0
189,V5.1,1.0,0.0,0.0,0.25,,,0.0,0.0,86,43,86
189,CONSTANT_UP,0.9885357620689414,0.7674418604651163,0.5,0.23255813953488372,,,0.7558139534883721,-0.02145475391748189,86,43,0
189,CONSTANT_DOWN,1.0119949296939497,0.23255813953488372,0.5,0.7674418604651163,,,0.23255813953488372,0.022447917287550464,86,43,0
189,PERFECT_LOCATION,0.11766042563510373,1.0,1.0,0.0,1.0,1.0,0.9883720930232558,-1.6512548460259788,86,43,0
