source_id,pit_integrity,novel_information,historical_depth,asset_coverage,horizon_relevance,machine_readability,reproducibility,offline_feasibility,licensing_contest,implementation_ease,total,PIT,novelty,primary_eligible,failed_gates
ECB_SPF_ORIGINAL,1,2,2,1,2,1,2,2,2,2,17,B,HIGH,True,[]
FED_SLOOS_ORIGINAL,1,2,2,1,2,2,2,2,2,1,17,B,HIGH,True,[]
NYFED_SPD_ORIGINAL,1,2,2,2,2,1,1,2,2,0,15,B,HIGH,True,[]
BOE_IAS_ORIGINAL,1,2,2,1,2,1,1,2,1,1,14,B,HIGH,True,[]
US_SPF_TESTED,1,0,2,2,2,2,2,2,1,2,16,B,REDUNDANT,False,"[""low_or_redundant_novelty"",""same_tested_information""]"
CONSENSUS_ECONOMICS,0,2,2,2,2,2,0,0,0,1,11,D,HIGH,False,"[""PIT_not_A_B"",""timestamp_unproven"",""not_reproducible"",""access_not_verified"",""research_rights_unverified_or_forbidden"",""quality_below_14""]"
CME_POLICY_FUTURES,0,2,2,2,2,2,0,0,0,0,10,D,HIGH,False,"[""PIT_not_A_B"",""timestamp_unproven"",""not_reproducible"",""access_not_verified"",""research_rights_unverified_or_forbidden"",""quality_below_14""]"
LSEG_OIS,0,2,1,2,2,2,0,0,0,0,9,D,HIGH,False,"[""PIT_not_A_B"",""timestamp_unproven"",""not_reproducible"",""access_not_verified"",""research_rights_unverified_or_forbidden"",""quality_below_14""]"
BOARD_H15_TIPS,0,1,2,2,1,2,0,1,2,1,12,D,MEDIUM,False,"[""PIT_not_A_B"",""timestamp_unproven"",""not_reproducible"",""quality_below_14""]"
CFTC_LEGACY,0,2,2,2,2,2,0,1,2,1,14,D,HIGH,False,"[""PIT_not_A_B"",""timestamp_unproven"",""not_reproducible""]"
CFTC_TFF,0,2,2,2,2,2,0,1,2,0,13,D,HIGH,False,"[""PIT_not_A_B"",""timestamp_unproven"",""not_reproducible"",""quality_below_14""]"
NYFED_PD_POSITIONS,0,2,2,2,2,2,0,1,2,1,14,D,HIGH,False,"[""PIT_not_A_B"",""timestamp_unproven"",""not_reproducible""]"
TIC_FORM_S_TESTED,1,0,2,1,2,2,2,2,2,1,15,B,REDUNDANT,False,"[""low_or_redundant_novelty"",""same_tested_information""]"
H41_RESERVES_TESTED,1,0,2,2,2,2,2,2,2,2,17,B,REDUNDANT,False,"[""low_or_redundant_novelty"",""same_tested_information""]"
TREASURY_DTS_TGA,0,1,2,1,2,2,0,1,2,1,12,D,MEDIUM,False,"[""PIT_not_A_B"",""timestamp_unproven"",""not_reproducible"",""access_not_verified"",""quality_below_14""]"
NYFED_ONRRP,0,1,2,1,1,2,0,1,2,1,11,D,MEDIUM,False,"[""PIT_not_A_B"",""timestamp_unproven"",""not_reproducible"",""quality_below_14""]"
ATLANTA_GDPNOW,0,1,2,1,2,2,0,1,0,1,10,D,MEDIUM,False,"[""PIT_not_A_B"",""timestamp_unproven"",""not_reproducible"",""research_rights_unverified_or_forbidden"",""quality_below_14""]"
ECB_SMA_SHORT,0,2,0,1,2,2,0,2,2,1,12,D,HIGH,False,"[""PIT_not_A_B"",""timestamp_unproven"",""insufficient_history"",""not_reproducible"",""quality_below_14""]"
LSEG_IBES_PIT,0,2,1,1,2,2,0,0,0,0,8,D,HIGH,False,"[""PIT_not_A_B"",""timestamp_unproven"",""not_reproducible"",""access_not_verified"",""research_rights_unverified_or_forbidden"",""quality_below_14""]"
ACM_TERM_PREMIA,0,0,2,2,2,2,0,1,2,1,12,D,LOW,False,"[""PIT_not_A_B"",""timestamp_unproven"",""low_or_redundant_novelty"",""not_reproducible"",""quality_below_14""]"
BIS_REER,0,1,2,2,2,2,0,1,1,1,12,D,MEDIUM,False,"[""PIT_not_A_B"",""timestamp_unproven"",""not_reproducible"",""research_rights_unverified_or_forbidden"",""quality_below_14""]"
EIA_INVENTORY,0,2,2,0,2,2,1,2,2,1,14,D,HIGH,False,"[""PIT_not_A_B"",""timestamp_unproven"",""not_reproducible"",""no_actual_asset_mapping""]"
GDELT2_EVENTS,0,1,2,1,2,2,0,1,0,0,9,D,MEDIUM,False,"[""PIT_not_A_B"",""timestamp_unproven"",""not_reproducible"",""research_rights_unverified_or_forbidden"",""quality_below_14""]"
BLS_EVENT_CALENDAR,1,0,2,2,1,2,1,2,2,2,15,B,LOW,False,"[""low_or_redundant_novelty""]"
