source,Timing,frequency,risk
CME_ZQ_POLICY_PATH,HIGH,daily/intraday,No licensed historical settlement vintages or correction/roll evidence in this environment
CME_SOFR_POLICY_PATH,HIGH,daily/intraday,SOFR futures launched 2018-05-07; no standalone 2015/16 coverage
USD_OIS_POLICY_PATH,HIGH,daily/intraday,No acquired timestamped historical curve vintages
CME_FEDWATCH_HISTORY,UNUSABLE,unverified,Current display is not proven historical probability archive
ATLANTA_MPT_SOFR,MEDIUM,daily/weekly,Actual downloadable history begins 2023-03-29; current model vintage and educational-only license
UST_CURVE_SPOT,MEDIUM,daily/weekly,Lagged spot-yield history already used; current FRED/H15 vintage
NEAR_TERM_FORWARD_SPREAD,MEDIUM,daily/weekly,No distinct forward contract; derived curve vintage/correction caveats
ACM_TERM_PREMIUM,MEDIUM,daily/weekly,Current historical model estimates do not establish original as-of model vintages
SPD_POLICY_DISTRIBUTION,LOW,monthly/quarterly,Untested representation must be independently extracted/frozen; same already exposed survey family
FOMC_SEP_POLICY_PATH,LOW,monthly/quarterly,Quarterly released policy projections; originals may be replaced; not a daily surprise source
CFTC_TFF_TREASURY,MEDIUM,daily/weekly,Report date is not publication date; 2023 cyber delays and prior release calendars/vintages unverified
NYFED_DEALER_POSITIONS,MEDIUM,daily/weekly,Provider explicitly says historical data may reflect revisions since prior publication
NYFED_ONRRP,MEDIUM,daily/weekly,Historical lastUpdated later than observation dates; original version is not recovered
H41_RESERVES,MEDIUM,daily/weekly,Weekly original-date sample; corrections/timing ambiguity inactive; macro direction mapping weak
EFFR_FUNDING_STRESS,MEDIUM,daily/weekly,Realized overnight rate is not policy-path expectation; corrections may change history
RATE_OPTION_SKEW,UNUSABLE,unverified,No acquired comparable 2015/16 option surface vintages or usable rights
MACRO_CONSENSUS_NOWCAST,LOW,monthly/quarterly,Do not recycle failed ECB/SLOOS quarterly information under a new name
