card_id,family,single,cells,B0_card_loss,R2_card_loss,oracle_winner,gain_target,crossfit_predicted_route,route_probability,routed_card_loss,marginal,joint,tail,publication_status,private_sha256
t2-F1-aud-on-hold-2016,T2-F1,False,2,WITHHELD_PRIVATE_RESEARCH_LEDGER,WITHHELD_PRIVATE_RESEARCH_LEDGER,WITHHELD_PRIVATE_RESEARCH_LEDGER,WITHHELD_PRIVATE_RESEARCH_LEDGER,WITHHELD_PRIVATE_RESEARCH_LEDGER,WITHHELD_PRIVATE_RESEARCH_LEDGER,WITHHELD_PRIVATE_RESEARCH_LEDGER,WITHHELD_PRIVATE_RESEARCH_LEDGER,WITHHELD_PRIVATE_RESEARCH_LEDGER,WITHHELD_PRIVATE_RESEARCH_LEDGER,REDACTED_PER_CARD_OUTCOME_PREDICTION_FIREWALL,132f76430f747e8812993eda69f25fb171e4d8d85d25abd67118309ced76d3f5
t2-F1-cad-boc-2017,T2-F1,False,2,WITHHELD_PRIVATE_RESEARCH_LEDGER,WITHHELD_PRIVATE_RESEARCH_LEDGER,WITHHELD_PRIVATE_RESEARCH_LEDGER,WITHHELD_PRIVATE_RESEARCH_LEDGER,WITHHELD_PRIVATE_RESEARCH_LEDGER,WITHHELD_PRIVATE_RESEARCH_LEDGER,WITHHELD_PRIVATE_RESEARCH_LEDGER,WITHHELD_PRIVATE_RESEARCH_LEDGER,WITHHELD_PRIVATE_RESEARCH_LEDGER,WITHHELD_PRIVATE_RESEARCH_LEDGER,REDACTED_PER_CARD_OUTCOME_PREDICTION_FIREWALL,132f76430f747e8812993eda69f25fb171e4d8d85d25abd67118309ced76d3f5
t2-F1-chf-highly-valued-2021,T2-F1,False,2,WITHHELD_PRIVATE_RESEARCH_LEDGER,WITHHELD_PRIVATE_RESEARCH_LEDGER,WITHHELD_PRIVATE_RESEARCH_LEDGER,WITHHELD_PRIVATE_RESEARCH_LEDGER,WITHHELD_PRIVATE_RESEARCH_LEDGER,WITHHELD_PRIVATE_RESEARCH_LEDGER,WITHHELD_PRIVATE_RESEARCH_LEDGER,WITHHELD_PRIVATE_RESEARCH_LEDGER,WITHHELD_PRIVATE_RESEARCH_LEDGER,WITHHELD_PRIVATE_RESEARCH_LEDGER,REDACTED_PER_CARD_OUTCOME_PREDICTION_FIREWALL,132f76430f747e8812993eda69f25fb171e4d8d85d25abd67118309ced76d3f5
t2-F1-considerable-period-2003,T2-F1,False,2,WITHHELD_PRIVATE_RESEARCH_LEDGER,WITHHELD_PRIVATE_RESEARCH_LEDGER,WITHHELD_PRIVATE_RESEARCH_LEDGER,WITHHELD_PRIVATE_RESEARCH_LEDGER,WITHHELD_PRIVATE_RESEARCH_LEDGER,WITHHELD_PRIVATE_RESEARCH_LEDGER,WITHHELD_PRIVATE_RESEARCH_LEDGER,WITHHELD_PRIVATE_RESEARCH_LEDGER,WITHHELD_PRIVATE_RESEARCH_LEDGER,WITHHELD_PRIVATE_RESEARCH_LEDGER,REDACTED_PER_CARD_OUTCOME_PREDICTION_FIREWALL,132f76430f747e8812993eda69f25fb171e4d8d85d25abd67118309ced76d3f5
t2-F1-conundrum-2005,T2-F1,False,2,WITHHELD_PRIVATE_RESEARCH_LEDGER,WITHHELD_PRIVATE_RESEARCH_LEDGER,WITHHELD_PRIVATE_RESEARCH_LEDGER,WITHHELD_PRIVATE_RESEARCH_LEDGER,WITHHELD_PRIVATE_RESEARCH_LEDGER,WITHHELD_PRIVATE_RESEARCH_LEDGER,WITHHELD_PRIVATE_RESEARCH_LEDGER,WITHHELD_PRIVATE_RESEARCH_LEDGER,WITHHELD_PRIVATE_RESEARCH_LEDGER,WITHHELD_PRIVATE_RESEARCH_LEDGER,REDACTED_PER_CARD_OUTCOME_PREDICTION_FIREWALL,132f76430f747e8812993eda69f25fb171e4d8d85d25abd67118309ced76d3f5
t2-F1-dkk-peg-2019,T2-F1,True,1,WITHHELD_PRIVATE_RESEARCH_LEDGER,WITHHELD_PRIVATE_RESEARCH_LEDGER,WITHHELD_PRIVATE_RESEARCH_LEDGER,WITHHELD_PRIVATE_RESEARCH_LEDGER,WITHHELD_PRIVATE_RESEARCH_LEDGER,WITHHELD_PRIVATE_RESEARCH_LEDGER,WITHHELD_PRIVATE_RESEARCH_LEDGER,WITHHELD_PRIVATE_RESEARCH_LEDGER,WITHHELD_PRIVATE_RESEARCH_LEDGER,WITHHELD_PRIVATE_RESEARCH_LEDGER,REDACTED_PER_CARD_OUTCOME_PREDICTION_FIREWALL,132f76430f747e8812993eda69f25fb171e4d8d85d25abd67118309ced76d3f5
t2-F2-abenomics-2012,T2-F2,True,1,WITHHELD_PRIVATE_RESEARCH_LEDGER,WITHHELD_PRIVATE_RESEARCH_LEDGER,WITHHELD_PRIVATE_RESEARCH_LEDGER,WITHHELD_PRIVATE_RESEARCH_LEDGER,WITHHELD_PRIVATE_RESEARCH_LEDGER,WITHHELD_PRIVATE_RESEARCH_LEDGER,WITHHELD_PRIVATE_RESEARCH_LEDGER,WITHHELD_PRIVATE_RESEARCH_LEDGER,WITHHELD_PRIVATE_RESEARCH_LEDGER,WITHHELD_PRIVATE_RESEARCH_LEDGER,REDACTED_PER_CARD_OUTCOME_PREDICTION_FIREWALL,132f76430f747e8812993eda69f25fb171e4d8d85d25abd67118309ced76d3f5
t2-F2-act-as-appropriate-2019,T2-F2,True,1,WITHHELD_PRIVATE_RESEARCH_LEDGER,WITHHELD_PRIVATE_RESEARCH_LEDGER,WITHHELD_PRIVATE_RESEARCH_LEDGER,WITHHELD_PRIVATE_RESEARCH_LEDGER,WITHHELD_PRIVATE_RESEARCH_LEDGER,WITHHELD_PRIVATE_RESEARCH_LEDGER,WITHHELD_PRIVATE_RESEARCH_LEDGER,WITHHELD_PRIVATE_RESEARCH_LEDGER,WITHHELD_PRIVATE_RESEARCH_LEDGER,WITHHELD_PRIVATE_RESEARCH_LEDGER,REDACTED_PER_CARD_OUTCOME_PREDICTION_FIREWALL,132f76430f747e8812993eda69f25fb171e4d8d85d25abd67118309ced76d3f5
t2-F2-aud-taper-2013,T2-F2,True,1,WITHHELD_PRIVATE_RESEARCH_LEDGER,WITHHELD_PRIVATE_RESEARCH_LEDGER,WITHHELD_PRIVATE_RESEARCH_LEDGER,WITHHELD_PRIVATE_RESEARCH_LEDGER,WITHHELD_PRIVATE_RESEARCH_LEDGER,WITHHELD_PRIVATE_RESEARCH_LEDGER,WITHHELD_PRIVATE_RESEARCH_LEDGER,WITHHELD_PRIVATE_RESEARCH_LEDGER,WITHHELD_PRIVATE_RESEARCH_LEDGER,WITHHELD_PRIVATE_RESEARCH_LEDGER,REDACTED_PER_CARD_OUTCOME_PREDICTION_FIREWALL,132f76430f747e8812993eda69f25fb171e4d8d85d25abd67118309ced76d3f5
t2-F2-boj-thin-signal-2014,T2-F2,True,1,WITHHELD_PRIVATE_RESEARCH_LEDGER,WITHHELD_PRIVATE_RESEARCH_LEDGER,WITHHELD_PRIVATE_RESEARCH_LEDGER,WITHHELD_PRIVATE_RESEARCH_LEDGER,WITHHELD_PRIVATE_RESEARCH_LEDGER,WITHHELD_PRIVATE_RESEARCH_LEDGER,WITHHELD_PRIVATE_RESEARCH_LEDGER,WITHHELD_PRIVATE_RESEARCH_LEDGER,WITHHELD_PRIVATE_RESEARCH_LEDGER,WITHHELD_PRIVATE_RESEARCH_LEDGER,REDACTED_PER_CARD_OUTCOME_PREDICTION_FIREWALL,132f76430f747e8812993eda69f25fb171e4d8d85d25abd67118309ced76d3f5
t2-F2-considerable-removal-2004,T2-F2,True,1,WITHHELD_PRIVATE_RESEARCH_LEDGER,WITHHELD_PRIVATE_RESEARCH_LEDGER,WITHHELD_PRIVATE_RESEARCH_LEDGER,WITHHELD_PRIVATE_RESEARCH_LEDGER,WITHHELD_PRIVATE_RESEARCH_LEDGER,WITHHELD_PRIVATE_RESEARCH_LEDGER,WITHHELD_PRIVATE_RESEARCH_LEDGER,WITHHELD_PRIVATE_RESEARCH_LEDGER,WITHHELD_PRIVATE_RESEARCH_LEDGER,WITHHELD_PRIVATE_RESEARCH_LEDGER,REDACTED_PER_CARD_OUTCOME_PREDICTION_FIREWALL,132f76430f747e8812993eda69f25fb171e4d8d85d25abd67118309ced76d3f5
t2-F2-credit-crunch-2007,T2-F2,True,1,WITHHELD_PRIVATE_RESEARCH_LEDGER,WITHHELD_PRIVATE_RESEARCH_LEDGER,WITHHELD_PRIVATE_RESEARCH_LEDGER,WITHHELD_PRIVATE_RESEARCH_LEDGER,WITHHELD_PRIVATE_RESEARCH_LEDGER,WITHHELD_PRIVATE_RESEARCH_LEDGER,WITHHELD_PRIVATE_RESEARCH_LEDGER,WITHHELD_PRIVATE_RESEARCH_LEDGER,WITHHELD_PRIVATE_RESEARCH_LEDGER,WITHHELD_PRIVATE_RESEARCH_LEDGER,REDACTED_PER_CARD_OUTCOME_PREDICTION_FIREWALL,132f76430f747e8812993eda69f25fb171e4d8d85d25abd67118309ced76d3f5
t2-F3-bear-flattener-2022,T2-F3,False,8,WITHHELD_PRIVATE_RESEARCH_LEDGER,WITHHELD_PRIVATE_RESEARCH_LEDGER,WITHHELD_PRIVATE_RESEARCH_LEDGER,WITHHELD_PRIVATE_RESEARCH_LEDGER,WITHHELD_PRIVATE_RESEARCH_LEDGER,WITHHELD_PRIVATE_RESEARCH_LEDGER,WITHHELD_PRIVATE_RESEARCH_LEDGER,WITHHELD_PRIVATE_RESEARCH_LEDGER,WITHHELD_PRIVATE_RESEARCH_LEDGER,WITHHELD_PRIVATE_RESEARCH_LEDGER,REDACTED_PER_CARD_OUTCOME_PREDICTION_FIREWALL,132f76430f747e8812993eda69f25fb171e4d8d85d25abd67118309ced76d3f5
t2-F3-boj-ust-channel-2023,T2-F3,False,4,WITHHELD_PRIVATE_RESEARCH_LEDGER,WITHHELD_PRIVATE_RESEARCH_LEDGER,WITHHELD_PRIVATE_RESEARCH_LEDGER,WITHHELD_PRIVATE_RESEARCH_LEDGER,WITHHELD_PRIVATE_RESEARCH_LEDGER,WITHHELD_PRIVATE_RESEARCH_LEDGER,WITHHELD_PRIVATE_RESEARCH_LEDGER,WITHHELD_PRIVATE_RESEARCH_LEDGER,WITHHELD_PRIVATE_RESEARCH_LEDGER,WITHHELD_PRIVATE_RESEARCH_LEDGER,REDACTED_PER_CARD_OUTCOME_PREDICTION_FIREWALL,132f76430f747e8812993eda69f25fb171e4d8d85d25abd67118309ced76d3f5
t2-F3-brexit-joint-2016,T2-F3,False,8,WITHHELD_PRIVATE_RESEARCH_LEDGER,WITHHELD_PRIVATE_RESEARCH_LEDGER,WITHHELD_PRIVATE_RESEARCH_LEDGER,WITHHELD_PRIVATE_RESEARCH_LEDGER,WITHHELD_PRIVATE_RESEARCH_LEDGER,WITHHELD_PRIVATE_RESEARCH_LEDGER,WITHHELD_PRIVATE_RESEARCH_LEDGER,WITHHELD_PRIVATE_RESEARCH_LEDGER,WITHHELD_PRIVATE_RESEARCH_LEDGER,WITHHELD_PRIVATE_RESEARCH_LEDGER,REDACTED_PER_CARD_OUTCOME_PREDICTION_FIREWALL,132f76430f747e8812993eda69f25fb171e4d8d85d25abd67118309ced76d3f5
t2-F3-conundrum-joint-2005,T2-F3,False,8,WITHHELD_PRIVATE_RESEARCH_LEDGER,WITHHELD_PRIVATE_RESEARCH_LEDGER,WITHHELD_PRIVATE_RESEARCH_LEDGER,WITHHELD_PRIVATE_RESEARCH_LEDGER,WITHHELD_PRIVATE_RESEARCH_LEDGER,WITHHELD_PRIVATE_RESEARCH_LEDGER,WITHHELD_PRIVATE_RESEARCH_LEDGER,WITHHELD_PRIVATE_RESEARCH_LEDGER,WITHHELD_PRIVATE_RESEARCH_LEDGER,WITHHELD_PRIVATE_RESEARCH_LEDGER,REDACTED_PER_CARD_OUTCOME_PREDICTION_FIREWALL,132f76430f747e8812993eda69f25fb171e4d8d85d25abd67118309ced76d3f5
t2-F3-covid-curve-2020,T2-F3,False,8,WITHHELD_PRIVATE_RESEARCH_LEDGER,WITHHELD_PRIVATE_RESEARCH_LEDGER,WITHHELD_PRIVATE_RESEARCH_LEDGER,WITHHELD_PRIVATE_RESEARCH_LEDGER,WITHHELD_PRIVATE_RESEARCH_LEDGER,WITHHELD_PRIVATE_RESEARCH_LEDGER,WITHHELD_PRIVATE_RESEARCH_LEDGER,WITHHELD_PRIVATE_RESEARCH_LEDGER,WITHHELD_PRIVATE_RESEARCH_LEDGER,WITHHELD_PRIVATE_RESEARCH_LEDGER,REDACTED_PER_CARD_OUTCOME_PREDICTION_FIREWALL,132f76430f747e8812993eda69f25fb171e4d8d85d25abd67118309ced76d3f5
t2-F3-cpi-shock-cross-2022,T2-F3,False,4,WITHHELD_PRIVATE_RESEARCH_LEDGER,WITHHELD_PRIVATE_RESEARCH_LEDGER,WITHHELD_PRIVATE_RESEARCH_LEDGER,WITHHELD_PRIVATE_RESEARCH_LEDGER,WITHHELD_PRIVATE_RESEARCH_LEDGER,WITHHELD_PRIVATE_RESEARCH_LEDGER,WITHHELD_PRIVATE_RESEARCH_LEDGER,WITHHELD_PRIVATE_RESEARCH_LEDGER,WITHHELD_PRIVATE_RESEARCH_LEDGER,WITHHELD_PRIVATE_RESEARCH_LEDGER,REDACTED_PER_CARD_OUTCOME_PREDICTION_FIREWALL,132f76430f747e8812993eda69f25fb171e4d8d85d25abd67118309ced76d3f5
t2-F4-china-panic-2016,T2-F4,True,1,WITHHELD_PRIVATE_RESEARCH_LEDGER,WITHHELD_PRIVATE_RESEARCH_LEDGER,WITHHELD_PRIVATE_RESEARCH_LEDGER,WITHHELD_PRIVATE_RESEARCH_LEDGER,WITHHELD_PRIVATE_RESEARCH_LEDGER,WITHHELD_PRIVATE_RESEARCH_LEDGER,WITHHELD_PRIVATE_RESEARCH_LEDGER,WITHHELD_PRIVATE_RESEARCH_LEDGER,WITHHELD_PRIVATE_RESEARCH_LEDGER,WITHHELD_PRIVATE_RESEARCH_LEDGER,REDACTED_PER_CARD_OUTCOME_PREDICTION_FIREWALL,132f76430f747e8812993eda69f25fb171e4d8d85d25abd67118309ced76d3f5
t2-F4-china-stress-mkt-2015,T2-F4,True,1,WITHHELD_PRIVATE_RESEARCH_LEDGER,WITHHELD_PRIVATE_RESEARCH_LEDGER,WITHHELD_PRIVATE_RESEARCH_LEDGER,WITHHELD_PRIVATE_RESEARCH_LEDGER,WITHHELD_PRIVATE_RESEARCH_LEDGER,WITHHELD_PRIVATE_RESEARCH_LEDGER,WITHHELD_PRIVATE_RESEARCH_LEDGER,WITHHELD_PRIVATE_RESEARCH_LEDGER,WITHHELD_PRIVATE_RESEARCH_LEDGER,WITHHELD_PRIVATE_RESEARCH_LEDGER,REDACTED_PER_CARD_OUTCOME_PREDICTION_FIREWALL,132f76430f747e8812993eda69f25fb171e4d8d85d25abd67118309ced76d3f5
t2-F4-covid-mkt-2020,T2-F4,True,1,WITHHELD_PRIVATE_RESEARCH_LEDGER,WITHHELD_PRIVATE_RESEARCH_LEDGER,WITHHELD_PRIVATE_RESEARCH_LEDGER,WITHHELD_PRIVATE_RESEARCH_LEDGER,WITHHELD_PRIVATE_RESEARCH_LEDGER,WITHHELD_PRIVATE_RESEARCH_LEDGER,WITHHELD_PRIVATE_RESEARCH_LEDGER,WITHHELD_PRIVATE_RESEARCH_LEDGER,WITHHELD_PRIVATE_RESEARCH_LEDGER,WITHHELD_PRIVATE_RESEARCH_LEDGER,REDACTED_PER_CARD_OUTCOME_PREDICTION_FIREWALL,132f76430f747e8812993eda69f25fb171e4d8d85d25abd67118309ced76d3f5
t2-F4-covid-rates-2020,T2-F4,True,1,WITHHELD_PRIVATE_RESEARCH_LEDGER,WITHHELD_PRIVATE_RESEARCH_LEDGER,WITHHELD_PRIVATE_RESEARCH_LEDGER,WITHHELD_PRIVATE_RESEARCH_LEDGER,WITHHELD_PRIVATE_RESEARCH_LEDGER,WITHHELD_PRIVATE_RESEARCH_LEDGER,WITHHELD_PRIVATE_RESEARCH_LEDGER,WITHHELD_PRIVATE_RESEARCH_LEDGER,WITHHELD_PRIVATE_RESEARCH_LEDGER,WITHHELD_PRIVATE_RESEARCH_LEDGER,REDACTED_PER_CARD_OUTCOME_PREDICTION_FIREWALL,132f76430f747e8812993eda69f25fb171e4d8d85d25abd67118309ced76d3f5
t2-F4-cpi-friday-2022,T2-F4,True,1,WITHHELD_PRIVATE_RESEARCH_LEDGER,WITHHELD_PRIVATE_RESEARCH_LEDGER,WITHHELD_PRIVATE_RESEARCH_LEDGER,WITHHELD_PRIVATE_RESEARCH_LEDGER,WITHHELD_PRIVATE_RESEARCH_LEDGER,WITHHELD_PRIVATE_RESEARCH_LEDGER,WITHHELD_PRIVATE_RESEARCH_LEDGER,WITHHELD_PRIVATE_RESEARCH_LEDGER,WITHHELD_PRIVATE_RESEARCH_LEDGER,WITHHELD_PRIVATE_RESEARCH_LEDGER,REDACTED_PER_CARD_OUTCOME_PREDICTION_FIREWALL,132f76430f747e8812993eda69f25fb171e4d8d85d25abd67118309ced76d3f5
t2-F4-eur-warnings-2022,T2-F4,True,1,WITHHELD_PRIVATE_RESEARCH_LEDGER,WITHHELD_PRIVATE_RESEARCH_LEDGER,WITHHELD_PRIVATE_RESEARCH_LEDGER,WITHHELD_PRIVATE_RESEARCH_LEDGER,WITHHELD_PRIVATE_RESEARCH_LEDGER,WITHHELD_PRIVATE_RESEARCH_LEDGER,WITHHELD_PRIVATE_RESEARCH_LEDGER,WITHHELD_PRIVATE_RESEARCH_LEDGER,WITHHELD_PRIVATE_RESEARCH_LEDGER,WITHHELD_PRIVATE_RESEARCH_LEDGER,REDACTED_PER_CARD_OUTCOME_PREDICTION_FIREWALL,132f76430f747e8812993eda69f25fb171e4d8d85d25abd67118309ced76d3f5
