mode,model,family,cards,composite,arithmetic,routed_R2,application_fraction,marginal,joint,tail
loco,S0_LOG,T2-F1,6,1.0,1.0,0,0.0,1.0,1.0,1.0
loco,S0_LOG,T2-F2,6,1.0,1.0,0,0.0,1.0,,1.0
loco,S0_LOG,T2-F3,6,1.0,1.0,2,0.3333333333333333,1.0,1.0,1.0
loco,S0_LOG,T2-F4,6,1.0,1.0,0,0.0,1.0,,1.0
loco,T0_LOG,T2-F1,6,1.0,1.0,0,0.0,1.0,1.0,1.0
loco,T0_LOG,T2-F2,6,1.0,1.0,0,0.0,1.0,,1.0
loco,T0_LOG,T2-F3,6,1.0,1.0,1,0.16666666666666666,1.0,1.0,1.0
loco,T0_LOG,T2-F4,6,1.0329402260896743,1.0357749949422377,1,0.16666666666666666,1.01752268581409,,1.0671189288779424
loco,ST0_LOG,T2-F1,6,1.0,1.0,0,0.0,1.0,1.0,1.0
loco,ST0_LOG,T2-F2,6,1.0,1.0,0,0.0,1.0,,1.0
loco,ST0_LOG,T2-F3,6,1.032148758691494,1.0348460775048258,1,0.16666666666666666,1.037355379025675,1.0429078730025814,1.0
loco,ST0_LOG,T2-F4,6,1.0,1.0,0,0.0,1.0,,1.0
loco,STF0_LOG,T2-F1,6,1.0,1.0,0,0.0,1.0,1.0,1.0
loco,STF0_LOG,T2-F2,6,1.0,1.0,0,0.0,1.0,,1.0
loco,STF0_LOG,T2-F3,6,1.032148758691494,1.0348460775048258,1,0.16666666666666666,1.037355379025675,1.0429078730025814,1.0
loco,STF0_LOG,T2-F4,6,1.0,1.0,0,0.0,1.0,,1.0
loco,LENGTH_LOG,T2-F1,6,1.0,1.0,0,0.0,1.0,1.0,1.0
loco,LENGTH_LOG,T2-F2,6,1.0,1.0,0,0.0,1.0,,1.0
loco,LENGTH_LOG,T2-F3,6,1.0,1.0,0,0.0,1.0,1.0,1.0
loco,LENGTH_LOG,T2-F4,6,1.0,1.0,0,0.0,1.0,,1.0
loco,ST_NO_FAMILY_LOG,T2-F1,6,1.0,1.0,0,0.0,1.0,1.0,1.0
loco,ST_NO_FAMILY_LOG,T2-F2,6,1.0,1.0,0,0.0,1.0,,1.0
loco,ST_NO_FAMILY_LOG,T2-F3,6,1.0,1.0,0,0.0,1.0,1.0,1.0
loco,ST_NO_FAMILY_LOG,T2-F4,6,1.0,1.0,0,0.0,1.0,,1.0
loco,S0_RIDGE,T2-F1,6,1.0,1.0,0,0.0,1.0,1.0,1.0
loco,S0_RIDGE,T2-F2,6,0.9441036884567247,0.9482590052437995,6,1.0,0.9188447951402944,,0.9999999999999999
loco,S0_RIDGE,T2-F3,6,1.0,1.0,1,0.16666666666666666,1.0,1.0,1.0
loco,S0_RIDGE,T2-F4,6,1.0329402260896743,1.0357749949422377,3,0.5,1.01752268581409,,1.0671189288779424
loco,T0_RIDGE,T2-F1,6,1.0,1.0,2,0.3333333333333333,1.0,1.0,1.0
loco,T0_RIDGE,T2-F2,6,0.9441036884567247,0.9482590052437995,5,0.8333333333333334,0.9188447951402944,,0.9999999999999999
loco,T0_RIDGE,T2-F3,6,1.0,1.0,1,0.16666666666666666,1.0,1.0,1.0
loco,T0_RIDGE,T2-F4,6,0.8903731808192162,0.9163721534469039,3,0.5,0.9102921190658093,,0.8276414296955763
loco,ST0_RIDGE,T2-F1,6,1.0,1.0,2,0.3333333333333333,1.0,1.0,1.0
loco,ST0_RIDGE,T2-F2,6,0.9441036884567247,0.9482590052437995,3,0.5,0.9188447951402944,,0.9999999999999999
loco,ST0_RIDGE,T2-F3,6,1.0,1.0,2,0.3333333333333333,1.0,1.0,1.0
loco,ST0_RIDGE,T2-F4,6,0.9197022746995837,0.9521471483891416,4,0.6666666666666666,0.9262428818672417,,0.8831918359517522
loco,MAJORITY,T2-F1,6,1.0,1.0,0,0.0,1.0,1.0,1.0
loco,MAJORITY,T2-F2,6,1.0,1.0,0,0.0,1.0,,1.0
loco,MAJORITY,T2-F3,6,1.0,1.0,0,0.0,1.0,1.0,1.0
loco,MAJORITY,T2-F4,6,1.0,1.0,0,0.0,1.0,,1.0
loco,B0,T2-F1,6,1.0,1.0,0,0.0,1.0,1.0,1.0
loco,B0,T2-F2,6,1.0,1.0,0,0.0,1.0,,1.0
loco,B0,T2-F3,6,1.0,1.0,0,0.0,1.0,1.0,1.0
loco,B0,T2-F4,6,1.0,1.0,0,0.0,1.0,,1.0
loco,R2,T2-F1,6,1.0298852058943124,1.0322090086643907,6,1.0,1.0538029543258478,1.005611877651394,1.0
loco,R2,T2-F2,6,0.9441036884567247,0.9482590052437995,6,1.0,0.9188447951402944,,0.9999999999999999
loco,R2,T2-F3,6,1.0152064479282692,1.019036550933614,6,1.0,1.0067467944609434,1.040674354765858,0.9931158981899322
loco,R2,T2-F4,6,0.9348566138448984,0.9690379456126327,6,1.0,0.9458842980420714,,0.8867964395135868
loco,STRUCTURAL_EXPOSED,T2-F1,6,1.0,1.0,1,0.16666666666666666,1.0,1.0,1.0
loco,STRUCTURAL_EXPOSED,T2-F2,6,0.9441036884567247,0.9482590052437995,6,1.0,0.9188447951402944,,0.9999999999999999
loco,STRUCTURAL_EXPOSED,T2-F3,6,1.0,1.0,0,0.0,1.0,1.0,1.0
loco,STRUCTURAL_EXPOSED,T2-F4,6,0.9348566138448984,0.9690379456126327,6,1.0,0.9458842980420714,,0.8867964395135868
loco,ORACLE_2WAY,T2-F1,6,1.0,1.0,0,0.0,1.0,1.0,1.0
loco,ORACLE_2WAY,T2-F2,6,0.9441036884567247,0.9482590052437995,2,0.3333333333333333,0.9188447951402944,,0.9999999999999999
loco,ORACLE_2WAY,T2-F3,6,0.9835853983056637,0.984190473428788,2,0.3333333333333333,0.9704936368156875,0.9978583743640815,0.9931158981899322
loco,ORACLE_2WAY,T2-F4,6,0.8903731808192162,0.9163721534469039,1,0.16666666666666666,0.9102921190658093,,0.8276414296955763
loco,RANDOM_MATCHED,T2-F1,6,1.0,1.0,0,0.0,1.0,1.0,1.0
loco,RANDOM_MATCHED,T2-F2,6,1.0,1.0,0,0.0,1.0,,1.0
loco,RANDOM_MATCHED,T2-F3,6,0.9841678544414716,0.9847814244857499,1,0.16666666666666666,0.9749632532119904,0.9881261249751956,1.0
loco,RANDOM_MATCHED,T2-F4,6,1.0,1.0,0,0.0,1.0,,1.0
family_holdout,S0_LOG,T2-F1,6,1.0,1.0,0,0.0,1.0,1.0,1.0
family_holdout,S0_LOG,T2-F2,6,1.0,1.0,0,0.0,1.0,,1.0
family_holdout,S0_LOG,T2-F3,6,1.0,1.0,0,0.0,1.0,1.0,1.0
family_holdout,S0_LOG,T2-F4,6,1.049960436796573,1.0526657921657288,3,0.5,1.0390997331854182,,1.0714742008985327
family_holdout,T0_LOG,T2-F1,6,1.0,1.0,0,0.0,1.0,1.0,1.0
family_holdout,T0_LOG,T2-F2,6,1.0,1.0,0,0.0,1.0,,1.0
family_holdout,T0_LOG,T2-F3,6,1.0,1.0,0,0.0,1.0,1.0,1.0
family_holdout,T0_LOG,T2-F4,6,1.049960436796573,1.0526657921657288,3,0.5,1.0390997331854182,,1.0714742008985327
family_holdout,ST0_LOG,T2-F1,6,1.0,1.0,0,0.0,1.0,1.0,1.0
family_holdout,ST0_LOG,T2-F2,6,1.0,1.0,0,0.0,1.0,,1.0
family_holdout,ST0_LOG,T2-F3,6,1.0,1.0,0,0.0,1.0,1.0,1.0
family_holdout,ST0_LOG,T2-F4,6,1.049960436796573,1.0526657921657288,3,0.5,1.0390997331854182,,1.0714742008985327
family_holdout,STF0_LOG,T2-F1,6,1.0,1.0,0,0.0,1.0,1.0,1.0
family_holdout,STF0_LOG,T2-F2,6,1.0,1.0,0,0.0,1.0,,1.0
family_holdout,STF0_LOG,T2-F3,6,1.0,1.0,0,0.0,1.0,1.0,1.0
family_holdout,STF0_LOG,T2-F4,6,0.9348566138448984,0.9690379456126327,4,0.6666666666666666,0.9458842980420714,,0.8867964395135868
family_holdout,LENGTH_LOG,T2-F1,6,1.0,1.0,0,0.0,1.0,1.0,1.0
family_holdout,LENGTH_LOG,T2-F2,6,1.0,1.0,0,0.0,1.0,,1.0
family_holdout,LENGTH_LOG,T2-F3,6,1.0,1.0,0,0.0,1.0,1.0,1.0
family_holdout,LENGTH_LOG,T2-F4,6,1.0,1.0,0,0.0,1.0,,1.0
family_holdout,ST_NO_FAMILY_LOG,T2-F1,6,1.0,1.0,0,0.0,1.0,1.0,1.0
family_holdout,ST_NO_FAMILY_LOG,T2-F2,6,1.0,1.0,0,0.0,1.0,,1.0
family_holdout,ST_NO_FAMILY_LOG,T2-F3,6,1.0,1.0,0,0.0,1.0,1.0,1.0
family_holdout,ST_NO_FAMILY_LOG,T2-F4,6,1.049960436796573,1.0526657921657288,3,0.5,1.0390997331854182,,1.0714742008985327
family_holdout,S0_RIDGE,T2-F1,6,1.0,1.0,0,0.0,1.0,1.0,1.0
family_holdout,S0_RIDGE,T2-F2,6,0.9441036884567247,0.9482590052437995,6,1.0,0.9188447951402944,,0.9999999999999999
family_holdout,S0_RIDGE,T2-F3,6,1.031537906208502,1.0342551264478639,5,0.8333333333333334,1.032599732496833,1.0531796786487975,0.9931158981899322
family_holdout,S0_RIDGE,T2-F4,6,0.9348566138448984,0.9690379456126327,6,1.0,0.9458842980420714,,0.8867964395135868
family_holdout,T0_RIDGE,T2-F1,6,1.0,1.0,3,0.5,1.0,1.0,1.0
family_holdout,T0_RIDGE,T2-F2,6,0.9441036884567247,0.9482590052437995,5,0.8333333333333334,0.9188447951402944,,0.9999999999999999
family_holdout,T0_RIDGE,T2-F3,6,1.0,1.0,1,0.16666666666666666,1.0,1.0,1.0
family_holdout,T0_RIDGE,T2-F4,6,0.9348566138448984,0.9690379456126327,6,1.0,0.9458842980420714,,0.8867964395135868
family_holdout,ST0_RIDGE,T2-F1,6,1.0,1.0,0,0.0,1.0,1.0,1.0
family_holdout,ST0_RIDGE,T2-F2,6,0.9441036884567247,0.9482590052437995,5,0.8333333333333334,0.9188447951402944,,0.9999999999999999
family_holdout,ST0_RIDGE,T2-F3,6,1.0,1.0,3,0.5,1.0,1.0,1.0
family_holdout,ST0_RIDGE,T2-F4,6,0.9348566138448984,0.9690379456126327,6,1.0,0.9458842980420714,,0.8867964395135868
family_holdout,MAJORITY,T2-F1,6,1.0,1.0,0,0.0,1.0,1.0,1.0
family_holdout,MAJORITY,T2-F2,6,1.0,1.0,0,0.0,1.0,,1.0
family_holdout,MAJORITY,T2-F3,6,1.0,1.0,0,0.0,1.0,1.0,1.0
family_holdout,MAJORITY,T2-F4,6,1.0,1.0,0,0.0,1.0,,1.0
