card_id,family,single,model,old_guard_status,new_guard_status,strict_reversal_count,rounded_tie_count,max_shift_tolerance,max_shift_residual,max_centered_residual,candidate_sha256
t2-F1-aud-on-hold-2016,T2-F1,False,M0,True,True,0,0,7.367329608749707e-15,0.0,0.0,fbe832cec6e7938b80f1d61e0421c05b98ecb174d3ee155810adccc294ba6bdd
t2-F1-aud-on-hold-2016,T2-F1,False,M1,True,True,0,0,7.367329608749707e-15,5.551115123125783e-17,5.551115123125783e-17,47d140dfce256fcc72b7512b1ecd0aead3f518270fc8a1159321ddec10ee2e08
t2-F1-aud-on-hold-2016,T2-F1,False,M2,True,True,0,0,7.375847658180321e-15,1.1102230246251565e-16,1.1102230246251565e-16,2388268aa6015a88a3f43a2697f3e5d5d8014861ed8990eb6f36430a614ac7df
t2-F1-aud-on-hold-2016,T2-F1,False,M3,True,True,0,0,7.415695402702658e-15,1.1102230246251565e-16,1.1102230246251565e-16,f49c0a53185538123d819ccc99809af214fc8bd2abdc2e4131253ed39402ab4a
t2-F1-aud-on-hold-2016,T2-F1,False,M4,True,True,0,0,7.367329608749707e-15,1.1102230246251565e-16,1.1102230246251565e-16,f0b0f26833e517d80e6c8670be432b54485311dad8fc60f725cb1f479ee7f25f
t2-F1-aud-on-hold-2016,T2-F1,False,M5,True,True,0,0,7.367329608749707e-15,0.0,0.0,4643cf0103ca1319482ffe5e2f1e58b687614539d7bdef792aae6f90974d1a32
t2-F1-cad-boc-2017,T2-F1,False,M0,True,True,0,0,1.0986118405936733e-14,0.0,0.0,0abfff3e3158d7a8acd894dc379cbeca14ae78a5c41dab65fdc76dffb0aa64d1
t2-F1-cad-boc-2017,T2-F1,False,M1,True,True,0,0,1.0986118405936733e-14,1.1102230246251565e-16,1.1102230246251565e-16,768821a8f8bc8ec045ab652bc2402f4fee0b3514d1ca11a13c5ab119747cad97
t2-F1-cad-boc-2017,T2-F1,False,M2,True,True,0,0,1.1098900474626269e-14,1.1102230246251565e-16,1.1102230246251565e-16,497c1037c0c8246e53d6c1a31cc4518024bcd39b4f03a771410ecc74e25094ff
t2-F1-cad-boc-2017,T2-F1,False,M3,True,True,0,0,1.1109319114235185e-14,1.1102230246251565e-16,3.3306690738754696e-16,1ed1b0175c6f191a593a92d46fe0eb33b947112831152287d61b868b4c6fd2f0
t2-F1-cad-boc-2017,T2-F1,False,M4,True,True,0,0,1.1101130715189231e-14,1.1102230246251565e-16,1.1102230246251565e-16,15c33ed0bad86a5fa0f948bffb9d8767e54efa1adc90924a03ead99745403853
t2-F1-cad-boc-2017,T2-F1,False,M5,True,True,0,0,1.107031021362141e-14,0.0,2.220446049250313e-16,4b1e715297c77c56a945a628bdedf6c218a7a9b7583bfee651bbb33c17cded49
t2-F1-chf-highly-valued-2021,T2-F1,False,M0,True,True,0,0,8.008132368085412e-15,0.0,0.0,dbc8c5a97e271f78ca4a1136dd923bed4182f2444da19455e00dbd1bed93abdf
t2-F1-chf-highly-valued-2021,T2-F1,False,M1,True,True,0,0,8.008132368085412e-15,1.1102230246251565e-16,1.1102230246251565e-16,a26e2ef8463d199f4509d96f16b494ed6ce0ba9de6d3eed94c0ee60f5005395f
t2-F1-chf-highly-valued-2021,T2-F1,False,M2,True,True,0,0,8.008132368085412e-15,1.1102230246251565e-16,1.1102230246251565e-16,e3785ea8ba279838d4e0796af37736d957979f4351ba32feb1cb1f6a1dfb7273
t2-F1-chf-highly-valued-2021,T2-F1,False,M3,True,True,0,0,8.008132368085412e-15,1.1102230246251565e-16,1.1102230246251565e-16,ce0ba50764dbe1c7e9decba502ccbe4534c6a4d74edd3264f6e49385d48f3696
t2-F1-chf-highly-valued-2021,T2-F1,False,M4,True,True,0,0,8.008132368085412e-15,0.0,0.0,ffb6f6d26175af098121bed29d344655c199d53da3790d4e5e310e2dd7e011f8
t2-F1-chf-highly-valued-2021,T2-F1,False,M5,True,True,0,0,8.008132368085412e-15,1.1102230246251565e-16,1.1102230246251565e-16,6d8d7a7eb86354c532ffda53272da1eaa624bb5424787e3d7c74fc726b882039
t2-F1-considerable-period-2003,T2-F1,False,M0,True,True,0,0,5.85803860330646e-14,0.0,0.0,b44c98245e0dd5d3eba4ced69b8496c150a4d2647f0bd13df908eabb4a9469f9
t2-F1-considerable-period-2003,T2-F1,False,M1,True,True,0,0,5.85803860330646e-14,4.440892098500626e-16,4.440892098500626e-16,17c311deefc5f4a03288cfb5ba0227f42b592c4d50bb4c0ca0448503e38a753d
t2-F1-considerable-period-2003,T2-F1,False,M2,False,True,0,8,5.85803860330646e-14,4.440892098500626e-16,4.440892098500626e-16,4e42ad61a7d3065b47defd35c3e0fc71835bc5b5c6b37b199b03ab207618b021
t2-F1-considerable-period-2003,T2-F1,False,M3,False,True,0,6,5.85803860330646e-14,4.440892098500626e-16,4.440892098500626e-16,affcacf9db3cd3375212d066c1f233ccec768ac1057acb796d46479d36901aec
t2-F1-considerable-period-2003,T2-F1,False,M4,True,True,0,0,5.85803860330646e-14,0.0,0.0,974402f928a78d9e5730d188fd78a241fe2a4232c9406024efa1d0a95cd1642b
t2-F1-considerable-period-2003,T2-F1,False,M5,False,True,0,4,5.85803860330646e-14,4.440892098500626e-16,4.440892098500626e-16,0ad840cb4324b27e34e0a5f2039e42454c1c0c64aeba5818004e56013d993e8f
t2-F1-conundrum-2005,T2-F1,False,M0,True,True,0,0,4.9709543820304924e-14,0.0,0.0,52c49a9ca1de829384ab68fd618e27d7f3dc542ac16e28126e8562573bcbbf39
t2-F1-conundrum-2005,T2-F1,False,M1,True,True,0,0,4.986205937317704e-14,4.440892098500626e-16,4.440892098500626e-16,73f2e356f4f62d9b81b1b2f2a0497ba5b01c12d296b503abaf210a8f202cc969
t2-F1-conundrum-2005,T2-F1,False,M2,True,True,0,0,4.9794754816339516e-14,4.440892098500626e-16,4.440892098500626e-16,850912f93f8343d4c9dff1d4729b6424e114f5b6290c1c40ea17a9f1c74152fd
t2-F1-conundrum-2005,T2-F1,False,M3,True,True,0,0,4.9709543820304924e-14,4.440892098500626e-16,8.881784197001252e-16,1fddd1aa241f5a90d04b4de941ee45170e6d8fd328bfdb3a94d523fa5a1abafe
t2-F1-conundrum-2005,T2-F1,False,M4,True,True,0,0,4.9709543820304924e-14,4.440892098500626e-16,4.440892098500626e-16,76480cebcdb4d31ea9381b47402d6b17258ae03f0bf65424ced80dea9958ad44
t2-F1-conundrum-2005,T2-F1,False,M5,True,True,0,0,4.9709543820304924e-14,2.220446049250313e-16,4.440892098500626e-16,68a34925c9071837e4a36cc6763a12165779c2f43f20221d31726bb7c19705a7
t2-F1-dkk-peg-2019,T2-F1,True,M0,True,True,0,0,5.3778663350527207e-14,0.0,0.0,db46490bd2d59eb04f7c026563b1b5f233862ad72d5adef6ccb2d3d6649c5b30
t2-F1-dkk-peg-2019,T2-F1,True,M1,True,True,0,0,5.3778663350527207e-14,0.0,0.0,4d08daeea8ae9b9946c3a46433484b0505bf436f09a1aab049c3c95de55077e4
t2-F1-dkk-peg-2019,T2-F1,True,M2,True,True,0,0,5.392091127161257e-14,0.0,0.0,0f2be6d4f91e6ea03d40538af85a5f34310bd4d44e00965861b258b31d90149d
t2-F1-dkk-peg-2019,T2-F1,True,M3,True,True,0,0,5.4214802186374697e-14,0.0,0.0,17847eafcd0bf7f5e77d33b124a3687fa130c9f7f73114529320973f28c3d609
t2-F1-dkk-peg-2019,T2-F1,True,M4,False,True,0,1,5.437806486854169e-14,8.881784197001252e-16,8.881784197001252e-16,a5814c7cca6d4d169a33ee93cf9aca22e5db3136ba7750f24020981b2480dde7
t2-F1-dkk-peg-2019,T2-F1,True,M5,True,True,0,0,5.441999744328045e-14,0.0,0.0,cdf35770ccc7c6ebcf1c1c5cd424a3444eb11d3c445943740feac8914191a657
t2-F2-abenomics-2012,T2-F2,True,M0,True,True,0,0,6.75706791608399e-13,0.0,0.0,33b29555c2f2045571408a4d977726ad7323454d0f1195561d0c7b1d98bab42e
t2-F2-abenomics-2012,T2-F2,True,M1,True,True,0,0,6.75706791608399e-13,0.0,1.4210854715202004e-14,39c196da3bd6ad2ac9e16922577f3cf36b50b02e98b42d11a4298ea07412de24
t2-F2-abenomics-2012,T2-F2,True,M2,True,True,0,0,6.75706791608399e-13,0.0,0.0,361cee65b1da69d55768aca2f2d2386eff5ca9bb641ba384c6b18c06abd65cc2
t2-F2-abenomics-2012,T2-F2,True,M3,True,True,0,0,6.75706791608399e-13,0.0,1.4210854715202004e-14,37619d7e59d0c98f86f5d44a6bb0878c259129f8110d405e5053eec25c7064c3
t2-F2-abenomics-2012,T2-F2,True,M4,True,True,0,0,6.75706791608399e-13,0.0,1.4210854715202004e-14,5f24c08256f34fc708e5e30cfd344ab1368f737f8e02c00efd940f4d67266a2f
t2-F2-abenomics-2012,T2-F2,True,M5,True,True,0,0,6.75706791608399e-13,0.0,0.0,5f1106d64de02696202c90bfd5f2b35415f1ec49a989091f6c3ffab31e0fe260
t2-F2-act-as-appropriate-2019,T2-F2,True,M0,True,True,0,0,1.914707571893213e-14,0.0,0.0,9d0dec8ed1299cf71e8879c890bfb5d346656f0a1082c5d1cdb562b2de7b0552
t2-F2-act-as-appropriate-2019,T2-F2,True,M1,True,True,0,0,1.9190298022721833e-14,2.220446049250313e-16,2.220446049250313e-16,78f198252f56fe5b6ab13841d981f7e8e3b14ff18fac6532fa464f4d81c9e4bd
t2-F2-act-as-appropriate-2019,T2-F2,True,M2,False,True,0,3,2.0085912246410536e-14,2.220446049250313e-16,2.220446049250313e-16,cd24281286e226182e5313df62cce53611494c0a30e654533fbb2dcce289c0d8
t2-F2-act-as-appropriate-2019,T2-F2,True,M3,False,True,0,4,2.0054131034278583e-14,2.220446049250313e-16,2.220446049250313e-16,ee83031db4f65798d22fe3d47687b258b9ac809e5a2359d41621a23edcfd7e92
t2-F2-act-as-appropriate-2019,T2-F2,True,M4,False,True,0,6,2.0301698805320702e-14,2.220446049250313e-16,2.220446049250313e-16,1e4641044dffed7eeb852a43b8b83e04f99ffbce34e1866282180d8cf0c5e5eb
t2-F2-act-as-appropriate-2019,T2-F2,True,M5,False,True,0,6,2.0249326563811984e-14,2.220446049250313e-16,2.220446049250313e-16,cfcf1b0a61630e8471d547d08d4d674659261fa8696ac3887bc2db1cf24a18a3
t2-F2-aud-taper-2013,T2-F2,True,M0,True,True,0,0,8.071749954215854e-15,0.0,0.0,3c35ebcd05847b49afa5ab86e09ac6b9fcf24f1735ee4a09a8df2aac263da36d
t2-F2-aud-taper-2013,T2-F2,True,M1,True,True,0,0,8.134000084163026e-15,1.1102230246251565e-16,1.1102230246251565e-16,e5afc11d107871584e5ce4b9edae28b95f64eb19ba8e56830765f1562683b833
t2-F2-aud-taper-2013,T2-F2,True,M2,True,True,0,1,8.275374552634398e-15,1.1102230246251565e-16,1.1102230246251565e-16,bb6f54061cbefb34ca1187eb05085bc1a0eca190b8320230d338961a3f93829b
t2-F2-aud-taper-2013,T2-F2,True,M3,True,True,0,0,8.211426507085336e-15,1.1102230246251565e-16,2.220446049250313e-16,fd3a5ee204f78c489878db6bb8bc143a2406d2826e25a138188a719c1e6a6d42
t2-F2-aud-taper-2013,T2-F2,True,M4,True,True,0,1,8.320722600011363e-15,1.1102230246251565e-16,1.1102230246251565e-16,f322ad268aa277a02645cb71c8669b801f2c4c0966740e30df7b9e7e8fb6e2d7
t2-F2-aud-taper-2013,T2-F2,True,M5,True,True,0,1,8.290718022436492e-15,1.1102230246251565e-16,1.1102230246251565e-16,5a8dc32e3a7de5a44b9fb1316548ccb0e550ffc0b5ab6977b4e4feb1c7a757ae
t2-F2-boj-thin-signal-2014,T2-F2,True,M0,True,True,0,0,8.847419957228379e-13,0.0,0.0,b860647fd196266454c8e92ff304847c55490e21c2224ed6e1499581c1141c4f
t2-F2-boj-thin-signal-2014,T2-F2,True,M1,True,True,0,0,8.847419957228379e-13,0.0,1.4210854715202004e-14,869cff014ca069c85a8e1ee0a1dfd4dbaa398c8fbb8ff56925020113b54ac6fd
t2-F2-boj-thin-signal-2014,T2-F2,True,M2,True,True,0,0,8.872539741029887e-13,0.0,1.4210854715202004e-14,e8811e84a21259d145c06a5470a168fd0422399e919b54aff82e37f4ff579a4c
t2-F2-boj-thin-signal-2014,T2-F2,True,M3,True,True,0,0,8.847419957228379e-13,0.0,0.0,dbb823b40f753009d28e3ad69994b097afbdb75669a9cde295affda25f6bd76e
t2-F2-boj-thin-signal-2014,T2-F2,True,M4,True,True,0,0,8.847419957228379e-13,0.0,0.0,94714992dd3bf8631648b7c99ed682b9289c6250c6507947f5e553acfd219d3e
t2-F2-boj-thin-signal-2014,T2-F2,True,M5,True,True,0,0,8.847419957228379e-13,0.0,1.4210854715202004e-14,3db12404afcd8bd03e310deaecd396d6844747e34c0a3e2825d6d6a987ea6761
t2-F2-considerable-removal-2004,T2-F2,True,M0,True,True,0,0,2.4870340497121943e-14,0.0,0.0,6bf724a3c0b4dadc54cfd85968cb51de4ba51fea2c9d9899b32ef9d4c350ab96
t2-F2-considerable-removal-2004,T2-F2,True,M1,False,True,0,8,2.4870340497121943e-14,2.220446049250313e-16,2.220446049250313e-16,5168686f20c307ea59fe8f3c101c59ba5ac1b3501f14cb9b928f53525aeba71d
t2-F2-considerable-removal-2004,T2-F2,True,M2,True,True,0,0,2.4870340497121943e-14,2.220446049250313e-16,4.440892098500626e-16,dc0bca54e6095ff37d2afc8e558170fcfcbaf1f8d4650659f13d5effb372cac2
t2-F2-considerable-removal-2004,T2-F2,True,M3,False,True,0,8,2.4870340497121943e-14,2.220446049250313e-16,2.220446049250313e-16,795b2f471935d6a597952ff58efb61cd80b9835c028d3269786c29a3d86aa603
t2-F2-considerable-removal-2004,T2-F2,True,M4,True,True,0,0,2.4870340497121943e-14,1.1102230246251565e-16,1.1102230246251565e-16,c12453e75114827432ba888ad08d3c0fff856c15e7c042f69a9508fc2b6b517f
t2-F2-considerable-removal-2004,T2-F2,True,M5,True,True,0,0,2.4870340497121943e-14,1.1102230246251565e-16,1.1102230246251565e-16,af2ef16f085b846e4b67b5955d931442f5fa855c1da177792841e8df5d87df74
t2-F2-credit-crunch-2007,T2-F2,True,M0,True,True,0,0,4.0086427952161205e-14,0.0,0.0,dce46986fb960ace11310e55d86eb9b017f2164242f0247649af5d434723f9a3
t2-F2-credit-crunch-2007,T2-F2,True,M1,False,True,0,1,4.0359181721022875e-14,4.440892098500626e-16,8.881784197001252e-16,496b294866a1ccf09d98b1d904c288115f18a119c73163faf0b6145408c2237f
t2-F2-credit-crunch-2007,T2-F2,True,M2,False,True,0,5,4.1689357944173095e-14,4.440892098500626e-16,1.3322676295501878e-15,3acb2aeffebf630e20e21d854d44e9e096d803d21ee4b7c4406abfa0a3d13184
t2-F2-credit-crunch-2007,T2-F2,True,M3,False,True,0,7,4.2403204226138166e-14,4.440892098500626e-16,1.3322676295501878e-15,69c8dcebc277a02ea0d151d4a86f291d86f533bce0700b77487d946fa1f9dd09
t2-F2-credit-crunch-2007,T2-F2,True,M4,False,True,0,14,4.2248238139467905e-14,4.440892098500626e-16,8.881784197001252e-16,725a1d1a4d3eb106c1e064a992b2568b850d09870ed08341ccde5f8c7d8ca81b
t2-F2-credit-crunch-2007,T2-F2,True,M5,False,True,0,12,4.325445701030179e-14,4.440892098500626e-16,4.440892098500626e-16,ae0baaad701dd558caf81ae7f81d6cac5e0f246b926a861acf407cffa5781211
t2-F3-bear-flattener-2022,T2-F3,False,M0,True,True,0,0,4.496787788144756e-14,0.0,0.0,40d50df9246c52e6e57e0f5b3f3adfe2bbd5870d8ac2289efb401f282df2aab5
t2-F3-bear-flattener-2022,T2-F3,False,M1,True,True,0,0,4.496787788144756e-14,4.440892098500626e-16,8.881784197001252e-16,b31f9b84393228612f920f8c25235386346ba9ef286b50b722a3385b17a3e229
t2-F3-bear-flattener-2022,T2-F3,False,M2,False,True,0,9,4.496787788144756e-14,4.440892098500626e-16,4.440892098500626e-16,6571adfdbc2fb119225870385601e8e28386a9b1d8d58d31e15859ed66e4d27d
t2-F3-bear-flattener-2022,T2-F3,False,M3,True,True,0,0,4.496787788144756e-14,4.440892098500626e-16,8.881784197001252e-16,68fd0152b2b485405ca8cdf1471b89f217802254529be090ccfc85dfff383fb2
t2-F3-bear-flattener-2022,T2-F3,False,M4,False,True,0,8,4.496787788144756e-14,4.440892098500626e-16,8.881784197001252e-16,a4f7f88429e5e988879c9f5badb2dd2a8066b70a714337d91872756e3b230da7
t2-F3-bear-flattener-2022,T2-F3,False,M5,False,True,0,44,4.496787788144756e-14,4.440892098500626e-16,8.881784197001252e-16,8c5748a51f0728da97e4248fd4f708176c49836424bfbf27527b345a8fd0c3d3
t2-F3-boj-ust-channel-2023,T2-F3,False,M0,True,True,0,0,1.1678529515519675e-12,0.0,0.0,50188d0699f6c6acc0836aebc78892d8c4a55ed80e0e03788eb8bd09d2b390e6
t2-F3-boj-ust-channel-2023,T2-F3,False,M1,True,True,0,0,1.170866212100308e-12,2.220446049250313e-16,2.842170943040401e-14,3848d407b121670c75918a08d3a2dd1c0b14a67f29cb924bd0ac08b6b320e6c7
t2-F3-boj-ust-channel-2023,T2-F3,False,M2,True,True,0,0,1.1706890155435973e-12,1.4210854715202004e-14,1.4210854715202004e-14,8d1bb94e152e9c37c3f36750b17911fc67b040382ecc4e71eb3a59fb4a751ccd
t2-F3-boj-ust-channel-2023,T2-F3,False,M3,True,True,0,0,1.175491006058661e-12,1.4210854715202004e-14,2.842170943040401e-14,e6f225e4dbd9b828190f2264fc1247f5bed9201564b8c77acfcd5e8fb781eede
t2-F3-boj-ust-channel-2023,T2-F3,False,M4,True,True,0,1,1.1774190267616171e-12,1.4210854715202004e-14,1.4210854715202004e-14,d8aff57e2517ecbbdec80ae3012bc80ab6838795ee9cabea5dd12683a2ffdd13
t2-F3-boj-ust-channel-2023,T2-F3,False,M5,True,True,0,0,1.1762453039794107e-12,1.4210854715202004e-14,4.263256414560601e-14,75ad413a6ac12e6381b96e0674569349986d32831739d1c0c306535c3176fb11
t2-F3-brexit-joint-2016,T2-F3,False,M0,True,True,0,0,8.670954334992504e-13,0.0,0.0,361fdab13eec3540af6ef75a0d67ab4c2fef50d68c79b67d0ca2b58603862ee0
t2-F3-brexit-joint-2016,T2-F3,False,M1,True,True,0,0,8.682234017281824e-13,1.1102230246251565e-16,1.1102230246251565e-16,530cbe823a888690935767fbf6eb2e031bf1fbef35aed1ed59977dde7755c458
t2-F3-brexit-joint-2016,T2-F3,False,M2,True,True,0,0,8.802756750802674e-13,1.1102230246251565e-16,2.220446049250313e-16,25e733dda315c0af63bcf5671366885e6ab5b887808ce79896fccbcf7d223336
t2-F3-brexit-joint-2016,T2-F3,False,M3,True,True,0,0,8.810392082188687e-13,1.1102230246251565e-16,2.220446049250313e-16,dd142592b7282a387f22231a77487c95ec4d9f305b5a6e8fcb015586911249d0
t2-F3-brexit-joint-2016,T2-F3,False,M4,True,True,0,1,8.891234616235702e-13,1.1102230246251565e-16,1.4210854715202004e-14,dbc9dd2c4be4da4621906681b4839e37988b055490c904808ba801ca0ce25389
t2-F3-brexit-joint-2016,T2-F3,False,M5,True,True,0,1,8.875113038967345e-13,1.1102230246251565e-16,2.220446049250313e-16,d87f5e51c312432acdf4b6eb511106e275778d6280a45cbc0e5efd397292f2b2
t2-F3-conundrum-joint-2005,T2-F3,False,M0,True,True,0,0,4.240818157284417e-14,0.0,0.0,a3b94297ea556a81157ecce1b4c9d17283dfac860d68c182118f2a14ff87df6f
t2-F3-conundrum-joint-2005,T2-F3,False,M1,True,True,0,0,4.246295764452449e-14,4.440892098500626e-16,4.440892098500626e-16,43dfe9a4defc283736a2087d7940a7e843f5328c0fb5417c6704d6a8b7e97fbf
t2-F3-conundrum-joint-2005,T2-F3,False,M2,True,True,0,0,4.240818157284417e-14,4.440892098500626e-16,8.881784197001252e-16,3f1063746c16861239f12acfff800fb4ad4a7f3279dde2b111c0858e7d97c123
t2-F3-conundrum-joint-2005,T2-F3,False,M3,True,True,0,0,4.240818157284417e-14,4.440892098500626e-16,8.881784197001252e-16,641d929c84bb2f8e3539519039e4419ab8a062983e54e92dba44f8f505cca272
t2-F3-conundrum-joint-2005,T2-F3,False,M4,False,True,0,3,4.240818157284417e-14,4.440892098500626e-16,4.440892098500626e-16,16dbc851fecb3256807f2a2444c8d0f2f9a11d2479f8a29dac7e5889893d64a7
t2-F3-conundrum-joint-2005,T2-F3,False,M5,False,True,0,3,4.240818157284417e-14,4.440892098500626e-16,4.440892098500626e-16,a7fedfe346ce78e5d85b309a60f37fbf5a28daa16d196f44d052fab991a98358
t2-F3-covid-curve-2020,T2-F3,False,M0,True,True,0,0,2.5028723595239626e-14,0.0,0.0,23d24c28b4ed24934aed7383709cafe2abeca6fa64bf74b8971b8160b58ec574
t2-F3-covid-curve-2020,T2-F3,False,M1,False,True,0,31,2.5028723595239626e-14,2.220446049250313e-16,2.220446049250313e-16,de68a47208532a9a152210fbaafbb4a56e29be24cc83d5b81131bcabfafd34a3
t2-F3-covid-curve-2020,T2-F3,False,M2,False,True,0,9,2.5272198140364994e-14,2.220446049250313e-16,2.220446049250313e-16,9c62f1c1de8b95957499dc5a2fcd70b57a4d8b6e905deef9944e1a0b59ad9875
t2-F3-covid-curve-2020,T2-F3,False,M3,False,True,0,8,2.5103397494355415e-14,2.220446049250313e-16,2.220446049250313e-16,d7315c5c9cdf7dff806e720a7811422d23e0e60296a71281d5f8bd194dac2696
t2-F3-covid-curve-2020,T2-F3,False,M4,False,True,0,16,2.56399292157622e-14,2.220446049250313e-16,2.220446049250313e-16,fdf15eac5b85097014b4d6d421e6149327c63d19deadd96d846ed1f069a530b0
t2-F3-covid-curve-2020,T2-F3,False,M5,False,True,0,29,2.5638414924277775e-14,2.220446049250313e-16,2.220446049250313e-16,48c251b7f4bbf11d9d4f708afc6e8e00438efb67c905fbd3b0c17dddd8401001
t2-F3-cpi-shock-cross-2022,T2-F3,False,M0,True,True,0,0,7.105427357601002e-15,0.0,0.0,b95ebb0d818166263a101b0b1e7469de137c1dbafbcdf475d5c82f20823eba39
t2-F3-cpi-shock-cross-2022,T2-F3,False,M1,False,True,0,10,7.105427357601002e-15,2.7755575615628914e-17,5.551115123125783e-17,5de1c53e05e7f65d7a56aa0a7b8ab44b1ebf2ff5a117130ba8c5cde0dc77a82d
t2-F3-cpi-shock-cross-2022,T2-F3,False,M2,False,True,0,6,7.105427357601002e-15,2.7755575615628914e-17,2.7755575615628914e-17,e1e247cd8195c6ffd1bf104c90cbec88bb7db2c8aa9c636c8751fae6c317bfcb
t2-F3-cpi-shock-cross-2022,T2-F3,False,M3,False,True,0,6,7.105427357601002e-15,2.0816681711721685e-17,5.551115123125783e-17,14dcaa94146aa67d01703af8951d38a1b8ded4ef6b452bc4a3d8bda0bda2e6c6
t2-F3-cpi-shock-cross-2022,T2-F3,False,M4,False,True,0,12,7.105427357601002e-15,2.0816681711721685e-17,2.7755575615628914e-17,a6aa57e70521888b3b504b8149ce2d8b6f9ed518385d460e15826716ab2e8ef6
t2-F3-cpi-shock-cross-2022,T2-F3,False,M5,False,True,0,4,7.105427357601002e-15,2.0816681711721685e-17,5.551115123125783e-17,533e3cba99aef0a2f546342d185d02d54fe44665b51cc6975c5e564e31561b9c
t2-F4-china-panic-2016,T2-F4,True,M0,True,True,0,0,7.105427357601002e-15,0.0,0.0,8a37665413515e899f6b8232defb76b5da5191ace430c90fdc713ad1b9210d8b
t2-F4-china-panic-2016,T2-F4,True,M1,False,True,0,3,7.105427357601002e-15,1.3877787807814457e-17,1.3877787807814457e-17,73e10899fc8d4f750ba36ddd9692f17612bacea03a56afd211dd83133ebca9cc
t2-F4-china-panic-2016,T2-F4,True,M2,False,True,0,6,7.105427357601002e-15,1.3877787807814457e-17,5.551115123125783e-17,48bba6997e93049928531d60bdf4a1b79b84dcb8d2c185da6993e4e729b3dbad
t2-F4-china-panic-2016,T2-F4,True,M3,False,True,0,1,7.105427357601002e-15,6.938893903907228e-18,1.3877787807814457e-17,66a4448e3d1f005184d8fa8d035fbbcda41ef9477f68707d39a570889f1bc611
t2-F4-china-panic-2016,T2-F4,True,M4,False,True,0,2,7.105427357601002e-15,8.673617379884035e-18,2.7755575615628914e-17,9314e16a1a88084ed7953d7ce7d1af331f636772fae1b3af641992b00230aed0
t2-F4-china-panic-2016,T2-F4,True,M5,False,True,0,1,7.105427357601002e-15,6.938893903907228e-18,2.7755575615628914e-17,2837537e9c73c3d7fcc71be51f2bb92227e5f15ee10d319b8313527e590054fb
t2-F4-china-stress-mkt-2015,T2-F4,True,M0,True,True,0,0,7.105427357601002e-15,0.0,0.0,8a004bd7b77dc4e2bc494d4249350603ee967adcd99c5e7a7cdf2274ac4b2d12
t2-F4-china-stress-mkt-2015,T2-F4,True,M1,False,True,0,9,7.105427357601002e-15,1.3877787807814457e-17,2.7755575615628914e-17,c917e4d59ddf302b99596877a5bf6d1e9f03ffabc36affa94793703d0e07bc37
t2-F4-china-stress-mkt-2015,T2-F4,True,M2,False,True,0,10,7.105427357601002e-15,1.3010426069826053e-17,2.7755575615628914e-17,f6c80e127a50c6614c7dc3259353a49effb68750f59054dc40f5c92ef6a93e63
t2-F4-china-stress-mkt-2015,T2-F4,True,M3,False,True,0,8,7.105427357601002e-15,1.0408340855860843e-17,1.3877787807814457e-17,70b22d38e2e5676b0cdc5b37ec842f4bae4c7005c838e5f19f805f2030fb8035
t2-F4-china-stress-mkt-2015,T2-F4,True,M4,False,True,0,4,7.105427357601002e-15,1.3877787807814457e-17,2.7755575615628914e-17,6b8b79c81f90faadafb22a23d9e2a4aba7bd1d8ed53cc49fef430965b0a371a9
t2-F4-china-stress-mkt-2015,T2-F4,True,M5,False,True,0,7,7.105427357601002e-15,8.673617379884035e-18,2.7755575615628914e-17,103cbf5e877e4a2dc622313e672917b378ee988683ad6cfbd208e706ce582c06
t2-F4-covid-mkt-2020,T2-F4,True,M0,True,True,0,0,7.105427357601002e-15,0.0,0.0,ae2b157c40227c577b07477c2f72116e4f040f792e9a26e35330f73b019a6187
t2-F4-covid-mkt-2020,T2-F4,True,M1,False,True,0,4,7.105427357601002e-15,9.540979117872439e-18,2.7755575615628914e-17,c894e167765d2a0fe34dfe38a968058ed7c2d616608a661b410eee42309e4eb6
t2-F4-covid-mkt-2020,T2-F4,True,M2,False,True,0,8,7.105427357601002e-15,1.0408340855860843e-17,2.7755575615628914e-17,3967840817da8fdf878846ac83602ec0e4677f1c0d9f656234772d7b0b099a39
t2-F4-covid-mkt-2020,T2-F4,True,M3,False,True,0,17,7.105427357601002e-15,6.938893903907228e-18,6.938893903907228e-18,56673a5c7b84eda6803f2e67e3c652a9ac6ba38728f1629aa4d6a9e38327c72a
t2-F4-covid-mkt-2020,T2-F4,True,M4,False,True,0,15,7.105427357601002e-15,6.938893903907228e-18,1.3877787807814457e-17,9411c31546cb989185b547447c7d01f9e7b2829f1a3b1b96e473802695340ca0
t2-F4-covid-mkt-2020,T2-F4,True,M5,False,True,0,16,7.105427357601002e-15,1.0408340855860843e-17,2.7755575615628914e-17,67669845917472adfed1af2343909bac152cc89db269bc55e5ef9eb34d1ab92d
t2-F4-covid-rates-2020,T2-F4,True,M0,True,True,0,0,1.680623772088565e-14,0.0,0.0,98bf0bb1d64fbec976b38e46a5ee671c9c74844ecd3cd8ef84afc7a14c9bf357
t2-F4-covid-rates-2020,T2-F4,True,M1,True,True,0,0,1.680623772088565e-14,1.1102230246251565e-16,1.1102230246251565e-16,e4f791354181b7107de754065a8329e3c037239f4bb4ab69b4d429706a85508c
t2-F4-covid-rates-2020,T2-F4,True,M2,False,True,0,4,1.755253408282632e-14,2.220446049250313e-16,2.220446049250313e-16,80c458605b4122075eeab0ccd3fb608c3cdf960697dbf0e853b68f98a462c390
t2-F4-covid-rates-2020,T2-F4,True,M3,True,True,0,1,1.7397259806028868e-14,2.220446049250313e-16,2.220446049250313e-16,1f51a9305b05e61e3a50add406d6ef3df926bbfbc1a11f17b21d715cb8ab3257
t2-F4-covid-rates-2020,T2-F4,True,M4,False,True,0,3,1.757791768538574e-14,2.220446049250313e-16,2.220446049250313e-16,63df74bac93b096d03e90d4f1a08868b81175b20d0f4845c394ced34f2817536
t2-F4-covid-rates-2020,T2-F4,True,M5,False,True,0,3,1.7577259214253168e-14,2.220446049250313e-16,2.220446049250313e-16,88825f89fbe16dcab384809244e7b59b63cef64b5149a9da0de49bc5ad43ba3a
t2-F4-cpi-friday-2022,T2-F4,True,M0,True,True,0,0,2.4584778657299466e-14,0.0,0.0,8bcdda03f7148926f4ad0309504872861c3ed3beb8c29df1a7bcbf14a7abf9f0
t2-F4-cpi-friday-2022,T2-F4,True,M1,True,True,0,0,2.4584778657299466e-14,0.0,0.0,36e2e91c768fdb78d3592cbfcc85628cd4cbba80264931073a47770534866987
t2-F4-cpi-friday-2022,T2-F4,True,M2,True,True,0,0,2.4584778657299466e-14,0.0,0.0,6503b66058ad213b895be6ae13deff4c8df669484d783ffa6c1aba1515f52c74
t2-F4-cpi-friday-2022,T2-F4,True,M3,True,True,0,0,2.4584778657299466e-14,0.0,4.440892098500626e-16,e7a97beff24498e691d7ccc1eb72f3e03bd6f3afe3a153f30ddcf855b50584cd
t2-F4-cpi-friday-2022,T2-F4,True,M4,True,True,0,0,2.4584778657299466e-14,0.0,0.0,0202b39d227b385774d882e2db67347151e4394ff04ddcbf4c153189efbb657f
t2-F4-cpi-friday-2022,T2-F4,True,M5,True,True,0,0,2.4584778657299466e-14,2.220446049250313e-16,4.440892098500626e-16,561b27fa9b1035e5433db006316448d43f4e3c3a47653bcb7b2e801ed2274da4
t2-F4-eur-warnings-2022,T2-F4,True,M0,True,True,0,0,8.669797853887855e-15,0.0,0.0,f65891bbba977615f21666aa250b44adf6dd04449e2ba529832580fdf85ab99b
t2-F4-eur-warnings-2022,T2-F4,True,M1,True,True,0,0,8.678829966641197e-15,0.0,0.0,65643735bce8e7b12be5a4adb7ebfcf097e0aaec9bee34b49f2a1968a3aab029
t2-F4-eur-warnings-2022,T2-F4,True,M2,True,True,0,0,8.695870674741826e-15,0.0,0.0,eb7d6f4fa98750e037e151039cbd69b7aa55aba8241e31c973aed212c82f59f4
t2-F4-eur-warnings-2022,T2-F4,True,M3,True,True,0,0,8.68693617276296e-15,0.0,0.0,927c644b373a50a28e0290dc8fa38f5053dde98252db63a8f1a807a4355240df
t2-F4-eur-warnings-2022,T2-F4,True,M4,True,True,0,0,8.67199920048382e-15,0.0,0.0,49cdb10273122beb67230ea4ca13fd7f2081435515ed0f8d24ab4a71b963bfb5
t2-F4-eur-warnings-2022,T2-F4,True,M5,True,True,0,0,8.672265372335364e-15,0.0,0.0,ab6384eb663db242475ae758c15a4eada29b27ee646995b351ae1578cd4dc590
