model,fold,active_ratio,full_ratio,active_capture,active_cells,full_cells,status
P0,1,1.0,1.0,0.0,22740,22740,EVALUATED
P0,2,1.0,1.0,0.0,22700,22700,EVALUATED
P0,3,1.0,1.0,0.0,17070,17070,EVALUATED
P0,4,1.0,1.0,0.0,19674,19674,EVALUATED
F1,1,1.0199599379149402,1.0008668895832573,-0.03574179524164203,1030,22740,EVALUATED
F1,2,0.934637086288235,0.9975430191297998,0.13374599355861544,1035,22700,EVALUATED
F1,3,1.033666414906678,1.001333924984826,-0.05641200611158416,770,17070,EVALUATED
F1,4,1.061227147138009,1.0014772646749428,-0.10868996328933937,605,19674,EVALUATED
F2,1,1.051804070934449,1.002249927312138,-0.09276434144800891,1030,22740,EVALUATED
F2,2,0.938586674448735,0.9976914834806748,0.12566432212329923,1035,22700,EVALUATED
F2,3,1.0656086743024888,1.0025995357722526,-0.10993498850365498,770,17070,EVALUATED
F2,4,1.1208006200425287,1.002914630144334,-0.2144443367278998,605,19674,EVALUATED
L1,1,1.0094423528235514,1.0094423528235514,-0.01761912732128435,22740,22740,EVALUATED
L1,2,0.9944675875925861,0.9944675875925861,0.009493320200468721,22700,22700,EVALUATED
L1,3,1.0034005819784562,1.0034005819784562,-0.005688897966935856,17070,17070,EVALUATED
L1,4,0.988009579361803,0.988009579361803,0.018595519208792544,19674,19674,EVALUATED
L2,1,1.0466313697809517,1.0466313697809517,-0.08701263940140083,22740,22740,EVALUATED
L2,2,0.9931565884421605,0.9931565884421605,0.011742923773198568,22700,22700,EVALUATED
L2,3,1.0044361426511856,1.0044361426511856,-0.007421307020166206,17070,17070,EVALUATED
L2,4,0.9843520589650218,0.9843520589650218,0.0242678382080302,19674,19674,EVALUATED
C1,1,1.0109311570430788,1.0109311570430788,-0.020397188212515873,22740,22740,EVALUATED
C1,2,0.9939592715179397,0.9939592715179397,0.01036556306746776,22700,22700,EVALUATED
C1,3,1.0046814020497645,1.0046814020497645,-0.007831606110965008,17070,17070,EVALUATED
C1,4,0.9910256326527583,0.9910256326527583,0.013918028852196063,19674,19674,EVALUATED
C2,1,1.0503880037667381,1.0503880037667381,-0.09402239785164054,22740,22740,EVALUATED
C2,2,0.9939281764032608,0.9939281764032608,0.010418920600959232,22700,22700,EVALUATED
C2,3,1.007581639886986,1.007581639886986,-0.012683468892196828,17070,17070,EVALUATED
C2,4,0.9893620967961754,0.9893620967961754,0.016497947764886958,19674,19674,EVALUATED
nonlinear,1,1.0041415313351645,1.0041415313351645,-0.0077279645510965386,22740,22740,EVALUATED
nonlinear,2,0.9996044942372762,0.9996044942372762,0.0006786664785937759,22700,22700,EVALUATED
nonlinear,3,0.9990808851345074,0.9990808851345074,0.0015376046579106402,17070,17070,EVALUATED
nonlinear,4,0.9908387152834535,0.9908387152834535,0.014207912388082456,19674,19674,EVALUATED
FA,1,1.1048489750199497,1.0045537458406606,-0.1877506138761107,1030,22740,EVALUATED
FA,2,0.9544689673638191,0.9982884961848416,0.09316587728217604,1035,22700,EVALUATED
FA,3,0.9573395895213493,0.9983097164471432,0.07148249504187518,770,17070,EVALUATED
FA,4,1.083935133604904,1.0020251540967875,-0.14900100717806294,605,19674,EVALUATED
FB,1,1.008440383738319,1.0003665783316875,-0.015113998281030366,1030,22740,EVALUATED
FB,2,0.9895289598399741,0.9996063953715751,0.021425906378202794,1035,22700,EVALUATED
FB,3,1.0305265378300512,1.001209517307519,-0.05115077573325944,770,17070,EVALUATED
FB,4,1.0494304136745838,1.001192637700801,-0.08774849227512244,605,19674,EVALUATED
LA,1,3.9271649246336087,3.9271649246336087,-5.461995803511962,22740,22740,EVALUATED
LA,2,1.0070450293122672,1.0070450293122672,-0.012088888925456013,22700,22700,EVALUATED
LA,3,1.00805360476721,1.00805360476721,-0.01347302787491857,17070,17070,EVALUATED
LA,4,1.003804437798977,1.003804437798977,-0.005900168001126194,19674,19674,EVALUATED
LB,1,1.0448241282560413,1.0448241282560413,-0.08364038471840624,22740,22740,EVALUATED
LB,2,0.9946984653036498,0.9946984653036498,0.00909714654657742,22700,22700,EVALUATED
LB,3,1.004737941704965,1.004737941704965,-0.007926192370481644,17070,17070,EVALUATED
LB,4,0.9842652850444419,0.9842652850444419,0.024402412811845596,19674,19674,EVALUATED
CA,1,3.94329295992204,3.94329295992204,-5.4920901997391685,22740,22740,EVALUATED
CA,2,1.0060098259954569,1.0060098259954569,-0.010312536073326134,22700,22700,EVALUATED
CA,3,1.0052300523277056,1.0052300523277056,-0.008749453547230786,17070,17070,EVALUATED
CA,4,1.0076340920624018,1.0076340920624018,-0.011839443324936656,19674,19674,EVALUATED
CB,1,1.0463098815264549,1.0463098815264549,-0.08641275263651006,22740,22740,EVALUATED
CB,2,0.9957021331675907,0.9957021331675907,0.007374906824436853,22700,22700,EVALUATED
CB,3,1.0077362694892842,1.0077362694892842,-0.012942151681118204,17070,17070,EVALUATED
CB,4,0.986379639830579,0.986379639830579,0.02112333476894828,19674,19674,EVALUATED
