model,group,active_ratio,full_ratio,active_capture,active_cells,full_cells,status
P0,FX,1.0,1.0,0.0,37540,37540,EVALUATED
P0,Factor/Equity,1.0,1.0,0.0,21940,21940,EVALUATED
P0,Rates,1.0,1.0,0.0,22704,22704,EVALUATED
F1,FX,,,,0,37540,NOT_ACTIVE
F1,Factor/Equity,1.004988400397814,1.0006754501039192,-0.00910081153894624,3440,21940,EVALUATED
F1,Rates,,,,0,22704,NOT_ACTIVE
F2,FX,,,,0,37540,NOT_ACTIVE
F2,Factor/Equity,1.0332099395316068,1.004496763555229,-0.06058803961073351,3440,21940,EVALUATED
F2,Rates,,,,0,22704,NOT_ACTIVE
L1,FX,1.0057358579108666,1.0057358579108666,-0.010121362284144026,37540,37540,EVALUATED
L1,Factor/Equity,0.9850834438818877,0.9850834438818877,0.0253429407097459,21940,21940,EVALUATED
L1,Rates,1.0000461385983173,1.0000461385983173,-7.373605628072237e-05,22704,22704,EVALUATED
L2,FX,1.0151830039076077,1.0151830039076077,-0.02679157773754098,37540,37540,EVALUATED
L2,Factor/Equity,0.989556642145613,0.989556642145613,0.01774306326599218,21940,21940,EVALUATED
L2,Rates,1.009268468351919,1.009268468351919,-0.01481233346825728,22704,22704,EVALUATED
C1,FX,1.005433621598812,1.005433621598812,-0.009588043074138318,37540,37540,EVALUATED
C1,Factor/Equity,0.9901600992191424,0.9901600992191424,0.016717801354714817,21940,21940,EVALUATED
C1,Rates,1.0001493359244789,1.0001493359244789,-0.00023866009228086518,22704,22704,EVALUATED
C2,FX,1.0150964163150984,1.0150964163150984,-0.026638787273286522,37540,37540,EVALUATED
C2,Factor/Equity,1.000720997412398,1.000720997412398,-0.0012249606765530456,21940,21940,EVALUATED
C2,Rates,1.0097438231913296,1.0097438231913296,-0.015572018254324515,22704,22704,EVALUATED
nonlinear,FX,1.0103902575875474,1.0103902575875474,-0.018334408366342324,37540,37540,EVALUATED
nonlinear,Factor/Equity,0.991038852717024,0.991038852717024,0.015224816136212986,21940,21940,EVALUATED
nonlinear,Rates,0.9874288600035733,0.9874288600035733,0.020090473488498593,22704,22704,EVALUATED
FA,FX,,,,0,37540,NOT_ACTIVE
FA,Factor/Equity,1.0207501866892237,1.0028096613418853,-0.0378565318331964,3440,21940,EVALUATED
FA,Rates,,,,0,22704,NOT_ACTIVE
FB,FX,,,,0,37540,NOT_ACTIVE
FB,Factor/Equity,1.0150676075461134,1.0020402165566538,-0.027489264229886845,3440,21940,EVALUATED
FB,Rates,,,,0,22704,NOT_ACTIVE
LA,FX,1.7052444112616167,1.7052444112616167,-1.2444579862628116,37540,37540,EVALUATED
LA,Factor/Equity,1.787332997738433,1.787332997738433,-1.3376635546782467,21940,21940,EVALUATED
LA,Rates,1.6836047271172072,1.6836047271172072,-1.0924977886384544,22704,22704,EVALUATED
LB,FX,1.0150440367720264,1.0150440367720264,-0.026546359542344043,37540,37540,EVALUATED
LB,Factor/Equity,0.9905418016055397,0.9905418016055397,0.016069296373361214,21940,21940,EVALUATED
LB,Rates,1.008725036450528,1.008725036450528,-0.01394385183406939,22704,22704,EVALUATED
CA,FX,1.7091312347898875,1.7091312347898875,-1.251316585216184,37540,37540,EVALUATED
CA,Factor/Equity,1.7915138815172496,1.7915138815172496,-1.3447667954586193,21940,21940,EVALUATED
CA,Rates,1.687489831176393,1.687489831176393,-1.0987067386718896,22704,22704,EVALUATED
CB,FX,1.0151063943115775,1.0151063943115775,-0.026656394215230316,37540,37540,EVALUATED
CB,Factor/Equity,0.9972358978228192,0.9972358978228192,0.004696156206385664,21940,21940,EVALUATED
CB,Rates,1.0088262462914823,1.0088262462914823,-0.014105599585430478,22704,22704,EVALUATED
