model,class_id,age_bin,active_ratio,active_cells
P0,F,1-5BD,1.0,600
P0,F,11-20BD,1.0,1575
P0,F,21-30BD,1.0,485
P0,F,6-10BD,1.0,780
P0,L,1-5BD,1.0,81964
P0,L,6-10BD,1.0,220
F1,F,1-5BD,1.0007255658347816,600
F1,F,11-20BD,1.0032976501179673,1575
F1,F,21-30BD,1.0223745098513888,485
F1,F,6-10BD,1.001084373725338,780
F2,F,1-5BD,1.0249426305387441,600
F2,F,11-20BD,1.031359554109651,1575
F2,F,21-30BD,1.0488348875697737,485
F2,F,6-10BD,1.0334111547643876,780
L1,L,1-5BD,0.9985433771633948,81964
L1,L,6-10BD,0.9971674638570942,220
L2,L,1-5BD,1.00662559382876,81964
L2,L,6-10BD,0.9963505852783984,220
C1,F,1-5BD,1.004175647470037,600
C1,F,11-20BD,0.9929509218340647,1575
C1,F,21-30BD,1.0149038204360747,485
C1,F,6-10BD,0.9920370927943807,780
C1,L,1-5BD,0.9997782863814189,81964
C1,L,6-10BD,1.0040711822431108,220
C2,F,1-5BD,1.0401333297866473,600
C2,F,11-20BD,1.0370524585363026,1575
C2,F,21-30BD,1.056868095351579,485
C2,F,6-10BD,1.0448952345642692,780
C2,L,1-5BD,1.009692403748253,81964
C2,L,6-10BD,1.0043510070484134,220
nonlinear,F,1-5BD,1.011556081910498,600
nonlinear,F,11-20BD,1.0082574936708366,1575
nonlinear,F,21-30BD,1.017726360220477,485
nonlinear,F,6-10BD,1.0200513243493932,780
nonlinear,L,1-5BD,0.9984345020949593,81964
nonlinear,L,6-10BD,0.9966397197617791,220
FA,F,1-5BD,1.0176387218431828,600
FA,F,11-20BD,1.0275558390729096,1575
FA,F,21-30BD,1.0330159997969008,485
FA,F,6-10BD,1.002459144090654,780
FB,F,1-5BD,1.0285382908137086,600
FB,F,11-20BD,1.0033079220462071,1575
FB,F,21-30BD,1.0,485
FB,F,6-10BD,1.0375066734267167,780
LA,L,1-5BD,1.7231767240593507,81964
LA,L,6-10BD,0.9886972619792291,220
LB,L,1-5BD,1.0066550462968518,81964
LB,L,6-10BD,1.0,220
CA,F,1-5BD,2.067296350026909,600
CA,F,11-20BD,1.7808830150498878,1575
CA,F,21-30BD,1.5209512748215999,485
CA,F,6-10BD,2.0279871475664035,780
CA,L,1-5BD,1.727147095247522,81964
CA,L,6-10BD,0.9909832361294366,220
CB,F,1-5BD,1.0868118046371427,600
CB,F,11-20BD,0.9681862060588862,1575
CB,F,21-30BD,0.9712197313330518,485
CB,F,6-10BD,1.0702943566000958,780
CB,L,1-5BD,1.0084533315773223,81964
CB,L,6-10BD,1.0156958096083397,220
