asset,group,horizon,reason,cells,origins
AUD,FX,5,ELIGIBLE,546,546
AUD,FX,5,FIXED14_PRICE_UNAVAILABLE,682,682
AUD,FX,21,ELIGIBLE,543,543
AUD,FX,21,FIXED14_PRICE_UNAVAILABLE,682,682
AUD,FX,63,ELIGIBLE,534,534
AUD,FX,63,FIXED14_PRICE_UNAVAILABLE,682,682
AUD,FX,126,ELIGIBLE,522,522
AUD,FX,126,FIXED14_PRICE_UNAVAILABLE,682,682
AUD,FX,189,ELIGIBLE,509,509
AUD,FX,189,FIXED14_PRICE_UNAVAILABLE,682,682
BAB,Factor/Equity,5,ELIGIBLE,529,529
BAB,Factor/Equity,5,FIXED14_PRICE_UNAVAILABLE,692,692
BAB,Factor/Equity,21,ELIGIBLE,526,526
BAB,Factor/Equity,21,FIXED14_PRICE_UNAVAILABLE,692,692
BAB,Factor/Equity,63,ELIGIBLE,518,518
BAB,Factor/Equity,63,FIXED14_PRICE_UNAVAILABLE,692,692
BAB,Factor/Equity,126,ELIGIBLE,505,505
BAB,Factor/Equity,126,FIXED14_PRICE_UNAVAILABLE,692,692
BAB,Factor/Equity,189,ELIGIBLE,492,492
BAB,Factor/Equity,189,FIXED14_PRICE_UNAVAILABLE,692,692
BRL,FX,5,FIXED14_PRICE_UNAVAILABLE,121,121
BRL,FX,21,FIXED14_PRICE_UNAVAILABLE,118,118
BRL,FX,63,FIXED14_PRICE_UNAVAILABLE,110,110
BRL,FX,126,FIXED14_PRICE_UNAVAILABLE,97,97
BRL,FX,189,FIXED14_PRICE_UNAVAILABLE,84,84
CAD,FX,5,ELIGIBLE,546,546
CAD,FX,5,FIXED14_PRICE_UNAVAILABLE,682,682
CAD,FX,21,ELIGIBLE,543,543
CAD,FX,21,FIXED14_PRICE_UNAVAILABLE,682,682
CAD,FX,63,ELIGIBLE,534,534
CAD,FX,63,FIXED14_PRICE_UNAVAILABLE,682,682
CAD,FX,126,ELIGIBLE,522,522
CAD,FX,126,FIXED14_PRICE_UNAVAILABLE,682,682
CAD,FX,189,ELIGIBLE,509,509
CAD,FX,189,FIXED14_PRICE_UNAVAILABLE,682,682
CHF,FX,5,ELIGIBLE,546,546
CHF,FX,5,FIXED14_PRICE_UNAVAILABLE,682,682
CHF,FX,21,ELIGIBLE,543,543
CHF,FX,21,FIXED14_PRICE_UNAVAILABLE,682,682
CHF,FX,63,ELIGIBLE,534,534
CHF,FX,63,FIXED14_PRICE_UNAVAILABLE,682,682
CHF,FX,126,ELIGIBLE,522,522
CHF,FX,126,FIXED14_PRICE_UNAVAILABLE,682,682
CHF,FX,189,ELIGIBLE,509,509
CHF,FX,189,FIXED14_PRICE_UNAVAILABLE,682,682
CNY,FX,5,FIXED14_PRICE_UNAVAILABLE,381,381
CNY,FX,21,FIXED14_PRICE_UNAVAILABLE,378,378
CNY,FX,63,FIXED14_PRICE_UNAVAILABLE,370,370
CNY,FX,126,FIXED14_PRICE_UNAVAILABLE,359,359
CNY,FX,189,FIXED14_PRICE_UNAVAILABLE,346,346
DKK,FX,5,ELIGIBLE,546,546
DKK,FX,5,FIXED14_PRICE_UNAVAILABLE,682,682
DKK,FX,21,ELIGIBLE,543,543
DKK,FX,21,FIXED14_PRICE_UNAVAILABLE,682,682
DKK,FX,63,ELIGIBLE,534,534
DKK,FX,63,FIXED14_PRICE_UNAVAILABLE,682,682
DKK,FX,126,ELIGIBLE,522,522
DKK,FX,126,FIXED14_PRICE_UNAVAILABLE,682,682
DKK,FX,189,ELIGIBLE,509,509
DKK,FX,189,FIXED14_PRICE_UNAVAILABLE,682,682
EUR,FX,5,ELIGIBLE,546,546
EUR,FX,5,FIXED14_PRICE_UNAVAILABLE,682,682
EUR,FX,21,ELIGIBLE,543,543
EUR,FX,21,FIXED14_PRICE_UNAVAILABLE,682,682
EUR,FX,63,ELIGIBLE,534,534
EUR,FX,63,FIXED14_PRICE_UNAVAILABLE,682,682
EUR,FX,126,ELIGIBLE,522,522
EUR,FX,126,FIXED14_PRICE_UNAVAILABLE,682,682
EUR,FX,189,ELIGIBLE,509,509
EUR,FX,189,FIXED14_PRICE_UNAVAILABLE,682,682
GBP,FX,5,ELIGIBLE,546,546
GBP,FX,5,FIXED14_PRICE_UNAVAILABLE,682,682
GBP,FX,21,ELIGIBLE,543,543
GBP,FX,21,FIXED14_PRICE_UNAVAILABLE,682,682
GBP,FX,63,ELIGIBLE,534,534
GBP,FX,63,FIXED14_PRICE_UNAVAILABLE,682,682
GBP,FX,126,ELIGIBLE,522,522
GBP,FX,126,FIXED14_PRICE_UNAVAILABLE,682,682
GBP,FX,189,ELIGIBLE,509,509
GBP,FX,189,FIXED14_PRICE_UNAVAILABLE,682,682
HML,Factor/Equity,5,ELIGIBLE,525,525
HML,Factor/Equity,5,FIXED14_PRICE_UNAVAILABLE,681,681
HML,Factor/Equity,21,ELIGIBLE,522,522
HML,Factor/Equity,21,FIXED14_PRICE_UNAVAILABLE,682,682
HML,Factor/Equity,63,ELIGIBLE,514,514
HML,Factor/Equity,63,FIXED14_PRICE_UNAVAILABLE,682,682
HML,Factor/Equity,126,ELIGIBLE,501,501
HML,Factor/Equity,126,FIXED14_PRICE_UNAVAILABLE,682,682
HML,Factor/Equity,189,ELIGIBLE,488,488
HML,Factor/Equity,189,FIXED14_PRICE_UNAVAILABLE,682,682
INR,FX,5,FIXED14_PRICE_UNAVAILABLE,121,121
INR,FX,21,FIXED14_PRICE_UNAVAILABLE,118,118
INR,FX,63,FIXED14_PRICE_UNAVAILABLE,110,110
INR,FX,126,FIXED14_PRICE_UNAVAILABLE,97,97
INR,FX,189,FIXED14_PRICE_UNAVAILABLE,84,84
JPY,FX,5,ELIGIBLE,546,546
JPY,FX,5,FIXED14_PRICE_UNAVAILABLE,682,682
JPY,FX,21,ELIGIBLE,543,543
JPY,FX,21,FIXED14_PRICE_UNAVAILABLE,682,682
JPY,FX,63,ELIGIBLE,534,534
JPY,FX,63,FIXED14_PRICE_UNAVAILABLE,682,682
JPY,FX,126,ELIGIBLE,522,522
JPY,FX,126,FIXED14_PRICE_UNAVAILABLE,682,682
JPY,FX,189,ELIGIBLE,509,509
JPY,FX,189,FIXED14_PRICE_UNAVAILABLE,682,682
MKT,Factor/Equity,5,ELIGIBLE,525,525
MKT,Factor/Equity,5,FIXED14_PRICE_UNAVAILABLE,681,681
MKT,Factor/Equity,21,ELIGIBLE,522,522
MKT,Factor/Equity,21,FIXED14_PRICE_UNAVAILABLE,682,682
MKT,Factor/Equity,63,ELIGIBLE,514,514
MKT,Factor/Equity,63,FIXED14_PRICE_UNAVAILABLE,682,682
MKT,Factor/Equity,126,ELIGIBLE,501,501
MKT,Factor/Equity,126,FIXED14_PRICE_UNAVAILABLE,682,682
MKT,Factor/Equity,189,ELIGIBLE,488,488
MKT,Factor/Equity,189,FIXED14_PRICE_UNAVAILABLE,682,682
MOM,Factor/Equity,5,ELIGIBLE,525,525
MOM,Factor/Equity,5,FIXED14_PRICE_UNAVAILABLE,681,681
MOM,Factor/Equity,21,ELIGIBLE,522,522
MOM,Factor/Equity,21,FIXED14_PRICE_UNAVAILABLE,682,682
MOM,Factor/Equity,63,ELIGIBLE,514,514
MOM,Factor/Equity,63,FIXED14_PRICE_UNAVAILABLE,682,682
MOM,Factor/Equity,126,ELIGIBLE,501,501
MOM,Factor/Equity,126,FIXED14_PRICE_UNAVAILABLE,682,682
MOM,Factor/Equity,189,ELIGIBLE,488,488
MOM,Factor/Equity,189,FIXED14_PRICE_UNAVAILABLE,682,682
NOK,FX,5,ELIGIBLE,546,546
NOK,FX,5,FIXED14_PRICE_UNAVAILABLE,682,682
NOK,FX,21,ELIGIBLE,543,543
NOK,FX,21,FIXED14_PRICE_UNAVAILABLE,682,682
NOK,FX,63,ELIGIBLE,534,534
NOK,FX,63,FIXED14_PRICE_UNAVAILABLE,682,682
NOK,FX,126,ELIGIBLE,522,522
NOK,FX,126,FIXED14_PRICE_UNAVAILABLE,682,682
NOK,FX,189,ELIGIBLE,509,509
NOK,FX,189,FIXED14_PRICE_UNAVAILABLE,682,682
NZD,FX,5,ELIGIBLE,546,546
NZD,FX,5,FIXED14_PRICE_UNAVAILABLE,682,682
NZD,FX,21,ELIGIBLE,543,543
NZD,FX,21,FIXED14_PRICE_UNAVAILABLE,682,682
NZD,FX,63,ELIGIBLE,534,534
NZD,FX,63,FIXED14_PRICE_UNAVAILABLE,682,682
NZD,FX,126,ELIGIBLE,522,522
NZD,FX,126,FIXED14_PRICE_UNAVAILABLE,682,682
NZD,FX,189,ELIGIBLE,509,509
NZD,FX,189,FIXED14_PRICE_UNAVAILABLE,682,682
QMJ,Factor/Equity,5,ELIGIBLE,529,529
QMJ,Factor/Equity,5,FIXED14_PRICE_UNAVAILABLE,692,692
QMJ,Factor/Equity,21,ELIGIBLE,526,526
QMJ,Factor/Equity,21,FIXED14_PRICE_UNAVAILABLE,692,692
QMJ,Factor/Equity,63,ELIGIBLE,518,518
QMJ,Factor/Equity,63,FIXED14_PRICE_UNAVAILABLE,692,692
QMJ,Factor/Equity,126,ELIGIBLE,505,505
QMJ,Factor/Equity,126,FIXED14_PRICE_UNAVAILABLE,692,692
QMJ,Factor/Equity,189,ELIGIBLE,492,492
QMJ,Factor/Equity,189,FIXED14_PRICE_UNAVAILABLE,692,692
SEK,FX,5,ELIGIBLE,546,546
SEK,FX,5,FIXED14_PRICE_UNAVAILABLE,682,682
SEK,FX,21,ELIGIBLE,543,543
SEK,FX,21,FIXED14_PRICE_UNAVAILABLE,682,682
SEK,FX,63,ELIGIBLE,534,534
SEK,FX,63,FIXED14_PRICE_UNAVAILABLE,682,682
SEK,FX,126,ELIGIBLE,522,522
SEK,FX,126,FIXED14_PRICE_UNAVAILABLE,682,682
SEK,FX,189,ELIGIBLE,509,509
SEK,FX,189,FIXED14_PRICE_UNAVAILABLE,682,682
SMB,Factor/Equity,5,ELIGIBLE,525,525
SMB,Factor/Equity,5,FIXED14_PRICE_UNAVAILABLE,681,681
SMB,Factor/Equity,21,ELIGIBLE,522,522
SMB,Factor/Equity,21,FIXED14_PRICE_UNAVAILABLE,682,682
SMB,Factor/Equity,63,ELIGIBLE,514,514
SMB,Factor/Equity,63,FIXED14_PRICE_UNAVAILABLE,682,682
SMB,Factor/Equity,126,ELIGIBLE,501,501
SMB,Factor/Equity,126,FIXED14_PRICE_UNAVAILABLE,682,682
SMB,Factor/Equity,189,ELIGIBLE,488,488
SMB,Factor/Equity,189,FIXED14_PRICE_UNAVAILABLE,682,682
UST_10Y,Rates,5,ELIGIBLE,553,553
UST_10Y,Rates,5,FIXED14_PRICE_UNAVAILABLE,681,681
UST_10Y,Rates,21,ELIGIBLE,550,550
UST_10Y,Rates,21,FIXED14_PRICE_UNAVAILABLE,681,681
UST_10Y,Rates,63,ELIGIBLE,541,541
UST_10Y,Rates,63,FIXED14_PRICE_UNAVAILABLE,681,681
UST_10Y,Rates,126,ELIGIBLE,529,529
UST_10Y,Rates,126,FIXED14_PRICE_UNAVAILABLE,681,681
UST_10Y,Rates,189,ELIGIBLE,516,516
UST_10Y,Rates,189,FIXED14_PRICE_UNAVAILABLE,681,681
UST_20Y,Rates,5,ELIGIBLE,553,553
UST_20Y,Rates,5,FIXED14_PRICE_UNAVAILABLE,681,681
UST_20Y,Rates,21,ELIGIBLE,550,550
UST_20Y,Rates,21,FIXED14_PRICE_UNAVAILABLE,681,681
UST_20Y,Rates,63,ELIGIBLE,541,541
UST_20Y,Rates,63,FIXED14_PRICE_UNAVAILABLE,681,681
UST_20Y,Rates,126,ELIGIBLE,529,529
UST_20Y,Rates,126,FIXED14_PRICE_UNAVAILABLE,681,681
UST_20Y,Rates,189,ELIGIBLE,516,516
UST_20Y,Rates,189,FIXED14_PRICE_UNAVAILABLE,681,681
UST_2Y,Rates,5,ELIGIBLE,553,553
UST_2Y,Rates,5,FIXED14_PRICE_UNAVAILABLE,681,681
UST_2Y,Rates,21,ELIGIBLE,550,550
UST_2Y,Rates,21,FIXED14_PRICE_UNAVAILABLE,681,681
UST_2Y,Rates,63,ELIGIBLE,541,541
UST_2Y,Rates,63,FIXED14_PRICE_UNAVAILABLE,681,681
UST_2Y,Rates,126,ELIGIBLE,529,529
UST_2Y,Rates,126,FIXED14_PRICE_UNAVAILABLE,681,681
UST_2Y,Rates,189,ELIGIBLE,516,516
UST_2Y,Rates,189,FIXED14_PRICE_UNAVAILABLE,681,681
UST_30Y,Rates,5,ELIGIBLE,553,553
UST_30Y,Rates,5,FIXED14_PRICE_UNAVAILABLE,681,681
UST_30Y,Rates,21,ELIGIBLE,550,550
UST_30Y,Rates,21,FIXED14_PRICE_UNAVAILABLE,681,681
UST_30Y,Rates,63,ELIGIBLE,541,541
UST_30Y,Rates,63,FIXED14_PRICE_UNAVAILABLE,681,681
UST_30Y,Rates,126,ELIGIBLE,529,529
UST_30Y,Rates,126,FIXED14_PRICE_UNAVAILABLE,681,681
UST_30Y,Rates,189,ELIGIBLE,516,516
UST_30Y,Rates,189,FIXED14_PRICE_UNAVAILABLE,681,681
UST_5Y,Rates,5,ELIGIBLE,553,553
UST_5Y,Rates,5,FIXED14_PRICE_UNAVAILABLE,681,681
UST_5Y,Rates,21,ELIGIBLE,550,550
UST_5Y,Rates,21,FIXED14_PRICE_UNAVAILABLE,681,681
UST_5Y,Rates,63,ELIGIBLE,541,541
UST_5Y,Rates,63,FIXED14_PRICE_UNAVAILABLE,681,681
UST_5Y,Rates,126,ELIGIBLE,529,529
UST_5Y,Rates,126,FIXED14_PRICE_UNAVAILABLE,681,681
UST_5Y,Rates,189,ELIGIBLE,516,516
UST_5Y,Rates,189,FIXED14_PRICE_UNAVAILABLE,681,681
UST_7Y,Rates,5,ELIGIBLE,553,553
UST_7Y,Rates,5,FIXED14_PRICE_UNAVAILABLE,681,681
UST_7Y,Rates,21,ELIGIBLE,550,550
UST_7Y,Rates,21,FIXED14_PRICE_UNAVAILABLE,681,681
UST_7Y,Rates,63,ELIGIBLE,541,541
UST_7Y,Rates,63,FIXED14_PRICE_UNAVAILABLE,681,681
UST_7Y,Rates,126,ELIGIBLE,529,529
UST_7Y,Rates,126,FIXED14_PRICE_UNAVAILABLE,681,681
UST_7Y,Rates,189,ELIGIBLE,516,516
UST_7Y,Rates,189,FIXED14_PRICE_UNAVAILABLE,681,681
