# ## Executive summary (read this first): Provisional F1 external-source dates only; FINAL remains unscored.
template_unit_id,family,assets,horizons_bd,target_type,frequency,single_cell,source_series,reliability,origin,evaluation_end,episode_year,split
t2-F1-chf-highly-valued-2021,T2-F1,CHF,126;189,level,daily,0,DEXSZUS,provisional_current_history_market,1972-01-07,1972-10-04,1972,FIT
t2-F1-considerable-period-2003,T2-F1,UST_10Y,126;189,level,daily,0,DGS10,provisional_current_history_market,1972-01-10,1972-10-06,1972,FIT
t2-F1-dkk-peg-2019,T2-F1,DKK,129,level,daily,1,DEXDNUS,provisional_current_history_market,1972-01-10,1972-07-12,1972,FIT
t2-F1-fed-put-2019,T2-F1,MKT,128,log_return,daily,1,F-F_Research_Data_Factors_daily_CSV.zip,secondary_revised_factor,1972-01-10,1972-07-12,1972,FIT
t2-F1-cad-boc-2017,T2-F1,CAD,126;189,level,daily,0,DEXCAUS,provisional_current_history_market,1972-01-26,1972-10-25,1972,FIT
t2-F1-qe3-end-2014,T2-F1,UST_10Y,126;189,level,daily,0,DGS10,provisional_current_history_market,1972-02-02,1972-11-02,1972,FIT
t2-F1-ust-positioning-2018,T2-F1,UST_10Y,126;189,level,daily,0,DGS10,provisional_current_history_market,1972-03-03,1972-12-05,1972,FIT
t2-F1-conflicting-texts-2024,T2-F1,UST_10Y,126;189,level,daily,0,DGS10,provisional_current_history_market,1972-03-16,1972-12-18,1972,FIT
t2-F1-aud-on-hold-2016,T2-F1,AUD,126;189,level,daily,0,DEXUSAL,provisional_current_history_market,1972-03-20,1972-12-26,1972,FIT
t2-F1-jpy-ycc-flex-2018,T2-F1,JPY,126;189,level,daily,0,DEXJPUS,provisional_current_history_market,1972-03-21,1972-12-20,1972,FIT
t2-F1-conundrum-2005,T2-F1,UST_10Y,126;189,level,daily,0,DGS10,provisional_current_history_market,1972-03-28,1972-12-29,1972,FIT
t2-F1-normalization-2017,T2-F1,UST_10Y,127,level,daily,1,DGS10,provisional_current_history_market,1972-04-19,1972-10-19,1972,FIT
t2-F1-ai-mom-2024,T2-F1,MOM,127,log_return,daily,1,F-F_Momentum_Factor_daily_CSV.zip,secondary_revised_factor,1972-06-01,1972-12-01,1972,FIT
t2-F1-chf-highly-valued-2021,T2-F1,CHF,126;189,level,daily,0,DEXSZUS,provisional_current_history_market,1973-01-11,1973-10-11,1973,FIT
t2-F1-ust-positioning-2018,T2-F1,UST_10Y,126;189,level,daily,0,DGS10,provisional_current_history_market,1973-01-16,1973-10-17,1973,FIT
t2-F1-normalization-2017,T2-F1,UST_10Y,127,level,daily,1,DGS10,provisional_current_history_market,1973-01-29,1973-08-01,1973,FIT
t2-F1-conundrum-2005,T2-F1,UST_10Y,126;189,level,daily,0,DGS10,provisional_current_history_market,1973-01-30,1973-11-01,1973,FIT
t2-F1-jpy-ycc-flex-2018,T2-F1,JPY,126;189,level,daily,0,DEXJPUS,provisional_current_history_market,1973-02-01,1973-11-02,1973,FIT
t2-F1-conflicting-texts-2024,T2-F1,UST_10Y,126;189,level,daily,0,DGS10,provisional_current_history_market,1973-02-02,1973-11-07,1973,FIT
t2-F1-considerable-period-2003,T2-F1,UST_10Y,126;189,level,daily,0,DGS10,provisional_current_history_market,1973-02-13,1973-11-15,1973,FIT
t2-F1-qe3-end-2014,T2-F1,UST_10Y,126;189,level,daily,0,DGS10,provisional_current_history_market,1973-03-14,1973-12-14,1973,FIT
t2-F1-cad-boc-2017,T2-F1,CAD,126;189,level,daily,0,DEXCAUS,provisional_current_history_market,1973-03-16,1973-12-17,1973,FIT
t2-F1-aud-on-hold-2016,T2-F1,AUD,126;189,level,daily,0,DEXUSAL,provisional_current_history_market,1973-03-28,1973-12-28,1973,FIT
t2-F1-fed-put-2019,T2-F1,MKT,128,log_return,daily,1,F-F_Research_Data_Factors_daily_CSV.zip,secondary_revised_factor,1973-04-10,1973-10-11,1973,FIT
t2-F1-dkk-peg-2019,T2-F1,DKK,129,level,daily,1,DEXDNUS,provisional_current_history_market,1973-06-13,1973-12-19,1973,FIT
t2-F1-ai-mom-2024,T2-F1,MOM,127,log_return,daily,1,F-F_Momentum_Factor_daily_CSV.zip,secondary_revised_factor,1973-06-26,1973-12-26,1973,FIT
t2-F1-dkk-peg-2019,T2-F1,DKK,129,level,daily,1,DEXDNUS,provisional_current_history_market,1974-01-03,1974-07-09,1974,FIT
t2-F1-conflicting-texts-2024,T2-F1,UST_10Y,126;189,level,daily,0,DGS10,provisional_current_history_market,1974-01-21,1974-10-22,1974,FIT
t2-F1-chf-highly-valued-2021,T2-F1,CHF,126;189,level,daily,0,DEXSZUS,provisional_current_history_market,1974-01-25,1974-10-25,1974,FIT
t2-F1-qe3-end-2014,T2-F1,UST_10Y,126;189,level,daily,0,DGS10,provisional_current_history_market,1974-01-29,1974-10-30,1974,FIT
t2-F1-ust-positioning-2018,T2-F1,UST_10Y,126;189,level,daily,0,DGS10,provisional_current_history_market,1974-01-30,1974-10-31,1974,FIT
t2-F1-considerable-period-2003,T2-F1,UST_10Y,126;189,level,daily,0,DGS10,provisional_current_history_market,1974-02-06,1974-11-08,1974,FIT
t2-F1-aud-on-hold-2016,T2-F1,AUD,126;189,level,daily,0,DEXUSAL,provisional_current_history_market,1974-02-19,1974-11-19,1974,FIT
t2-F1-conundrum-2005,T2-F1,UST_10Y,126;189,level,daily,0,DGS10,provisional_current_history_market,1974-02-20,1974-11-21,1974,FIT
t2-F1-normalization-2017,T2-F1,UST_10Y,127,level,daily,1,DGS10,provisional_current_history_market,1974-03-12,1974-09-11,1974,FIT
t2-F1-jpy-ycc-flex-2018,T2-F1,JPY,126;189,level,daily,0,DEXJPUS,provisional_current_history_market,1974-03-21,1974-12-20,1974,FIT
t2-F1-cad-boc-2017,T2-F1,CAD,126;189,level,daily,0,DEXCAUS,provisional_current_history_market,1974-03-25,1974-12-24,1974,FIT
t2-F1-ai-mom-2024,T2-F1,MOM,127,log_return,daily,1,F-F_Momentum_Factor_daily_CSV.zip,secondary_revised_factor,1974-06-10,1974-12-09,1974,FIT
t2-F1-fed-put-2019,T2-F1,MKT,128,log_return,daily,1,F-F_Research_Data_Factors_daily_CSV.zip,secondary_revised_factor,1974-06-11,1974-12-11,1974,FIT
t2-F1-conundrum-2005,T2-F1,UST_10Y,126;189,level,daily,0,DGS10,provisional_current_history_market,1975-01-15,1975-10-16,1975,FIT
t2-F1-dkk-peg-2019,T2-F1,DKK,129,level,daily,1,DEXDNUS,provisional_current_history_market,1975-01-17,1975-07-23,1975,FIT
t2-F1-jpy-ycc-flex-2018,T2-F1,JPY,126;189,level,daily,0,DEXJPUS,provisional_current_history_market,1975-01-20,1975-10-20,1975,FIT
t2-F1-conflicting-texts-2024,T2-F1,UST_10Y,126;189,level,daily,0,DGS10,provisional_current_history_market,1975-01-21,1975-10-22,1975,FIT
t2-F1-aud-on-hold-2016,T2-F1,AUD,126;189,level,daily,0,DEXUSAL,provisional_current_history_market,1975-02-05,1975-11-06,1975,FIT
t2-F1-ust-positioning-2018,T2-F1,UST_10Y,126;189,level,daily,0,DGS10,provisional_current_history_market,1975-02-10,1975-11-13,1975,FIT
t2-F1-considerable-period-2003,T2-F1,UST_10Y,126;189,level,daily,0,DGS10,provisional_current_history_market,1975-02-20,1975-11-21,1975,FIT
t2-F1-ai-mom-2024,T2-F1,MOM,127,log_return,daily,1,F-F_Momentum_Factor_daily_CSV.zip,secondary_revised_factor,1975-03-06,1975-09-05,1975,FIT
t2-F1-fed-put-2019,T2-F1,MKT,128,log_return,daily,1,F-F_Research_Data_Factors_daily_CSV.zip,secondary_revised_factor,1975-03-11,1975-09-11,1975,FIT
t2-F1-qe3-end-2014,T2-F1,UST_10Y,126;189,level,daily,0,DGS10,provisional_current_history_market,1975-03-17,1975-12-17,1975,FIT
t2-F1-chf-highly-valued-2021,T2-F1,CHF,126;189,level,daily,0,DEXSZUS,provisional_current_history_market,1975-03-25,1975-12-24,1975,FIT
t2-F1-cad-boc-2017,T2-F1,CAD,126;189,level,daily,0,DEXCAUS,provisional_current_history_market,1975-03-31,1975-12-31,1975,FIT
t2-F1-normalization-2017,T2-F1,UST_10Y,127,level,daily,1,DGS10,provisional_current_history_market,1975-06-20,1975-12-24,1975,FIT
t2-F1-cad-boc-2017,T2-F1,CAD,126;189,level,daily,0,DEXCAUS,provisional_current_history_market,1976-02-06,1976-11-08,1976,FIT
t2-F1-chf-highly-valued-2021,T2-F1,CHF,126;189,level,daily,0,DEXSZUS,provisional_current_history_market,1976-02-06,1976-11-08,1976,FIT
t2-F1-dkk-peg-2019,T2-F1,DKK,129,level,daily,1,DEXDNUS,provisional_current_history_market,1976-02-06,1976-08-11,1976,FIT
t2-F1-conflicting-texts-2024,T2-F1,UST_10Y,126;189,level,daily,0,DGS10,provisional_current_history_market,1976-02-09,1976-11-10,1976,FIT
t2-F1-fed-put-2019,T2-F1,MKT,128,log_return,daily,1,F-F_Research_Data_Factors_daily_CSV.zip,secondary_revised_factor,1976-02-10,1976-08-12,1976,FIT
t2-F1-conundrum-2005,T2-F1,UST_10Y,126;189,level,daily,0,DGS10,provisional_current_history_market,1976-03-02,1976-12-02,1976,FIT
t2-F1-aud-on-hold-2016,T2-F1,AUD,126;189,level,daily,0,DEXUSAL,provisional_current_history_market,1976-03-05,1976-12-06,1976,FIT
t2-F1-ust-positioning-2018,T2-F1,UST_10Y,126;189,level,daily,0,DGS10,provisional_current_history_market,1976-03-12,1976-12-14,1976,FIT
t2-F1-qe3-end-2014,T2-F1,UST_10Y,126;189,level,daily,0,DGS10,provisional_current_history_market,1976-03-17,1976-12-17,1976,FIT
t2-F1-considerable-period-2003,T2-F1,UST_10Y,126;189,level,daily,0,DGS10,provisional_current_history_market,1976-03-30,1976-12-31,1976,FIT
t2-F1-jpy-ycc-flex-2018,T2-F1,JPY,126;189,level,daily,0,DEXJPUS,provisional_current_history_market,1976-04-01,1976-12-31,1976,FIT
t2-F1-normalization-2017,T2-F1,UST_10Y,127,level,daily,1,DGS10,provisional_current_history_market,1976-06-01,1976-12-03,1976,FIT
t2-F1-ai-mom-2024,T2-F1,MOM,127,log_return,daily,1,F-F_Momentum_Factor_daily_CSV.zip,secondary_revised_factor,1976-06-16,1976-12-16,1976,FIT
t2-F1-fed-put-2019,T2-F1,MKT,128,log_return,daily,1,F-F_Research_Data_Factors_daily_CSV.zip,secondary_revised_factor,1977-01-07,1977-07-12,1977,FIT
t2-F1-greater-confidence-2024,T2-F1,UST_2Y,126;189,level,daily,0,DGS2,provisional_current_history_market,1977-01-17,1977-10-18,1977,FIT
t2-F1-hawkish-cut-2024,T2-F1,UST_2Y,126;189,level,daily,0,DGS2,provisional_current_history_market,1977-01-17,1977-10-18,1977,FIT
t2-F1-measured-pace-2004,T2-F1,UST_2Y,126;189,level,daily,0,DGS2,provisional_current_history_market,1977-01-20,1977-10-21,1977,FIT
t2-F1-ai-mom-2024,T2-F1,MOM,127,log_return,daily,1,F-F_Momentum_Factor_daily_CSV.zip,secondary_revised_factor,1977-01-25,1977-07-28,1977,FIT
t2-F1-chf-highly-valued-2021,T2-F1,CHF,126;189,level,daily,0,DEXSZUS,provisional_current_history_market,1977-02-07,1977-11-07,1977,FIT
t2-F1-conflicting-texts-2024,T2-F1,UST_10Y,126;189,level,daily,0,DGS10,provisional_current_history_market,1977-02-07,1977-11-09,1977,FIT
t2-F1-pause-2006,T2-F1,UST_2Y;UST_10Y,126;189,level,daily,0,DGS2;DGS10,provisional_current_history_market,1977-02-15,1977-11-18,1977,FIT
t2-F1-ust-positioning-2018,T2-F1,UST_10Y,126;189,level,daily,0,DGS10,provisional_current_history_market,1977-02-17,1977-11-22,1977,FIT
t2-F1-dkk-peg-2019,T2-F1,DKK,129,level,daily,1,DEXDNUS,provisional_current_history_market,1977-02-22,1977-08-25,1977,FIT
t2-F1-patient-dropped-2015,T2-F1,UST_2Y,129,level,daily,1,DGS2,provisional_current_history_market,1977-02-24,1977-08-30,1977,FIT
t2-F1-aud-on-hold-2016,T2-F1,AUD,126;189,level,daily,0,DEXUSAL,provisional_current_history_market,1977-03-07,1977-12-07,1977,FIT
t2-F1-considerable-period-2003,T2-F1,UST_10Y,126;189,level,daily,0,DGS10,provisional_current_history_market,1977-03-14,1977-12-15,1977,FIT
t2-F1-normalization-2017,T2-F1,UST_10Y,127,level,daily,1,DGS10,provisional_current_history_market,1977-03-14,1977-09-14,1977,FIT
t2-F1-jpy-ycc-flex-2018,T2-F1,JPY,126;189,level,daily,0,DEXJPUS,provisional_current_history_market,1977-03-16,1977-12-16,1977,FIT
t2-F1-qe3-end-2014,T2-F1,UST_10Y,126;189,level,daily,0,DGS10,provisional_current_history_market,1977-03-17,1977-12-20,1977,FIT
t2-F1-conundrum-2005,T2-F1,UST_10Y,126;189,level,daily,0,DGS10,provisional_current_history_market,1977-03-24,1977-12-28,1977,FIT
t2-F1-cad-boc-2017,T2-F1,CAD,126;189,level,daily,0,DEXCAUS,provisional_current_history_market,1977-03-28,1977-12-29,1977,FIT
t2-F1-liftoff-telegraph-2015,T2-F1,UST_2Y,126;189,level,daily,0,DGS2,provisional_current_history_market,1977-03-28,1977-12-30,1977,FIT
t2-F1-third-cut-2019,T2-F1,UST_2Y,126;189,level,daily,0,DGS2,provisional_current_history_market,1977-03-28,1977-12-30,1977,FIT
t2-F1-cad-boc-2017,T2-F1,CAD,126;189,level,daily,0,DEXCAUS,provisional_current_history_market,1978-01-05,1978-10-04,1978,FIT
t2-F1-ai-mom-2024,T2-F1,MOM,127,log_return,daily,1,F-F_Momentum_Factor_daily_CSV.zip,secondary_revised_factor,1978-01-06,1978-07-10,1978,FIT
t2-F1-third-cut-2019,T2-F1,UST_2Y,126;189,level,daily,0,DGS2,provisional_current_history_market,1978-01-11,1978-10-13,1978,FIT
t2-F1-patient-dropped-2015,T2-F1,UST_2Y,129,level,daily,1,DGS2,provisional_current_history_market,1978-01-30,1978-08-07,1978,FIT
t2-F1-jpy-ycc-flex-2018,T2-F1,JPY,126;189,level,daily,0,DEXJPUS,provisional_current_history_market,1978-02-02,1978-11-02,1978,FIT
t2-F1-chf-highly-valued-2021,T2-F1,CHF,126;189,level,daily,0,DEXSZUS,provisional_current_history_market,1978-02-10,1978-11-13,1978,FIT
t2-F1-qe3-end-2014,T2-F1,UST_10Y,126;189,level,daily,0,DGS10,provisional_current_history_market,1978-02-10,1978-11-15,1978,FIT
t2-F1-pause-2006,T2-F1,UST_2Y;UST_10Y,126;189,level,daily,0,DGS2;DGS10,provisional_current_history_market,1978-02-14,1978-11-16,1978,FIT
t2-F1-aud-on-hold-2016,T2-F1,AUD,126;189,level,daily,0,DEXUSAL,provisional_current_history_market,1978-02-17,1978-11-17,1978,FIT
t2-F1-dkk-peg-2019,T2-F1,DKK,129,level,daily,1,DEXDNUS,provisional_current_history_market,1978-02-21,1978-08-23,1978,FIT
t2-F1-conundrum-2005,T2-F1,UST_10Y,126;189,level,daily,0,DGS10,provisional_current_history_market,1978-02-23,1978-11-27,1978,FIT
t2-F1-hawkish-cut-2024,T2-F1,UST_2Y,126;189,level,daily,0,DGS2,provisional_current_history_market,1978-02-28,1978-11-30,1978,FIT
t2-F1-conflicting-texts-2024,T2-F1,UST_10Y,126;189,level,daily,0,DGS10,provisional_current_history_market,1978-03-02,1978-12-04,1978,FIT
t2-F1-considerable-period-2003,T2-F1,UST_10Y,126;189,level,daily,0,DGS10,provisional_current_history_market,1978-03-06,1978-12-06,1978,FIT
t2-F1-greater-confidence-2024,T2-F1,UST_2Y,126;189,level,daily,0,DGS2,provisional_current_history_market,1978-03-06,1978-12-06,1978,FIT
t2-F1-liftoff-telegraph-2015,T2-F1,UST_2Y,126;189,level,daily,0,DGS2,provisional_current_history_market,1978-03-10,1978-12-12,1978,FIT
t2-F1-measured-pace-2004,T2-F1,UST_2Y,126;189,level,daily,0,DGS2,provisional_current_history_market,1978-03-20,1978-12-20,1978,FIT
t2-F1-normalization-2017,T2-F1,UST_10Y,127,level,daily,1,DGS10,provisional_current_history_market,1978-03-21,1978-09-21,1978,FIT
t2-F1-ust-positioning-2018,T2-F1,UST_10Y,126;189,level,daily,0,DGS10,provisional_current_history_market,1978-03-22,1978-12-22,1978,FIT
t2-F1-fed-put-2019,T2-F1,MKT,128,log_return,daily,1,F-F_Research_Data_Factors_daily_CSV.zip,secondary_revised_factor,1978-03-30,1978-09-29,1978,FIT
t2-F1-third-cut-2019,T2-F1,UST_2Y,126;189,level,daily,0,DGS2,provisional_current_history_market,1979-01-08,1979-10-10,1979,FIT
t2-F1-measured-pace-2004,T2-F1,UST_2Y,126;189,level,daily,0,DGS2,provisional_current_history_market,1979-01-17,1979-10-19,1979,FIT
t2-F1-conflicting-texts-2024,T2-F1,UST_10Y,126;189,level,daily,0,DGS10,provisional_current_history_market,1979-01-30,1979-11-01,1979,FIT
t2-F1-hawkish-cut-2024,T2-F1,UST_2Y,126;189,level,daily,0,DGS2,provisional_current_history_market,1979-01-31,1979-11-02,1979,FIT
t2-F1-ust-positioning-2018,T2-F1,UST_10Y,126;189,level,daily,0,DGS10,provisional_current_history_market,1979-02-01,1979-11-05,1979,FIT
t2-F1-cad-boc-2017,T2-F1,CAD,126;189,level,daily,0,DEXCAUS,provisional_current_history_market,1979-02-06,1979-11-07,1979,FIT
t2-F1-greater-confidence-2024,T2-F1,UST_2Y,126;189,level,daily,0,DGS2,provisional_current_history_market,1979-02-13,1979-11-16,1979,FIT
t2-F1-jpy-ycc-flex-2018,T2-F1,JPY,126;189,level,daily,0,DEXJPUS,provisional_current_history_market,1979-02-21,1979-11-21,1979,FIT
t2-F1-conundrum-2005,T2-F1,UST_10Y,126;189,level,daily,0,DGS10,provisional_current_history_market,1979-02-26,1979-11-29,1979,FIT
t2-F1-liftoff-telegraph-2015,T2-F1,UST_2Y,126;189,level,daily,0,DGS2,provisional_current_history_market,1979-02-27,1979-11-30,1979,FIT
t2-F1-normalization-2017,T2-F1,UST_10Y,127,level,daily,1,DGS10,provisional_current_history_market,1979-02-28,1979-08-30,1979,FIT
t2-F1-pause-2006,T2-F1,UST_2Y;UST_10Y,126;189,level,daily,0,DGS2;DGS10,provisional_current_history_market,1979-03-07,1979-12-10,1979,FIT
t2-F1-qe3-end-2014,T2-F1,UST_10Y,126;189,level,daily,0,DGS10,provisional_current_history_market,1979-03-12,1979-12-13,1979,FIT
t2-F1-aud-on-hold-2016,T2-F1,AUD,126;189,level,daily,0,DEXUSAL,provisional_current_history_market,1979-03-14,1979-12-13,1979,FIT
t2-F1-ai-mom-2024,T2-F1,MOM,127,log_return,daily,1,F-F_Momentum_Factor_daily_CSV.zip,secondary_revised_factor,1979-03-20,1979-09-19,1979,FIT
t2-F1-considerable-period-2003,T2-F1,UST_10Y,126;189,level,daily,0,DGS10,provisional_current_history_market,1979-03-20,1979-12-21,1979,FIT
t2-F1-chf-highly-valued-2021,T2-F1,CHF,126;189,level,daily,0,DEXSZUS,provisional_current_history_market,1979-03-21,1979-12-20,1979,FIT
t2-F1-patient-dropped-2015,T2-F1,UST_2Y,129,level,daily,1,DGS2,provisional_current_history_market,1979-03-23,1979-09-27,1979,FIT
t2-F1-fed-put-2019,T2-F1,MKT,128,log_return,daily,1,F-F_Research_Data_Factors_daily_CSV.zip,secondary_revised_factor,1979-05-10,1979-11-09,1979,FIT
t2-F1-dkk-peg-2019,T2-F1,DKK,129,level,daily,1,DEXDNUS,provisional_current_history_market,1979-05-18,1979-11-26,1979,FIT
t2-F1-cad-boc-2017,T2-F1,CAD,126;189,level,daily,0,DEXCAUS,provisional_current_history_market,1980-01-07,1980-10-03,1980,FIT
t2-F1-aud-on-hold-2016,T2-F1,AUD,126;189,level,daily,0,DEXUSAL,provisional_current_history_market,1980-01-11,1980-10-09,1980,FIT
t2-F1-greater-confidence-2024,T2-F1,UST_2Y,126;189,level,daily,0,DGS2,provisional_current_history_market,1980-01-14,1980-10-14,1980,FIT
t2-F1-normalization-2017,T2-F1,UST_10Y,127,level,daily,1,DGS10,provisional_current_history_market,1980-01-15,1980-07-17,1980,FIT
t2-F1-considerable-period-2003,T2-F1,UST_10Y,126;189,level,daily,0,DGS10,provisional_current_history_market,1980-01-16,1980-10-16,1980,FIT
t2-F1-pause-2006,T2-F1,UST_2Y;UST_10Y,126;189,level,daily,0,DGS2;DGS10,provisional_current_history_market,1980-01-21,1980-10-21,1980,FIT
t2-F1-hawkish-cut-2024,T2-F1,UST_2Y,126;189,level,daily,0,DGS2,provisional_current_history_market,1980-01-25,1980-10-27,1980,FIT
t2-F1-jpy-ycc-flex-2018,T2-F1,JPY,126;189,level,daily,0,DEXJPUS,provisional_current_history_market,1980-01-28,1980-10-27,1980,FIT
t2-F1-conflicting-texts-2024,T2-F1,UST_10Y,126;189,level,daily,0,DGS10,provisional_current_history_market,1980-01-29,1980-10-29,1980,FIT
t2-F1-conundrum-2005,T2-F1,UST_10Y,126;189,level,daily,0,DGS10,provisional_current_history_market,1980-01-29,1980-10-29,1980,FIT
t2-F1-qe3-end-2014,T2-F1,UST_10Y,126;189,level,daily,0,DGS10,provisional_current_history_market,1980-02-05,1980-11-06,1980,FIT
t2-F1-ust-positioning-2018,T2-F1,UST_10Y,126;189,level,daily,0,DGS10,provisional_current_history_market,1980-02-08,1980-11-12,1980,FIT
t2-F1-measured-pace-2004,T2-F1,UST_2Y,126;189,level,daily,0,DGS2,provisional_current_history_market,1980-02-20,1980-11-20,1980,FIT
t2-F1-liftoff-telegraph-2015,T2-F1,UST_2Y,126;189,level,daily,0,DGS2,provisional_current_history_market,1980-02-22,1980-11-24,1980,FIT
t2-F1-third-cut-2019,T2-F1,UST_2Y,126;189,level,daily,0,DGS2,provisional_current_history_market,1980-02-22,1980-11-24,1980,FIT
t2-F1-dkk-peg-2019,T2-F1,DKK,129,level,daily,1,DEXDNUS,provisional_current_history_market,1980-03-07,1980-09-09,1980,FIT
t2-F1-chf-highly-valued-2021,T2-F1,CHF,126;189,level,daily,0,DEXSZUS,provisional_current_history_market,1980-03-21,1980-12-22,1980,FIT
t2-F1-ai-mom-2024,T2-F1,MOM,127,log_return,daily,1,F-F_Momentum_Factor_daily_CSV.zip,secondary_revised_factor,1980-03-28,1980-09-29,1980,FIT
t2-F1-patient-dropped-2015,T2-F1,UST_2Y,129,level,daily,1,DGS2,provisional_current_history_market,1980-04-07,1980-10-08,1980,FIT
t2-F1-fed-put-2019,T2-F1,MKT,128,log_return,daily,1,F-F_Research_Data_Factors_daily_CSV.zip,secondary_revised_factor,1980-05-12,1980-11-12,1980,FIT
t2-F1-fed-put-2019,T2-F1,MKT,128,log_return,daily,1,F-F_Research_Data_Factors_daily_CSV.zip,secondary_revised_factor,1982-01-04,1982-07-07,1982,SELECT
t2-F1-qe3-end-2014,T2-F1,UST_10Y,126;189,level,daily,0,DGS10,provisional_current_history_market,1982-01-07,1982-10-07,1982,SELECT
t2-F1-considerable-period-2003,T2-F1,UST_10Y,126;189,level,daily,0,DGS10,provisional_current_history_market,1982-01-11,1982-10-12,1982,SELECT
t2-F1-greater-confidence-2024,T2-F1,UST_2Y,126;189,level,daily,0,DGS2,provisional_current_history_market,1982-01-12,1982-10-13,1982,SELECT
t2-F1-cad-boc-2017,T2-F1,CAD,126;189,level,daily,0,DEXCAUS,provisional_current_history_market,1982-02-02,1982-11-03,1982,SELECT
t2-F1-third-cut-2019,T2-F1,UST_2Y,126;189,level,daily,0,DGS2,provisional_current_history_market,1982-02-05,1982-11-09,1982,SELECT
t2-F1-dkk-peg-2019,T2-F1,DKK,129,level,daily,1,DEXDNUS,provisional_current_history_market,1982-02-09,1982-08-13,1982,SELECT
t2-F1-conflicting-texts-2024,T2-F1,UST_10Y,126;189,level,daily,0,DGS10,provisional_current_history_market,1982-02-11,1982-11-16,1982,SELECT
t2-F1-aud-on-hold-2016,T2-F1,AUD,126;189,level,daily,0,DEXUSAL,provisional_current_history_market,1982-02-17,1982-11-17,1982,SELECT
t2-F1-liftoff-telegraph-2015,T2-F1,UST_2Y,126;189,level,daily,0,DGS2,provisional_current_history_market,1982-02-19,1982-11-22,1982,SELECT
t2-F1-chf-highly-valued-2021,T2-F1,CHF,126;189,level,daily,0,DEXSZUS,provisional_current_history_market,1982-02-24,1982-11-24,1982,SELECT
t2-F1-jpy-ycc-flex-2018,T2-F1,JPY,126;189,level,daily,0,DEXJPUS,provisional_current_history_market,1982-02-25,1982-11-26,1982,SELECT
t2-F1-ust-positioning-2018,T2-F1,UST_10Y,126;189,level,daily,0,DGS10,provisional_current_history_market,1982-02-25,1982-11-29,1982,SELECT
t2-F1-hawkish-cut-2024,T2-F1,UST_2Y,126;189,level,daily,0,DGS2,provisional_current_history_market,1982-03-04,1982-12-06,1982,SELECT
t2-F1-ai-mom-2024,T2-F1,MOM,127,log_return,daily,1,F-F_Momentum_Factor_daily_CSV.zip,secondary_revised_factor,1982-03-16,1982-09-15,1982,SELECT
t2-F1-pause-2006,T2-F1,UST_2Y;UST_10Y,126;189,level,daily,0,DGS2;DGS10,provisional_current_history_market,1982-03-22,1982-12-22,1982,SELECT
t2-F1-conundrum-2005,T2-F1,UST_10Y,126;189,level,daily,0,DGS10,provisional_current_history_market,1982-03-25,1982-12-28,1982,SELECT
t2-F1-measured-pace-2004,T2-F1,UST_2Y,126;189,level,daily,0,DGS2,provisional_current_history_market,1982-03-25,1982-12-28,1982,SELECT
t2-F1-normalization-2017,T2-F1,UST_10Y,127,level,daily,1,DGS10,provisional_current_history_market,1982-04-13,1982-10-13,1982,SELECT
t2-F1-patient-dropped-2015,T2-F1,UST_2Y,129,level,daily,1,DGS2,provisional_current_history_market,1982-05-14,1982-11-19,1982,SELECT
t2-F1-liftoff-telegraph-2015,T2-F1,UST_2Y,126;189,level,daily,0,DGS2,provisional_current_history_market,1983-01-04,1983-10-03,1983,SELECT
t2-F1-measured-pace-2004,T2-F1,UST_2Y,126;189,level,daily,0,DGS2,provisional_current_history_market,1983-01-04,1983-10-03,1983,SELECT
t2-F1-aud-on-hold-2016,T2-F1,AUD,126;189,level,daily,0,DEXUSAL,provisional_current_history_market,1983-01-05,1983-10-03,1983,SELECT
t2-F1-qe3-end-2014,T2-F1,UST_10Y,126;189,level,daily,0,DGS10,provisional_current_history_market,1983-01-05,1983-10-04,1983,SELECT
t2-F1-patient-dropped-2015,T2-F1,UST_2Y,129,level,daily,1,DGS2,provisional_current_history_market,1983-01-11,1983-07-15,1983,SELECT
t2-F1-ust-positioning-2018,T2-F1,UST_10Y,126;189,level,daily,0,DGS10,provisional_current_history_market,1983-01-11,1983-10-11,1983,SELECT
t2-F1-greater-confidence-2024,T2-F1,UST_2Y,126;189,level,daily,0,DGS2,provisional_current_history_market,1983-01-27,1983-10-27,1983,SELECT
t2-F1-conundrum-2005,T2-F1,UST_10Y,126;189,level,daily,0,DGS10,provisional_current_history_market,1983-02-04,1983-11-04,1983,SELECT
t2-F1-chf-highly-valued-2021,T2-F1,CHF,126;189,level,daily,0,DEXSZUS,provisional_current_history_market,1983-02-07,1983-11-04,1983,SELECT
t2-F1-dkk-peg-2019,T2-F1,DKK,129,level,daily,1,DEXDNUS,provisional_current_history_market,1983-02-22,1983-08-24,1983,SELECT
t2-F1-conflicting-texts-2024,T2-F1,UST_10Y,126;189,level,daily,0,DGS10,provisional_current_history_market,1983-02-24,1983-11-28,1983,SELECT
t2-F1-jpy-ycc-flex-2018,T2-F1,JPY,126;189,level,daily,0,DEXJPUS,provisional_current_history_market,1983-03-07,1983-12-06,1983,SELECT
t2-F1-considerable-period-2003,T2-F1,UST_10Y,126;189,level,daily,0,DGS10,provisional_current_history_market,1983-03-09,1983-12-09,1983,SELECT
t2-F1-hawkish-cut-2024,T2-F1,UST_2Y,126;189,level,daily,0,DGS2,provisional_current_history_market,1983-03-09,1983-12-09,1983,SELECT
t2-F1-third-cut-2019,T2-F1,UST_2Y,126;189,level,daily,0,DGS2,provisional_current_history_market,1983-03-11,1983-12-13,1983,SELECT
t2-F1-pause-2006,T2-F1,UST_2Y;UST_10Y,126;189,level,daily,0,DGS2;DGS10,provisional_current_history_market,1983-03-18,1983-12-20,1983,SELECT
t2-F1-ai-mom-2024,T2-F1,MOM,127,log_return,daily,1,F-F_Momentum_Factor_daily_CSV.zip,secondary_revised_factor,1983-03-21,1983-09-20,1983,SELECT
t2-F1-cad-boc-2017,T2-F1,CAD,126;189,level,daily,0,DEXCAUS,provisional_current_history_market,1983-03-22,1983-12-21,1983,SELECT
t2-F1-fed-put-2019,T2-F1,MKT,128,log_return,daily,1,F-F_Research_Data_Factors_daily_CSV.zip,secondary_revised_factor,1983-04-14,1983-10-14,1983,SELECT
t2-F1-normalization-2017,T2-F1,UST_10Y,127,level,daily,1,DGS10,provisional_current_history_market,1983-06-03,1983-12-07,1983,SELECT
t2-F1-measured-pace-2004,T2-F1,UST_2Y,126;189,level,daily,0,DGS2,provisional_current_history_market,1984-01-03,1984-10-02,1984,SELECT
t2-F1-liftoff-telegraph-2015,T2-F1,UST_2Y,126;189,level,daily,0,DGS2,provisional_current_history_market,1984-01-18,1984-10-18,1984,SELECT
t2-F1-qe3-end-2014,T2-F1,UST_10Y,126;189,level,daily,0,DGS10,provisional_current_history_market,1984-01-19,1984-10-19,1984,SELECT
t2-F1-pause-2006,T2-F1,UST_2Y;UST_10Y,126;189,level,daily,0,DGS2;DGS10,provisional_current_history_market,1984-01-26,1984-10-26,1984,SELECT
t2-F1-jpy-ycc-flex-2018,T2-F1,JPY,126;189,level,daily,0,DEXJPUS,provisional_current_history_market,1984-02-02,1984-11-01,1984,SELECT
t2-F1-third-cut-2019,T2-F1,UST_2Y,126;189,level,daily,0,DGS2,provisional_current_history_market,1984-02-03,1984-11-05,1984,SELECT
t2-F1-hawkish-cut-2024,T2-F1,UST_2Y,126;189,level,daily,0,DGS2,provisional_current_history_market,1984-02-06,1984-11-07,1984,SELECT
t2-F1-greater-confidence-2024,T2-F1,UST_2Y,126;189,level,daily,0,DGS2,provisional_current_history_market,1984-02-07,1984-11-08,1984,SELECT
t2-F1-cad-boc-2017,T2-F1,CAD,126;189,level,daily,0,DEXCAUS,provisional_current_history_market,1984-02-14,1984-11-14,1984,SELECT
t2-F1-conundrum-2005,T2-F1,UST_10Y,126;189,level,daily,0,DGS10,provisional_current_history_market,1984-02-14,1984-11-15,1984,SELECT
t2-F1-patient-dropped-2015,T2-F1,UST_2Y,129,level,daily,1,DGS2,provisional_current_history_market,1984-02-14,1984-08-17,1984,SELECT
t2-F1-conflicting-texts-2024,T2-F1,UST_10Y,126;189,level,daily,0,DGS10,provisional_current_history_market,1984-02-22,1984-11-23,1984,SELECT
t2-F1-considerable-period-2003,T2-F1,UST_10Y,126;189,level,daily,0,DGS10,provisional_current_history_market,1984-03-14,1984-12-14,1984,SELECT
t2-F1-chf-highly-valued-2021,T2-F1,CHF,126;189,level,daily,0,DEXSZUS,provisional_current_history_market,1984-03-15,1984-12-14,1984,SELECT
t2-F1-ust-positioning-2018,T2-F1,UST_10Y,126;189,level,daily,0,DGS10,provisional_current_history_market,1984-03-20,1984-12-20,1984,SELECT
t2-F1-aud-on-hold-2016,T2-F1,AUD,126;189,level,daily,0,DEXUSAL,provisional_current_history_market,1984-03-26,1984-12-26,1984,SELECT
t2-F1-fed-put-2019,T2-F1,MKT,128,log_return,daily,1,F-F_Research_Data_Factors_daily_CSV.zip,secondary_revised_factor,1984-04-06,1984-10-09,1984,SELECT
t2-F1-dkk-peg-2019,T2-F1,DKK,129,level,daily,1,DEXDNUS,provisional_current_history_market,1984-04-13,1984-10-17,1984,SELECT
t2-F1-normalization-2017,T2-F1,UST_10Y,127,level,daily,1,DGS10,provisional_current_history_market,1984-04-13,1984-10-16,1984,SELECT
t2-F1-ai-mom-2024,T2-F1,MOM,127,log_return,daily,1,F-F_Momentum_Factor_daily_CSV.zip,secondary_revised_factor,1984-06-19,1984-12-18,1984,SELECT
t2-F1-fed-put-2019,T2-F1,MKT,128,log_return,daily,1,F-F_Research_Data_Factors_daily_CSV.zip,secondary_revised_factor,1985-01-07,1985-07-10,1985,SELECT
t2-F1-ust-positioning-2018,T2-F1,UST_10Y,126;189,level,daily,0,DGS10,provisional_current_history_market,1985-01-24,1985-10-28,1985,SELECT
t2-F1-chf-highly-valued-2021,T2-F1,CHF,126;189,level,daily,0,DEXSZUS,provisional_current_history_market,1985-01-29,1985-10-29,1985,SELECT
t2-F1-pause-2006,T2-F1,UST_2Y;UST_10Y,126;189,level,daily,0,DGS2;DGS10,provisional_current_history_market,1985-02-06,1985-11-08,1985,SELECT
t2-F1-ai-mom-2024,T2-F1,MOM,127,log_return,daily,1,F-F_Momentum_Factor_daily_CSV.zip,secondary_revised_factor,1985-02-13,1985-08-15,1985,SELECT
t2-F1-jpy-ycc-flex-2018,T2-F1,JPY,126;189,level,daily,0,DEXJPUS,provisional_current_history_market,1985-02-20,1985-11-19,1985,SELECT
t2-F1-greater-confidence-2024,T2-F1,UST_2Y,126;189,level,daily,0,DGS2,provisional_current_history_market,1985-02-26,1985-11-27,1985,SELECT
t2-F1-patient-dropped-2015,T2-F1,UST_2Y,129,level,daily,1,DGS2,provisional_current_history_market,1985-02-28,1985-09-03,1985,SELECT
t2-F1-considerable-period-2003,T2-F1,UST_10Y,126;189,level,daily,0,DGS10,provisional_current_history_market,1985-03-01,1985-12-03,1985,SELECT
t2-F1-hawkish-cut-2024,T2-F1,UST_2Y,126;189,level,daily,0,DGS2,provisional_current_history_market,1985-03-05,1985-12-05,1985,SELECT
t2-F1-qe3-end-2014,T2-F1,UST_10Y,126;189,level,daily,0,DGS10,provisional_current_history_market,1985-03-05,1985-12-05,1985,SELECT
t2-F1-measured-pace-2004,T2-F1,UST_2Y,126;189,level,daily,0,DGS2,provisional_current_history_market,1985-03-07,1985-12-09,1985,SELECT
t2-F1-liftoff-telegraph-2015,T2-F1,UST_2Y,126;189,level,daily,0,DGS2,provisional_current_history_market,1985-03-12,1985-12-12,1985,SELECT
t2-F1-aud-on-hold-2016,T2-F1,AUD,126;189,level,daily,0,DEXUSAL,provisional_current_history_market,1985-03-14,1985-12-12,1985,SELECT
t2-F1-third-cut-2019,T2-F1,UST_2Y,126;189,level,daily,0,DGS2,provisional_current_history_market,1985-03-15,1985-12-17,1985,SELECT
t2-F1-conundrum-2005,T2-F1,UST_10Y,126;189,level,daily,0,DGS10,provisional_current_history_market,1985-03-18,1985-12-18,1985,SELECT
t2-F1-cad-boc-2017,T2-F1,CAD,126;189,level,daily,0,DEXCAUS,provisional_current_history_market,1985-03-19,1985-12-17,1985,SELECT
t2-F1-conflicting-texts-2024,T2-F1,UST_10Y,126;189,level,daily,0,DGS10,provisional_current_history_market,1985-03-20,1985-12-20,1985,SELECT
t2-F1-dkk-peg-2019,T2-F1,DKK,129,level,daily,1,DEXDNUS,provisional_current_history_market,1985-05-30,1985-12-04,1985,SELECT
t2-F1-normalization-2017,T2-F1,UST_10Y,127,level,daily,1,DGS10,provisional_current_history_market,1985-06-07,1985-12-11,1985,SELECT
t2-F1-conflicting-texts-2024,T2-F1,UST_10Y,126;189,level,daily,0,DGS10,provisional_current_history_market,1986-01-03,1986-10-03,1986,SELECT
t2-F1-dkk-peg-2019,T2-F1,DKK,129,level,daily,1,DEXDNUS,provisional_current_history_market,1986-01-17,1986-07-23,1986,SELECT
t2-F1-jpy-ycc-flex-2018,T2-F1,JPY,126;189,level,daily,0,DEXJPUS,provisional_current_history_market,1986-01-22,1986-10-21,1986,SELECT
t2-F1-cad-boc-2017,T2-F1,CAD,126;189,level,daily,0,DEXCAUS,provisional_current_history_market,1986-01-29,1986-10-28,1986,SELECT
t2-F1-ai-mom-2024,T2-F1,MOM,127,log_return,daily,1,F-F_Momentum_Factor_daily_CSV.zip,secondary_revised_factor,1986-02-24,1986-08-25,1986,SELECT
t2-F1-conundrum-2005,T2-F1,UST_10Y,126;189,level,daily,0,DGS10,provisional_current_history_market,1986-03-03,1986-12-02,1986,SELECT
t2-F1-greater-confidence-2024,T2-F1,UST_2Y,126;189,level,daily,0,DGS2,provisional_current_history_market,1986-03-04,1986-12-03,1986,SELECT
t2-F1-aud-on-hold-2016,T2-F1,AUD,126;189,level,daily,0,DEXUSAL,provisional_current_history_market,1986-03-07,1986-12-05,1986,SELECT
t2-F1-chf-highly-valued-2021,T2-F1,CHF,126;189,level,daily,0,DEXSZUS,provisional_current_history_market,1986-03-07,1986-12-05,1986,SELECT
t2-F1-hawkish-cut-2024,T2-F1,UST_2Y,126;189,level,daily,0,DGS2,provisional_current_history_market,1986-03-10,1986-12-09,1986,SELECT
t2-F1-third-cut-2019,T2-F1,UST_2Y,126;189,level,daily,0,DGS2,provisional_current_history_market,1986-03-10,1986-12-09,1986,SELECT
t2-F1-qe3-end-2014,T2-F1,UST_10Y,126;189,level,daily,0,DGS10,provisional_current_history_market,1986-03-11,1986-12-10,1986,SELECT
t2-F1-considerable-period-2003,T2-F1,UST_10Y,126;189,level,daily,0,DGS10,provisional_current_history_market,1986-03-18,1986-12-17,1986,SELECT
t2-F1-pause-2006,T2-F1,UST_2Y;UST_10Y,126;189,level,daily,0,DGS2;DGS10,provisional_current_history_market,1986-03-21,1986-12-22,1986,SELECT
t2-F1-ust-positioning-2018,T2-F1,UST_10Y,126;189,level,daily,0,DGS10,provisional_current_history_market,1986-03-24,1986-12-23,1986,SELECT
t2-F1-measured-pace-2004,T2-F1,UST_2Y,126;189,level,daily,0,DGS2,provisional_current_history_market,1986-03-25,1986-12-24,1986,SELECT
t2-F1-liftoff-telegraph-2015,T2-F1,UST_2Y,126;189,level,daily,0,DGS2,provisional_current_history_market,1986-03-26,1986-12-26,1986,SELECT
t2-F1-fed-put-2019,T2-F1,MKT,128,log_return,daily,1,F-F_Research_Data_Factors_daily_CSV.zip,secondary_revised_factor,1986-04-08,1986-10-08,1986,SELECT
t2-F1-patient-dropped-2015,T2-F1,UST_2Y,129,level,daily,1,DGS2,provisional_current_history_market,1986-05-15,1986-11-19,1986,SELECT
t2-F1-normalization-2017,T2-F1,UST_10Y,127,level,daily,1,DGS10,provisional_current_history_market,1986-05-28,1986-11-28,1986,SELECT
t2-F1-cad-boc-2017,T2-F1,CAD,126;189,level,daily,0,DEXCAUS,provisional_current_history_market,1987-01-02,1987-09-30,1987,SELECT
t2-F1-greater-confidence-2024,T2-F1,UST_2Y,126;189,level,daily,0,DGS2,provisional_current_history_market,1987-01-02,1987-10-02,1987,SELECT
t2-F1-third-cut-2019,T2-F1,UST_2Y,126;189,level,daily,0,DGS2,provisional_current_history_market,1987-01-22,1987-10-22,1987,SELECT
t2-F1-ai-mom-2024,T2-F1,MOM,127,log_return,daily,1,F-F_Momentum_Factor_daily_CSV.zip,secondary_revised_factor,1987-01-30,1987-08-03,1987,SELECT
t2-F1-jpy-ycc-flex-2018,T2-F1,JPY,126;189,level,daily,0,DEXJPUS,provisional_current_history_market,1987-01-30,1987-10-28,1987,SELECT
t2-F1-considerable-period-2003,T2-F1,UST_10Y,126;189,level,daily,0,DGS10,provisional_current_history_market,1987-02-06,1987-11-06,1987,SELECT
t2-F1-chf-highly-valued-2021,T2-F1,CHF,126;189,level,daily,0,DEXSZUS,provisional_current_history_market,1987-02-20,1987-11-18,1987,SELECT
t2-F1-hawkish-cut-2024,T2-F1,UST_2Y,126;189,level,daily,0,DGS2,provisional_current_history_market,1987-02-20,1987-11-20,1987,SELECT
t2-F1-dkk-peg-2019,T2-F1,DKK,129,level,daily,1,DEXDNUS,provisional_current_history_market,1987-02-23,1987-08-24,1987,SELECT
t2-F1-aud-on-hold-2016,T2-F1,AUD,126;189,level,daily,0,DEXUSAL,provisional_current_history_market,1987-02-25,1987-11-23,1987,SELECT
t2-F1-conflicting-texts-2024,T2-F1,UST_10Y,126;189,level,daily,0,DGS10,provisional_current_history_market,1987-02-26,1987-11-27,1987,SELECT
t2-F1-liftoff-telegraph-2015,T2-F1,UST_2Y,126;189,level,daily,0,DGS2,provisional_current_history_market,1987-03-02,1987-12-01,1987,SELECT
t2-F1-ust-positioning-2018,T2-F1,UST_10Y,126;189,level,daily,0,DGS10,provisional_current_history_market,1987-03-02,1987-12-01,1987,SELECT
t2-F1-measured-pace-2004,T2-F1,UST_2Y,126;189,level,daily,0,DGS2,provisional_current_history_market,1987-03-06,1987-12-07,1987,SELECT
t2-F1-conundrum-2005,T2-F1,UST_10Y,126;189,level,daily,0,DGS10,provisional_current_history_market,1987-03-16,1987-12-15,1987,SELECT
t2-F1-pause-2006,T2-F1,UST_2Y;UST_10Y,126;189,level,daily,0,DGS2;DGS10,provisional_current_history_market,1987-03-25,1987-12-24,1987,SELECT
t2-F1-qe3-end-2014,T2-F1,UST_10Y,126;189,level,daily,0,DGS10,provisional_current_history_market,1987-03-30,1987-12-30,1987,SELECT
t2-F1-fed-put-2019,T2-F1,MKT,128,log_return,daily,1,F-F_Research_Data_Factors_daily_CSV.zip,secondary_revised_factor,1987-04-16,1987-10-19,1987,SELECT
t2-F1-normalization-2017,T2-F1,UST_10Y,127,level,daily,1,DGS10,provisional_current_history_market,1987-04-24,1987-10-26,1987,SELECT
t2-F1-patient-dropped-2015,T2-F1,UST_2Y,129,level,daily,1,DGS2,provisional_current_history_market,1987-06-11,1987-12-16,1987,SELECT
t2-F1-aud-on-hold-2016,T2-F1,AUD,126;189,level,daily,0,DEXUSAL,provisional_current_history_market,1989-01-05,1989-10-04,1989,FINAL
t2-F1-greater-confidence-2024,T2-F1,UST_2Y,126;189,level,daily,0,DGS2,provisional_current_history_market,1989-01-06,1989-10-06,1989,FINAL
t2-F1-pause-2006,T2-F1,UST_2Y;UST_10Y,126;189,level,daily,0,DGS2;DGS10,provisional_current_history_market,1989-01-09,1989-10-10,1989,FINAL
t2-F1-qe3-end-2014,T2-F1,UST_10Y,126;189,level,daily,0,DGS10,provisional_current_history_market,1989-01-11,1989-10-12,1989,FINAL
t2-F1-conflicting-texts-2024,T2-F1,UST_10Y,126;189,level,daily,0,DGS10,provisional_current_history_market,1989-01-25,1989-10-25,1989,FINAL
t2-F1-considerable-period-2003,T2-F1,UST_10Y,126;189,level,daily,0,DGS10,provisional_current_history_market,1989-02-08,1989-11-08,1989,FINAL
t2-F1-liftoff-telegraph-2015,T2-F1,UST_2Y,126;189,level,daily,0,DGS2,provisional_current_history_market,1989-02-14,1989-11-14,1989,FINAL
t2-F1-fed-put-2019,T2-F1,MKT,128,log_return,daily,1,F-F_Research_Data_Factors_daily_CSV.zip,secondary_revised_factor,1989-02-15,1989-08-18,1989,FINAL
t2-F1-conundrum-2005,T2-F1,UST_10Y,126;189,level,daily,0,DGS10,provisional_current_history_market,1989-02-21,1989-11-20,1989,FINAL
t2-F1-jpy-ycc-flex-2018,T2-F1,JPY,126;189,level,daily,0,DEXJPUS,provisional_current_history_market,1989-02-22,1989-11-20,1989,FINAL
t2-F1-hawkish-cut-2024,T2-F1,UST_2Y,126;189,level,daily,0,DGS2,provisional_current_history_market,1989-02-28,1989-11-28,1989,FINAL
t2-F1-chf-highly-valued-2021,T2-F1,CHF,126;189,level,daily,0,DEXSZUS,provisional_current_history_market,1989-03-09,1989-12-06,1989,FINAL
t2-F1-normalization-2017,T2-F1,UST_10Y,127,level,daily,1,DGS10,provisional_current_history_market,1989-03-10,1989-09-11,1989,FINAL
t2-F1-ust-positioning-2018,T2-F1,UST_10Y,126;189,level,daily,0,DGS10,provisional_current_history_market,1989-03-21,1989-12-19,1989,FINAL
t2-F1-cad-boc-2017,T2-F1,CAD,126;189,level,daily,0,DEXCAUS,provisional_current_history_market,1989-03-22,1989-12-19,1989,FINAL
t2-F1-third-cut-2019,T2-F1,UST_2Y,126;189,level,daily,0,DGS2,provisional_current_history_market,1989-03-27,1989-12-22,1989,FINAL
t2-F1-measured-pace-2004,T2-F1,UST_2Y,126;189,level,daily,0,DGS2,provisional_current_history_market,1989-03-31,1989-12-29,1989,FINAL
t2-F1-patient-dropped-2015,T2-F1,UST_2Y,129,level,daily,1,DGS2,provisional_current_history_market,1989-04-13,1989-10-17,1989,FINAL
t2-F1-ai-mom-2024,T2-F1,MOM,127,log_return,daily,1,F-F_Momentum_Factor_daily_CSV.zip,secondary_revised_factor,1989-06-21,1989-12-20,1989,FINAL
t2-F1-dkk-peg-2019,T2-F1,DKK,129,level,daily,1,DEXDNUS,provisional_current_history_market,1989-06-23,1989-12-28,1989,FINAL
t2-F1-measured-pace-2004,T2-F1,UST_2Y,126;189,level,daily,0,DGS2,provisional_current_history_market,1990-01-04,1990-10-04,1990,FINAL
t2-F1-conflicting-texts-2024,T2-F1,UST_10Y,126;189,level,daily,0,DGS10,provisional_current_history_market,1990-01-05,1990-10-05,1990,FINAL
t2-F1-third-cut-2019,T2-F1,UST_2Y,126;189,level,daily,0,DGS2,provisional_current_history_market,1990-01-19,1990-10-19,1990,FINAL
t2-F1-greater-confidence-2024,T2-F1,UST_2Y,126;189,level,daily,0,DGS2,provisional_current_history_market,1990-02-01,1990-11-01,1990,FINAL
t2-F1-hawkish-cut-2024,T2-F1,UST_2Y,126;189,level,daily,0,DGS2,provisional_current_history_market,1990-02-02,1990-11-02,1990,FINAL
t2-F1-ust-positioning-2018,T2-F1,UST_10Y,126;189,level,daily,0,DGS10,provisional_current_history_market,1990-02-05,1990-11-05,1990,FINAL
t2-F1-liftoff-telegraph-2015,T2-F1,UST_2Y,126;189,level,daily,0,DGS2,provisional_current_history_market,1990-02-07,1990-11-07,1990,FINAL
t2-F1-qe3-end-2014,T2-F1,UST_10Y,126;189,level,daily,0,DGS10,provisional_current_history_market,1990-02-14,1990-11-15,1990,FINAL
t2-F1-cad-boc-2017,T2-F1,CAD,126;189,level,daily,0,DEXCAUS,provisional_current_history_market,1990-02-23,1990-11-23,1990,FINAL
t2-F1-aud-on-hold-2016,T2-F1,AUD,126;189,level,daily,0,DEXUSAL,provisional_current_history_market,1990-03-06,1990-12-04,1990,FINAL
t2-F1-chf-highly-valued-2021,T2-F1,CHF,126;189,level,daily,0,DEXSZUS,provisional_current_history_market,1990-03-15,1990-12-13,1990,FINAL
t2-F1-normalization-2017,T2-F1,UST_10Y,127,level,daily,1,DGS10,provisional_current_history_market,1990-03-15,1990-09-14,1990,FINAL
t2-F1-conundrum-2005,T2-F1,UST_10Y,126;189,level,daily,0,DGS10,provisional_current_history_market,1990-03-21,1990-12-20,1990,FINAL
t2-F1-considerable-period-2003,T2-F1,UST_10Y,126;189,level,daily,0,DGS10,provisional_current_history_market,1990-03-22,1990-12-21,1990,FINAL
t2-F1-jpy-ycc-flex-2018,T2-F1,JPY,126;189,level,daily,0,DEXJPUS,provisional_current_history_market,1990-03-22,1990-12-20,1990,FINAL
t2-F1-pause-2006,T2-F1,UST_2Y;UST_10Y,126;189,level,daily,0,DGS2;DGS10,provisional_current_history_market,1990-03-23,1990-12-24,1990,FINAL
t2-F1-dkk-peg-2019,T2-F1,DKK,129,level,daily,1,DEXDNUS,provisional_current_history_market,1990-03-28,1990-09-28,1990,FINAL
t2-F1-ai-mom-2024,T2-F1,MOM,127,log_return,daily,1,F-F_Momentum_Factor_daily_CSV.zip,secondary_revised_factor,1990-04-20,1990-10-19,1990,FINAL
t2-F1-patient-dropped-2015,T2-F1,UST_2Y,129,level,daily,1,DGS2,provisional_current_history_market,1990-05-02,1990-11-05,1990,FINAL
t2-F1-fed-put-2019,T2-F1,MKT,128,log_return,daily,1,F-F_Research_Data_Factors_daily_CSV.zip,secondary_revised_factor,1990-05-31,1990-11-30,1990,FINAL
t2-F1-ust-positioning-2018,T2-F1,UST_10Y,126;189,level,daily,0,DGS10,provisional_current_history_market,1991-01-04,1991-10-04,1991,FINAL
t2-F1-conundrum-2005,T2-F1,UST_10Y,126;189,level,daily,0,DGS10,provisional_current_history_market,1991-01-16,1991-10-17,1991,FINAL
t2-F1-jpy-ycc-flex-2018,T2-F1,JPY,126;189,level,daily,0,DEXJPUS,provisional_current_history_market,1991-01-29,1991-10-28,1991,FINAL
t2-F1-greater-confidence-2024,T2-F1,UST_2Y,126;189,level,daily,0,DGS2,provisional_current_history_market,1991-01-30,1991-10-30,1991,FINAL
t2-F1-chf-highly-valued-2021,T2-F1,CHF,126;189,level,daily,0,DEXSZUS,provisional_current_history_market,1991-02-01,1991-10-31,1991,FINAL
t2-F1-liftoff-telegraph-2015,T2-F1,UST_2Y,126;189,level,daily,0,DGS2,provisional_current_history_market,1991-02-01,1991-11-01,1991,FINAL
t2-F1-measured-pace-2004,T2-F1,UST_2Y,126;189,level,daily,0,DGS2,provisional_current_history_market,1991-02-15,1991-11-18,1991,FINAL
t2-F1-qe3-end-2014,T2-F1,UST_10Y,126;189,level,daily,0,DGS10,provisional_current_history_market,1991-02-21,1991-11-21,1991,FINAL
t2-F1-hawkish-cut-2024,T2-F1,UST_2Y,126;189,level,daily,0,DGS2,provisional_current_history_market,1991-02-22,1991-11-22,1991,FINAL
t2-F1-considerable-period-2003,T2-F1,UST_10Y,126;189,level,daily,0,DGS10,provisional_current_history_market,1991-02-25,1991-11-25,1991,FINAL
t2-F1-pause-2006,T2-F1,UST_2Y;UST_10Y,126;189,level,daily,0,DGS2;DGS10,provisional_current_history_market,1991-02-27,1991-11-27,1991,FINAL
t2-F1-conflicting-texts-2024,T2-F1,UST_10Y,126;189,level,daily,0,DGS10,provisional_current_history_market,1991-03-05,1991-12-04,1991,FINAL
t2-F1-third-cut-2019,T2-F1,UST_2Y,126;189,level,daily,0,DGS2,provisional_current_history_market,1991-03-11,1991-12-10,1991,FINAL
t2-F1-aud-on-hold-2016,T2-F1,AUD,126;189,level,daily,0,DEXUSAL,provisional_current_history_market,1991-03-20,1991-12-18,1991,FINAL
t2-F1-cad-boc-2017,T2-F1,CAD,126;189,level,daily,0,DEXCAUS,provisional_current_history_market,1991-04-01,1991-12-31,1991,FINAL
t2-F1-patient-dropped-2015,T2-F1,UST_2Y,129,level,daily,1,DGS2,provisional_current_history_market,1991-04-01,1991-10-02,1991,FINAL
t2-F1-ai-mom-2024,T2-F1,MOM,127,log_return,daily,1,F-F_Momentum_Factor_daily_CSV.zip,secondary_revised_factor,1991-04-08,1991-10-07,1991,FINAL
t2-F1-dkk-peg-2019,T2-F1,DKK,129,level,daily,1,DEXDNUS,provisional_current_history_market,1991-06-03,1991-12-06,1991,FINAL
t2-F1-fed-put-2019,T2-F1,MKT,128,log_return,daily,1,F-F_Research_Data_Factors_daily_CSV.zip,secondary_revised_factor,1991-06-11,1991-12-11,1991,FINAL
t2-F1-normalization-2017,T2-F1,UST_10Y,127,level,daily,1,DGS10,provisional_current_history_market,1991-06-24,1991-12-26,1991,FINAL
t2-F1-chf-highly-valued-2021,T2-F1,CHF,126;189,level,daily,0,DEXSZUS,provisional_current_history_market,1992-01-03,1992-09-30,1992,FINAL
t2-F1-pause-2006,T2-F1,UST_2Y;UST_10Y,126;189,level,daily,0,DGS2;DGS10,provisional_current_history_market,1992-01-14,1992-10-14,1992,FINAL
t2-F1-qe3-end-2014,T2-F1,UST_10Y,126;189,level,daily,0,DGS10,provisional_current_history_market,1992-01-14,1992-10-14,1992,FINAL
t2-F1-ust-positioning-2018,T2-F1,UST_10Y,126;189,level,daily,0,DGS10,provisional_current_history_market,1992-02-03,1992-11-02,1992,FINAL
t2-F1-cad-boc-2017,T2-F1,CAD,126;189,level,daily,0,DEXCAUS,provisional_current_history_market,1992-02-05,1992-11-02,1992,FINAL
t2-F1-hawkish-cut-2024,T2-F1,UST_2Y,126;189,level,daily,0,DGS2,provisional_current_history_market,1992-02-11,1992-11-10,1992,FINAL
t2-F1-dkk-peg-2019,T2-F1,DKK,129,level,daily,1,DEXDNUS,provisional_current_history_market,1992-02-14,1992-08-17,1992,FINAL
t2-F1-third-cut-2019,T2-F1,UST_2Y,126;189,level,daily,0,DGS2,provisional_current_history_market,1992-02-19,1992-11-18,1992,FINAL
t2-F1-jpy-ycc-flex-2018,T2-F1,JPY,126;189,level,daily,0,DEXJPUS,provisional_current_history_market,1992-02-20,1992-11-17,1992,FINAL
t2-F1-considerable-period-2003,T2-F1,UST_10Y,126;189,level,daily,0,DGS10,provisional_current_history_market,1992-02-24,1992-11-23,1992,FINAL
t2-F1-measured-pace-2004,T2-F1,UST_2Y,126;189,level,daily,0,DGS2,provisional_current_history_market,1992-02-25,1992-11-24,1992,FINAL
t2-F1-liftoff-telegraph-2015,T2-F1,UST_2Y,126;189,level,daily,0,DGS2,provisional_current_history_market,1992-03-12,1992-12-11,1992,FINAL
t2-F1-patient-dropped-2015,T2-F1,UST_2Y,129,level,daily,1,DGS2,provisional_current_history_market,1992-03-18,1992-09-21,1992,FINAL
t2-F1-aud-on-hold-2016,T2-F1,AUD,126;189,level,daily,0,DEXUSAL,provisional_current_history_market,1992-03-26,1992-12-23,1992,FINAL
t2-F1-conundrum-2005,T2-F1,UST_10Y,126;189,level,daily,0,DGS10,provisional_current_history_market,1992-03-26,1992-12-28,1992,FINAL
t2-F1-greater-confidence-2024,T2-F1,UST_2Y,126;189,level,daily,0,DGS2,provisional_current_history_market,1992-03-30,1992-12-30,1992,FINAL
t2-F1-conflicting-texts-2024,T2-F1,UST_10Y,126;189,level,daily,0,DGS10,provisional_current_history_market,1992-03-31,1992-12-31,1992,FINAL
t2-F1-ai-mom-2024,T2-F1,MOM,127,log_return,daily,1,F-F_Momentum_Factor_daily_CSV.zip,secondary_revised_factor,1992-04-08,1992-10-08,1992,FINAL
t2-F1-normalization-2017,T2-F1,UST_10Y,127,level,daily,1,DGS10,provisional_current_history_market,1992-05-05,1992-11-04,1992,FINAL
t2-F1-fed-put-2019,T2-F1,MKT,128,log_return,daily,1,F-F_Research_Data_Factors_daily_CSV.zip,secondary_revised_factor,1992-05-14,1992-11-13,1992,FINAL
t2-F1-considerable-period-2003,T2-F1,UST_10Y,126;189,level,daily,0,DGS10,provisional_current_history_market,2025-01-02,2025-10-03,2025,PROSPECTIVE_SINGLE_YEAR
t2-F1-ai-mom-2024,T2-F1,MOM,127,log_return,daily,1,F-F_Momentum_Factor_daily_CSV.zip,secondary_revised_factor,2025-01-07,2025-07-14,2025,PROSPECTIVE_SINGLE_YEAR
t2-F1-qe3-end-2014,T2-F1,UST_10Y,126;189,level,daily,0,DGS10,provisional_current_history_market,2025-01-15,2025-10-17,2025,PROSPECTIVE_SINGLE_YEAR
t2-F1-ust-positioning-2018,T2-F1,UST_10Y,126;189,level,daily,0,DGS10,provisional_current_history_market,2025-01-15,2025-10-17,2025,PROSPECTIVE_SINGLE_YEAR
t2-F1-patient-dropped-2015,T2-F1,UST_2Y,129,level,daily,1,DGS2,provisional_current_history_market,2025-01-21,2025-07-28,2025,PROSPECTIVE_SINGLE_YEAR
t2-F1-normalization-2017,T2-F1,UST_10Y,127,level,daily,1,DGS10,provisional_current_history_market,2025-01-24,2025-07-29,2025,PROSPECTIVE_SINGLE_YEAR
t2-F1-conundrum-2005,T2-F1,UST_10Y,126;189,level,daily,0,DGS10,provisional_current_history_market,2025-01-27,2025-10-28,2025,PROSPECTIVE_SINGLE_YEAR
t2-F1-jpy-ycc-flex-2018,T2-F1,JPY,126;189,level,daily,0,DEXJPUS,provisional_current_history_market,2025-01-29,2025-10-29,2025,PROSPECTIVE_SINGLE_YEAR
t2-F1-cad-boc-2017,T2-F1,CAD,126;189,level,daily,0,DEXCAUS,provisional_current_history_market,2025-01-30,2025-10-30,2025,PROSPECTIVE_SINGLE_YEAR
t2-F1-dkk-peg-2019,T2-F1,DKK,129,level,daily,1,DEXDNUS,provisional_current_history_market,2025-01-30,2025-08-05,2025,PROSPECTIVE_SINGLE_YEAR
t2-F1-chf-highly-valued-2021,T2-F1,CHF,126;189,level,daily,0,DEXSZUS,provisional_current_history_market,2025-01-31,2025-10-31,2025,PROSPECTIVE_SINGLE_YEAR
t2-F1-eur-range-2017,T2-F1,EUR,126;189,level,daily,0,DEXUSEU,provisional_current_history_market,2025-02-03,2025-11-03,2025,PROSPECTIVE_SINGLE_YEAR
t2-F1-liftoff-telegraph-2015,T2-F1,UST_2Y,126;189,level,daily,0,DGS2,provisional_current_history_market,2025-02-11,2025-11-13,2025,PROSPECTIVE_SINGLE_YEAR
t2-F1-aud-on-hold-2016,T2-F1,AUD,126;189,level,daily,0,DEXUSAL,provisional_current_history_market,2025-02-20,2025-11-20,2025,PROSPECTIVE_SINGLE_YEAR
t2-F1-third-cut-2019,T2-F1,UST_2Y,126;189,level,daily,0,DGS2,provisional_current_history_market,2025-02-28,2025-12-02,2025,PROSPECTIVE_SINGLE_YEAR
t2-F1-conflicting-texts-2024,T2-F1,UST_10Y,126;189,level,daily,0,DGS10,provisional_current_history_market,2025-03-04,2025-12-04,2025,PROSPECTIVE_SINGLE_YEAR
t2-F1-measured-pace-2004,T2-F1,UST_2Y,126;189,level,daily,0,DGS2,provisional_current_history_market,2025-03-11,2025-12-11,2025,PROSPECTIVE_SINGLE_YEAR
t2-F1-greater-confidence-2024,T2-F1,UST_2Y,126;189,level,daily,0,DGS2,provisional_current_history_market,2025-03-18,2025-12-18,2025,PROSPECTIVE_SINGLE_YEAR
t2-F1-pause-2006,T2-F1,UST_2Y;UST_10Y,126;189,level,daily,0,DGS2;DGS10,provisional_current_history_market,2025-03-18,2025-12-18,2025,PROSPECTIVE_SINGLE_YEAR
t2-F1-hawkish-cut-2024,T2-F1,UST_2Y,126;189,level,daily,0,DGS2,provisional_current_history_market,2025-03-19,2025-12-19,2025,PROSPECTIVE_SINGLE_YEAR
t2-F1-fed-put-2019,T2-F1,MKT,128,log_return,daily,1,F-F_Research_Data_Factors_daily_CSV.zip,secondary_revised_factor,2025-06-03,2025-12-04,2025,PROSPECTIVE_SINGLE_YEAR
