executive_summary,source,group,cells,origins,releases,years,balance,crps_ratio,mean_CRPS_delta,sign_accuracy,balanced_sign_accuracy,positive_truth_fraction,zero_or_tie_fraction,pearson,spearman,calibration,mean_abs_predicted_delta,mean_abs_true_delta,mean_predicted_delta,mean_predicted_raw_shift,mean_raw_center_error,calibration_slope,calibration_intercept
Frozen-prediction descriptive diagnostic; never a new candidate,ECB,5,48,48,20,5,cell,1.6820134393235708,0.43523872898762533,0.4791666666666667,0.5326678765880217,0.6041666666666666,0.0,0.03457706192732875,-0.01910551454624403,"{'label': 'POST_HOC_DIAGNOSTIC_ONLY', 'intercept': 0.10653224331115316, 'slope': 0.029325017505711436, 'r2': 0.0011955732115264128, 'applied_to_candidate': False}",0.8566794952282191,0.8188309336685381,-0.5194075374618697,-0.005823168565326588,0.0011791877471985235,0.029325017505711436,0.10653224331115316
Frozen-prediction descriptive diagnostic; never a new candidate,ECB,5,48,48,20,5,release,1.695719701390762,0.4520285679708499,0.4458333333333333,0.49682791435368756,0.5958333333333333,0.0,0.029927964674436088,-0.06951127450511979,"{'label': 'POST_HOC_DIAGNOSTIC_ONLY', 'intercept': 0.13107621377559872, 'slope': 0.025497122732965605, 'r2': 0.0008956830695544538, 'applied_to_candidate': False}",0.8860048653881563,0.8402859518457436,-0.5026813951538975,-0.0056792996433705865,0.0015327702823232092,0.025497122732965605,0.13107621377559872
Frozen-prediction descriptive diagnostic; never a new candidate,ECB,21,48,48,20,5,cell,1.7520406290091037,0.4166986023801528,0.5,0.5209790209790209,0.5416666666666666,0.0,0.05273964061788686,-0.04320451584889275,"{'label': 'POST_HOC_DIAGNOSTIC_ONLY', 'intercept': 0.04217921645327141, 'slope': 0.03894373993475466, 'r2': 0.002781469692503924, 'applied_to_candidate': False}",0.8566794952282191,0.6992522625190528,-0.5194075374618697,-0.012355842177579712,0.0011688051871979442,0.03894373993475466,0.04217921645327141
Frozen-prediction descriptive diagnostic; never a new candidate,ECB,21,48,48,20,5,release,1.823174942773027,0.4596511098131032,0.45,0.4852941176470588,0.5666666666666667,0.0,0.03445544846596005,-0.13214934451763777,"{'label': 'POST_HOC_DIAGNOSTIC_ONLY', 'intercept': 0.07266382519446794, 'slope': 0.025259473891964035, 'r2': 0.0011871779289902573, 'applied_to_candidate': False}",0.8860048653881563,0.7129619261162944,-0.5026813951538975,-0.012053859873164836,0.002182343264253065,0.025259473891964035,0.07266382519446794
Frozen-prediction descriptive diagnostic; never a new candidate,ECB,63,46,46,19,5,cell,1.5160635421504132,0.3025604801364716,0.6739130434782609,0.6542857142857142,0.45652173913043476,0.0,0.23187840781448876,0.3073080481036078,"{'label': 'POST_HOC_DIAGNOSTIC_ONLY', 'intercept': 0.11810531770120312, 'slope': 0.17867371571569216, 'r2': 0.053767596010582785, 'applied_to_candidate': False}",0.8928643241995627,0.715063876491576,-0.5409283682694589,-0.022089973085448526,0.002938982124963417,0.17867371571569216,0.11810531770120312
Frozen-prediction descriptive diagnostic; never a new candidate,ECB,63,46,46,19,5,release,1.565932069015338,0.3359716161844452,0.6535087719298248,0.6221517500587268,0.43421052631578955,0.0,0.17034390559424403,0.1640319029172059,"{'label': 'POST_HOC_DIAGNOSTIC_ONLY', 'intercept': 0.05710757421108424, 'slope': 0.13071362552743576, 'r2': 0.029017046173100747, 'applied_to_candidate': False}",0.931350993625043,0.7468504185873934,-0.5278526039047704,-0.021687801585312312,0.0014457482275147334,0.13071362552743576,0.05710757421108424
Frozen-prediction descriptive diagnostic; never a new candidate,ECB,126,44,44,19,5,cell,1.4543740828204494,0.2982824886459477,0.6136363636363636,0.5916666666666667,0.45454545454545453,0.0,0.2453210179255253,0.22339675828047922,"{'label': 'POST_HOC_DIAGNOSTIC_ONLY', 'intercept': 0.07224560286554305, 'slope': 0.19999465651520107, 'r2': 0.060182401836016086, 'applied_to_candidate': False}",0.9329389616592024,0.792386364218667,-0.565727028894355,-0.033339786504891014,0.001293506275562237,0.19999465651520107,0.07224560286554305
Frozen-prediction descriptive diagnostic; never a new candidate,ECB,126,44,44,19,5,release,1.532049860615298,0.32631185638521837,0.605263157894737,0.5812324929971989,0.44736842105263164,0.0,0.20643426742669638,0.16959769584926546,"{'label': 'POST_HOC_DIAGNOSTIC_ONLY', 'intercept': 0.07585324794391145, 'slope': 0.16047170375240302, 'r2': 0.04261510676799707, 'applied_to_candidate': False}",0.9323014064549808,0.7494227043929084,-0.5266713091587186,-0.031235429498834955,0.002362429207620498,0.16047170375240302,0.07585324794391145
Frozen-prediction descriptive diagnostic; never a new candidate,ECB,189,41,41,18,5,cell,1.4135183457449718,0.2898276452241301,0.6341463414634146,0.6160287081339713,0.4634146341463415,0.0,0.27367062632572475,0.2440766550522648,"{'label': 'POST_HOC_DIAGNOSTIC_ONLY', 'intercept': 0.01746039429952194, 'slope': 0.23452752935949558, 'r2': 0.07489561171351478, 'applied_to_candidate': False}",0.9952885076058772,0.8768733430876016,-0.6030761439431495,-0.042747139319369,-0.003223373637726079,0.23452752935949558,0.01746039429952194
Frozen-prediction descriptive diagnostic; never a new candidate,ECB,189,41,41,18,5,release,1.5267018552530263,0.33139986072502353,0.5879629629629629,0.601039608213764,0.5231481481481481,0.0,0.24234725007716532,0.1754743589285097,"{'label': 'POST_HOC_DIAGNOSTIC_ONLY', 'intercept': 0.05273797203223395, 'slope': 0.1909125414815527, 'r2': 0.05873218961996418, 'applied_to_candidate': False}",0.9807207253738294,0.8108457282149375,-0.5568121855322999,-0.03975535978283222,0.0002445330777003312,0.1909125414815527,0.05273797203223395
Frozen-prediction descriptive diagnostic; never a new candidate,SLOOS,5,546,91,33,8,cell,1.0598471674984071,0.03547748052752405,0.6098901098901099,0.5202456647398844,0.6336996336996337,0.0,0.028834759275819737,0.07468889227606501,"{'label': 'POST_HOC_DIAGNOSTIC_ONLY', 'intercept': 0.2983699734762613, 'slope': 0.06368907438034055, 'r2': 0.000831443342494409, 'applied_to_candidate': False}",0.4515689350236433,0.8381617632359472,0.27154334181835893,0.026352265103780866,0.0319251682997195,0.06368907438034055,0.2983699734762613
Frozen-prediction descriptive diagnostic; never a new candidate,SLOOS,5,546,91,33,8,release,1.0605382962335825,0.034850255036101695,0.6047979797979799,0.5167945526264938,0.6275252525252526,0.0,0.032843949780853574,0.08366523833268083,"{'label': 'POST_HOC_DIAGNOSTIC_ONLY', 'intercept': 0.2844528006060368, 'slope': 0.07176230199632098, 'r2': 0.0010787250372075174, 'applied_to_candidate': False}",0.4554329208747492,0.8100328205156235,0.2889501933513862,0.028174659731970534,0.030598435673967944,0.07176230199632098,0.2844528006060368
Frozen-prediction descriptive diagnostic; never a new candidate,SLOOS,21,540,90,32,8,cell,1.0601950818757975,0.03471406282917306,0.5222222222222223,0.5108263367211666,0.5407407407407407,0.0,0.12041227756329827,0.11676209833062223,"{'label': 'POST_HOC_DIAGNOSTIC_ONLY', 'intercept': 0.05577398982248766, 'slope': 0.2814257500055488, 'r2': 0.014499116587980754, 'applied_to_candidate': False}",0.3348965506257009,0.8066248827758056,0.09816356055854328,0.01220005637860634,0.014265042700995129,0.2814257500055488,0.05577398982248766
Frozen-prediction descriptive diagnostic; never a new candidate,SLOOS,21,540,90,32,8,release,1.075170817307254,0.04282442662479947,0.5060763888888892,0.49662309368191715,0.5312500000000004,0.0,0.10561531477718386,0.08811707902731068,"{'label': 'POST_HOC_DIAGNOSTIC_ONLY', 'intercept': 0.03864525871740933, 'slope': 0.24191819813301396, 'r2': 0.011154594715484634, 'applied_to_candidate': False}",0.3443479513405878,0.7940637163395474,0.11209657123244984,0.014696873478052007,0.011671975824128501,0.24191819813301396,0.03864525871740933
Frozen-prediction descriptive diagnostic; never a new candidate,SLOOS,63,528,88,32,8,cell,1.0947901305895373,0.06719176561334908,0.5113636363636364,0.4986111111111111,0.5454545454545454,0.0,-0.012897763755829015,-0.025822462762663565,"{'label': 'POST_HOC_DIAGNOSTIC_ONLY', 'intercept': 0.10911947599791942, 'slope': -0.03350124767700547, 'r2': 0.00016635230990091898, 'applied_to_candidate': False}",0.37409686461027786,0.9636009942223658,0.1446450291231529,0.034160017751615215,0.032091972109385296,-0.03350124767700547,0.10911947599791942
Frozen-prediction descriptive diagnostic; never a new candidate,SLOOS,63,528,88,32,8,release,1.1156572074704503,0.08077026876226179,0.5026041666666667,0.489208633093525,0.5429687500000001,0.0,-0.04037018516281373,-0.07127363122498474,"{'label': 'POST_HOC_DIAGNOSTIC_ONLY', 'intercept': 0.11092494111664429, 'slope': -0.10403783679692774, 'r2': 0.0016297518500797414, 'applied_to_candidate': False}",0.37857119193942207,0.9512080789009243,0.15843023363441067,0.03944614008992989,0.03248480137544289,-0.10403783679692774,0.11092494111664429
Frozen-prediction descriptive diagnostic; never a new candidate,SLOOS,126,510,85,31,8,cell,1.1969277767056468,0.16380862117601167,0.4627450980392157,0.41541963830871115,0.592156862745098,0.0,-0.14770849598449012,-0.15491454272049807,"{'label': 'POST_HOC_DIAGNOSTIC_ONLY', 'intercept': 0.40056907667931896, 'slope': -0.2741525703217294, 'r2': 0.02181779978600029, 'applied_to_candidate': False}",0.5935868832766986,1.08539577502194,0.3894513954444214,0.17309699023198877,0.12545350910248745,-0.2741525703217294,0.40056907667931896
Frozen-prediction descriptive diagnostic; never a new candidate,SLOOS,126,510,85,31,8,release,1.210541530564616,0.16808092908068553,0.4462365591397848,0.41328160657234125,0.5609318996415771,0.0,-0.14242675104408328,-0.1425580374824258,"{'label': 'POST_HOC_DIAGNOSTIC_ONLY', 'intercept': 0.34541717522428583, 'slope': -0.2652688526619803, 'r2': 0.02028537941297326, 'applied_to_candidate': False}",0.5880347279249947,1.041685549757371,0.396028071522877,0.17660205994139272,0.09983241237942364,-0.2652688526619803,0.34541717522428583
Frozen-prediction descriptive diagnostic; never a new candidate,SLOOS,189,492,82,30,8,cell,1.2611185873588977,0.2623229789512264,0.45121951219512196,0.4121830550401979,0.5975609756097561,0.0,-0.18261173265638428,-0.21820382780818096,"{'label': 'POST_HOC_DIAGNOSTIC_ONLY', 'intercept': 0.5524125523252755, 'slope': -0.3088634122894524, 'r2': 0.03334704490376683, 'applied_to_candidate': False}",0.7146967854091097,1.2464327412956153,0.40630775214411397,0.23454505453608096,0.2151642628551656,-0.3088634122894524,0.5524125523252755
Frozen-prediction descriptive diagnostic; never a new candidate,SLOOS,189,492,82,30,8,release,1.2733117821821418,0.26760546746419084,0.4393518518518517,0.40530549450549436,0.5787037037037042,0.0,-0.18500758393012173,-0.23205940913101644,"{'label': 'POST_HOC_DIAGNOSTIC_ONLY', 'intercept': 0.4872123477538823, 'slope': -0.31803137797490144, 'r2': 0.034227806111660986, 'applied_to_candidate': False}",0.700463096622323,1.216751024088317,0.41425032663248695,0.2409683552739791,0.17875943358435928,-0.31803137797490144,0.4872123477538823
Frozen-prediction descriptive diagnostic; never a new candidate,SPD,5,118,59,41,5,cell,1.058414485503314,0.04045585852971135,0.5338983050847458,0.5135294117647059,0.576271186440678,0.0,0.11761323504332422,0.08279494105423528,"{'label': 'POST_HOC_DIAGNOSTIC_ONLY', 'intercept': 0.20997575817784753, 'slope': 0.2925593255566744, 'r2': 0.013832873057356365, 'applied_to_candidate': False}",0.5625244734260217,0.9896784694253744,0.2247501714659463,0.012377808423185479,0.025282978333382677,0.2925593255566744,0.20997575817784753
Frozen-prediction descriptive diagnostic; never a new candidate,SPD,5,118,59,41,5,release,1.072933782527764,0.04676563606494315,0.5487804878048781,0.5316109422492401,0.573170731707317,0.0,0.10384735041800076,0.08478131933907829,"{'label': 'POST_HOC_DIAGNOSTIC_ONLY', 'intercept': 0.22814955611118964, 'slope': 0.23558474615517863, 'r2': 0.010784272188838928, 'applied_to_candidate': False}",0.5550741390400628,0.9180582273450398,0.19422650852433745,0.008459473138297669,0.02636243514251568,0.23558474615517863,0.22814955611118964
Frozen-prediction descriptive diagnostic; never a new candidate,SPD,21,116,58,40,5,cell,1.3184759436325721,0.2072644067940278,0.5689655172413793,0.5694320547130538,0.5086206896551724,0.0,0.21011281655196853,0.19344917744573506,"{'label': 'POST_HOC_DIAGNOSTIC_ONLY', 'intercept': 0.23538038690223645, 'slope': 0.25082056128276226, 'r2': 0.04414739567940129, 'applied_to_candidate': False}",0.9169348427635313,0.9182822384893602,-0.3858907386115289,-0.1581137553259408,0.01812187859049988,0.25082056128276226,0.23538038690223645
Frozen-prediction descriptive diagnostic; never a new candidate,SPD,21,116,58,40,5,release,1.3871288112156817,0.2422425405667657,0.58125,0.5805190744215134,0.4875,0.0,0.16419913075580464,0.17590644607354386,"{'label': 'POST_HOC_DIAGNOSTIC_ONLY', 'intercept': 0.16329296599695337, 'slope': 0.18418453782361965, 'r2': 0.026961354540961602, 'applied_to_candidate': False}",0.9537642784559901,0.8888100729336001,-0.41575415770450874,-0.17016207434940078,0.011700659865328417,0.18418453782361965,0.16329296599695337
Frozen-prediction descriptive diagnostic; never a new candidate,SPD,63,112,56,39,5,cell,1.4448985588593006,0.4129003692446904,0.6607142857142857,0.6684491978609626,0.6071428571428571,0.0,0.3033857499476991,0.2966436878576121,"{'label': 'POST_HOC_DIAGNOSTIC_ONLY', 'intercept': 0.5250517275551271, 'slope': 0.27961696982513784, 'r2': 0.09204291327132808, 'applied_to_candidate': False}",1.5047742328319607,1.2070882360955533,-0.6854157396106657,-0.47089945963414503,0.0860754148625545,0.27961696982513784,0.5250517275551271
Frozen-prediction descriptive diagnostic; never a new candidate,SPD,63,112,56,39,5,release,1.4948129791123066,0.48049320810131874,0.6346153846153846,0.6406593406593406,0.5833333333333334,0.0,0.27109003986597746,0.2650570800681339,"{'label': 'POST_HOC_DIAGNOSTIC_ONLY', 'intercept': 0.4639479837603332, 'slope': 0.24987581946145893, 'r2': 0.07348980971453711, 'applied_to_candidate': False}",1.575397193844352,1.2641662180353137,-0.7344695078196897,-0.5051103141372801,0.07063396634298501,0.24987581946145893,0.4639479837603332
Frozen-prediction descriptive diagnostic; never a new candidate,SPD,126,106,53,37,5,cell,1.4437722378822522,0.5494636650621091,0.7641509433962265,0.7804828973843059,0.6698113207547169,0.0,0.34506477257112944,0.44718982296337806,"{'label': 'POST_HOC_DIAGNOSTIC_ONLY', 'intercept': 1.0542944026544314, 'slope': 0.2558696309758069, 'r2': 0.11906969726956573, 'applied_to_candidate': False}",2.0672662347410116,1.4356589211975936,-0.8104206407145684,-0.8753420684529188,0.30068936586898604,0.2558696309758069,1.0542944026544314
Frozen-prediction descriptive diagnostic; never a new candidate,SPD,126,106,53,37,5,release,1.488325188976312,0.5986411182919494,0.7635135135135135,0.7871572871572872,0.668918918918919,0.0,0.334630958678664,0.45773539903938876,"{'label': 'POST_HOC_DIAGNOSTIC_ONLY', 'intercept': 0.9657272178781167, 'slope': 0.24164401294357907, 'r2': 0.11197787850620167, 'applied_to_candidate': False}",2.1221306039404384,1.4161037746856202,-0.9061615162845903,-0.9610782836927815,0.25246321645320086,0.24164401294357907,0.9657272178781167
Frozen-prediction descriptive diagnostic; never a new candidate,SPD,189,100,50,35,5,cell,1.6136073523014023,1.0132542587152127,0.81,0.8698630136986301,0.73,0.0,0.44797119320060924,0.6281805100125079,"{'label': 'POST_HOC_DIAGNOSTIC_ONLY', 'intercept': 1.7773184242197844, 'slope': 0.2929285612020936, 'r2': 0.2006781899375778, 'applied_to_candidate': False}",2.981113077622482,1.7452682471041938,-1.2763209748952593,-1.7104019449811805,0.5793041268865918,0.2929285612020936,1.7773184242197844
Frozen-prediction descriptive diagnostic; never a new candidate,SPD,189,100,50,35,5,release,1.6996764940885891,1.1199593423640728,0.8,0.86,0.7142857142857143,0.0,0.4430138347047412,0.6316689655210944,"{'label': 'POST_HOC_DIAGNOSTIC_ONLY', 'intercept': 1.6886179348129606, 'slope': 0.2810767671300397, 'r2': 0.19626125773979985, 'applied_to_candidate': False}",3.062195244436544,1.6865535743728977,-1.4484829823539285,-1.8869026468392311,0.5212760925742265,0.2810767671300397,1.6886179348129606
