executive_summary,source,kind,value,crps_ratio,oracle_capture,label,INVALID_FOR_CONFIRMATORY_USE,frozen_predictions_only,sign_correct_crps_ratio,sign_wrong_crps_ratio,robust_to_one_year_and_release,primary_universe_unchanged
Frozen-prediction descriptive diagnostic; never a new candidate,ECB,direction_only,0.02,0.9952717869672737,0.00800120781667058,POST_HOC_DIRECTION_ONLY_DIAGNOSTIC,True,True,0.9821754398738904,1.0188746358894805,False,True
Frozen-prediction descriptive diagnostic; never a new candidate,ECB,direction_only,0.05,0.9889350052897099,0.01872447826580757,POST_HOC_DIRECTION_ONLY_DIAGNOSTIC,True,True,0.9561247006523352,1.0480672700293039,False,True
Frozen-prediction descriptive diagnostic; never a new candidate,ECB,direction_only,0.1,0.9804247580491215,0.03312574493291723,POST_HOC_DIRECTION_ONLY_DIAGNOSTIC,True,True,0.9146538883846602,1.09896009382659,False,True
Frozen-prediction descriptive diagnostic; never a new candidate,ECB,direction_only,0.2,0.9711250498105508,0.04886295849249822,POST_HOC_DIRECTION_ONLY_DIAGNOSTIC,True,True,0.8390676491487533,1.2091250703242546,False,True
Frozen-prediction descriptive diagnostic; never a new candidate,SLOOS,direction_only,0.02,1.0000104095966678,-1.5024335264563057e-05,POST_HOC_DIRECTION_ONLY_DIAGNOSTIC,True,True,0.9850145971759549,1.0145801785551603,False,True
Frozen-prediction descriptive diagnostic; never a new candidate,SLOOS,direction_only,0.05,1.0005654352656626,-0.0008161016485905505,POST_HOC_DIRECTION_ONLY_DIAGNOSTIC,True,True,0.9631174183246703,1.0369495230014076,False,True
Frozen-prediction descriptive diagnostic; never a new candidate,SLOOS,direction_only,0.1,1.0029211633470734,-0.004216161191423834,POST_HOC_DIRECTION_ONLY_DIAGNOSTIC,True,True,0.9281500806278589,1.075567937621911,False,True
Frozen-prediction descriptive diagnostic; never a new candidate,SLOOS,direction_only,0.2,1.013034815958496,-0.01881335572576691,POST_HOC_DIRECTION_ONLY_DIAGNOSTIC,True,True,0.8641371985325571,1.1577021286390392,False,True
Frozen-prediction descriptive diagnostic; never a new candidate,SPD,direction_only,0.02,0.9946963004497968,0.006667338303562289,POST_HOC_DIRECTION_ONLY_DIAGNOSTIC,True,True,0.9907079785076288,1.0191317998164269,True,True
Frozen-prediction descriptive diagnostic; never a new candidate,SPD,direction_only,0.05,0.9870931518138634,0.016225339025170826,POST_HOC_DIRECTION_ONLY_DIAGNOSTIC,True,True,0.9770140938854848,1.0488451410455122,True,True
Frozen-prediction descriptive diagnostic; never a new candidate,SPD,direction_only,0.1,0.9753436089359542,0.030995816978853313,POST_HOC_DIRECTION_ONLY_DIAGNOSTIC,True,True,0.9548328289163457,1.101008276795179,True,True
Frozen-prediction descriptive diagnostic; never a new candidate,SPD,direction_only,0.2,0.9553398418675999,0.05614276980450265,POST_HOC_DIRECTION_ONLY_DIAGNOSTIC,True,True,0.9129987275471172,1.2147537726291893,True,True
