executive_summary,source,dimension,group,balance,partition,cells,fraction_cells,fraction_weight,releases_with_partition,fraction_releases_nonexclusive,baseline_CRPS_weighted_sum,candidate_CRPS_weighted_sum,crps_ratio,mean_CRPS_change,total_score_damage,fraction_total_net_damage,harmed_fraction,overshoot_fraction
Frozen-prediction descriptive diagnostic; never a new candidate,ECB,all,all,cell,SIGN_CORRECT,131,0.5770925110132159,0.5770925110132159,19,0.95,91.20952255350898,102.92113907954653,1.1284034407609889,0.0894016528705159,11.711616526037583,0.14672876333710216,0.3435114503816794,0.48091603053435117
Frozen-prediction descriptive diagnostic; never a new candidate,ECB,all,all,cell,SIGN_WRONG,96,0.42290748898678415,0.42290748898678415,19,0.95,50.60878750355595,118.71530792406045,2.3457449541884223,0.7094429210469219,68.1065204205045,0.8532712366628978,1.0,0.5208333333333334
Frozen-prediction descriptive diagnostic; never a new candidate,ECB,all,all,cell,ZERO_TIE,0,0.0,0.0,0,0.0,0.0,0.0,,,0.0,0.0,,
Frozen-prediction descriptive diagnostic; never a new candidate,ECB,all,all,release,SIGN_CORRECT,131,0.5770925110132159,0.5433974358974358,19,0.95,7.265737351086294,8.587394168991207,1.1819026416785232,0.12161051291327493,1.3216568179049122,0.1798932918640221,0.3659313436357202,0.4947505013566121
Frozen-prediction descriptive diagnostic; never a new candidate,ECB,all,all,release,SIGN_WRONG,96,0.42290748898678415,0.45660256410256406,19,0.95,4.8611008099637605,10.886337276461735,2.2394798425385654,0.6597900384484655,6.025236466497974,0.820106708135978,1.0,0.48546960550329915
Frozen-prediction descriptive diagnostic; never a new candidate,ECB,all,all,release,ZERO_TIE,0,0.0,0.0,0,0.0,0.0,0.0,,,0.0,0.0,,
Frozen-prediction descriptive diagnostic; never a new candidate,ECB,year,2020,cell,SIGN_CORRECT,40,0.6666666666666666,0.6666666666666666,5,1.0,34.03795064505503,51.1366825379407,1.5023431660498558,0.4274682973221422,17.098731892885688,0.46341722246287276,0.3,0.325
Frozen-prediction descriptive diagnostic; never a new candidate,ECB,year,2020,cell,SIGN_WRONG,20,0.3333333333333333,0.3333333333333333,4,0.8,10.719071632739333,30.51739721651135,2.847018684276897,0.9899162791886009,19.79832558377202,0.5365827775371272,1.0,0.7
Frozen-prediction descriptive diagnostic; never a new candidate,ECB,year,2020,cell,ZERO_TIE,0,0.0,0.0,0,0.0,0.0,0.0,,,0.0,0.0,,
Frozen-prediction descriptive diagnostic; never a new candidate,ECB,year,2020,release,SIGN_CORRECT,40,0.6666666666666666,0.5900000000000002,5,1.0,2.350013559291191,4.161218820653912,1.7707211961402534,0.6139678852077024,1.811205261362722,0.47484530054226004,0.39548022598870064,0.4293785310734464
Frozen-prediction descriptive diagnostic; never a new candidate,ECB,year,2020,release,SIGN_WRONG,20,0.3333333333333333,0.4100000000000002,4,0.8,1.0991274265128355,3.1022281281540143,2.8224462908694297,0.9771222934835018,2.003100701641179,0.5251546994577398,1.0,0.6910569105691058
Frozen-prediction descriptive diagnostic; never a new candidate,ECB,year,2020,release,ZERO_TIE,0,0.0,0.0,0,0.0,0.0,0.0,,,0.0,0.0,,
Frozen-prediction descriptive diagnostic; never a new candidate,ECB,year,2021,cell,SIGN_CORRECT,31,0.6888888888888889,0.6888888888888889,5,1.0,19.895071255813487,18.33435943131952,0.9215528406796776,-0.05034554272561166,-1.5607118244939615,-0.18056246175364954,0.5483870967741935,0.8387096774193549
Frozen-prediction descriptive diagnostic; never a new candidate,ECB,year,2021,cell,SIGN_WRONG,14,0.3111111111111111,0.3111111111111111,4,0.8,7.429979409294227,17.634303030703762,2.373398640734435,0.7288802586721095,10.204323621409532,1.1805624617536497,1.0,0.5
Frozen-prediction descriptive diagnostic; never a new candidate,ECB,year,2021,cell,ZERO_TIE,0,0.0,0.0,0,0.0,0.0,0.0,,,0.0,0.0,,
Frozen-prediction descriptive diagnostic; never a new candidate,ECB,year,2021,release,SIGN_CORRECT,31,0.6888888888888889,0.7333333333333337,5,1.0,2.4618934022901535,2.4726369822355516,1.004363950094429,0.0029300672578358765,0.010743579945398216,0.009194202956502954,0.5909090909090909,0.8636363636363638
Frozen-prediction descriptive diagnostic; never a new candidate,ECB,year,2021,release,SIGN_WRONG,14,0.3111111111111111,0.26666666666666683,4,0.8,0.7281659432336481,1.8859390902112074,2.589985301751557,0.8683298602331695,1.1577731469775596,0.9908057970434968,1.0,0.5499999999999998
Frozen-prediction descriptive diagnostic; never a new candidate,ECB,year,2021,release,ZERO_TIE,0,0.0,0.0,0,0.0,0.0,0.0,,,0.0,0.0,,
Frozen-prediction descriptive diagnostic; never a new candidate,ECB,year,2022,cell,SIGN_CORRECT,30,0.6,0.6,5,1.0,27.16170114191392,24.65183372118143,0.9075953524553199,-0.08366224735774967,-2.50986742073249,-0.09798777151793801,0.26666666666666666,0.36666666666666664
Frozen-prediction descriptive diagnostic; never a new candidate,ECB,year,2022,cell,SIGN_WRONG,20,0.4,0.4,5,1.0,14.660911530658309,42.78486713659893,2.9182951583282484,1.406197780297031,28.12395560594062,1.0979877715179378,1.0,0.65
Frozen-prediction descriptive diagnostic; never a new candidate,ECB,year,2022,cell,ZERO_TIE,0,0.0,0.0,0,0.0,0.0,0.0,,,0.0,0.0,,
Frozen-prediction descriptive diagnostic; never a new candidate,ECB,year,2022,release,SIGN_CORRECT,30,0.6,0.6000000000000003,5,1.0,2.7161701141913928,2.465183372118144,0.9075953524553201,-0.08366224735774969,-0.2509867420732491,-0.09798777151793807,0.26666666666666655,0.36666666666666653
Frozen-prediction descriptive diagnostic; never a new candidate,ECB,year,2022,release,SIGN_WRONG,20,0.4,0.40000000000000013,5,1.0,1.4660911530658312,4.278486713659895,2.918295158328249,1.406197780297031,2.8123955605940623,1.097987771517938,1.0,0.6500000000000001
Frozen-prediction descriptive diagnostic; never a new candidate,ECB,year,2022,release,ZERO_TIE,0,0.0,0.0,0,0.0,0.0,0.0,,,0.0,0.0,,
Frozen-prediction descriptive diagnostic; never a new candidate,ECB,year,2023,cell,SIGN_CORRECT,18,0.4,0.4,3,0.75,5.7893430474941665,4.660196960163072,0.8049612748686866,-0.06273033818506081,-1.1291460873310946,-0.13230297464510912,0.3888888888888889,0.6666666666666666
Frozen-prediction descriptive diagnostic; never a new candidate,ECB,year,2023,cell,SIGN_WRONG,27,0.6,0.6,4,1.0,11.379424311095907,21.043118396005497,1.8492252174379917,0.35791459573739237,9.663694084909594,1.1323029746451094,1.0,0.5925925925925926
Frozen-prediction descriptive diagnostic; never a new candidate,ECB,year,2023,cell,ZERO_TIE,0,0.0,0.0,0,0.0,0.0,0.0,,,0.0,0.0,,
Frozen-prediction descriptive diagnostic; never a new candidate,ECB,year,2023,release,SIGN_CORRECT,18,0.4,0.32500000000000007,3,0.75,0.39753829926689416,0.34719205960623845,0.8733549955979086,-0.03872787666204282,-0.05034623966065568,-0.05173131788699798,0.4999999999999999,0.6923076923076921
Frozen-prediction descriptive diagnostic; never a new candidate,ECB,year,2023,release,SIGN_WRONG,27,0.6,0.675,4,1.0,1.1667484348946748,2.1903202121422933,1.8772857512682404,0.37910065823985867,1.0235717772476185,1.051731317886998,1.0000000000000002,0.5370370370370372
Frozen-prediction descriptive diagnostic; never a new candidate,ECB,year,2023,release,ZERO_TIE,0,0.0,0.0,0,0.0,0.0,0.0,,,0.0,0.0,,
Frozen-prediction descriptive diagnostic; never a new candidate,ECB,year,2024,cell,SIGN_CORRECT,12,0.4444444444444444,0.4444444444444444,3,1.0,4.3254564632323715,4.138066428941812,0.9566773967364072,-0.01561583619087994,-0.18739003429055928,-1.4545359525500747,0.08333333333333333,0.08333333333333333
Frozen-prediction descriptive diagnostic; never a new candidate,ECB,year,2024,cell,SIGN_WRONG,15,0.5555555555555556,0.5555555555555556,3,1.0,6.419400619768174,6.735622144240899,1.0492602881800115,0.021081434964848208,0.3162215244727231,2.4545359525500747,1.0,0.0
Frozen-prediction descriptive diagnostic; never a new candidate,ECB,year,2024,cell,ZERO_TIE,0,0.0,0.0,0,0.0,0.0,0.0,,,0.0,0.0,,
Frozen-prediction descriptive diagnostic; never a new candidate,ECB,year,2024,release,SIGN_CORRECT,12,0.4444444444444444,0.4615384615384615,3,1.0,0.616640969382078,0.588543894762203,0.954435277552138,-0.02029233166990966,-0.02809707461987491,10.045905306118716,0.05555555555555556,0.05555555555555556
Frozen-prediction descriptive diagnostic; never a new candidate,ECB,year,2024,release,SIGN_WRONG,15,0.5555555555555556,0.5384615384615384,3,1.0,0.6813234577656713,0.7066236640333468,1.0371339133847597,0.015662032451418208,0.025300206267675568,-9.045905306118716,1.0,0.0
Frozen-prediction descriptive diagnostic; never a new candidate,ECB,year,2024,release,ZERO_TIE,0,0.0,0.0,0,0.0,0.0,0.0,,,0.0,-0.0,,
Frozen-prediction descriptive diagnostic; never a new candidate,ECB,horizon,5,cell,SIGN_CORRECT,23,0.4791666666666667,0.4791666666666667,14,0.7,15.853841643234981,16.96125177805094,1.0698512171205208,0.0481482667311285,1.1074101348159555,0.053007793054161687,0.21739130434782608,0.34782608695652173
Frozen-prediction descriptive diagnostic; never a new candidate,ECB,horizon,5,cell,SIGN_WRONG,25,0.5208333333333334,0.5208333333333334,16,0.8,14.778192546775147,34.562241403365206,2.338732649068595,0.7913619542636026,19.784048856590065,0.9469922069458385,1.0,0.44
Frozen-prediction descriptive diagnostic; never a new candidate,ECB,horizon,5,cell,ZERO_TIE,0,0.0,0.0,0,0.0,0.0,0.0,,,0.0,0.0,,
Frozen-prediction descriptive diagnostic; never a new candidate,ECB,horizon,5,release,SIGN_CORRECT,23,0.4791666666666667,0.4458333333333334,14,0.7,6.530112041499849,7.149842003852619,1.094903419484121,0.06950242568442289,0.6197299623527708,0.06854986678549214,0.2616822429906541,0.3738317757009345
Frozen-prediction descriptive diagnostic; never a new candidate,ECB,horizon,5,release,SIGN_WRONG,25,0.5208333333333334,0.5541666666666666,16,0.8,6.4644478959931675,14.885289293057394,2.302638915580661,0.7597751636448928,8.420841397064228,0.931450133214508,1.0000000000000002,0.44360902255639095
Frozen-prediction descriptive diagnostic; never a new candidate,ECB,horizon,5,release,ZERO_TIE,0,0.0,0.0,0,0.0,0.0,0.0,,,0.0,0.0,,
Frozen-prediction descriptive diagnostic; never a new candidate,ECB,horizon,21,cell,SIGN_CORRECT,24,0.5,0.5,15,0.75,14.880826364048149,17.354752267612547,1.1662492285738488,0.10308024598185007,2.473925903564402,0.1236868151141653,0.3333333333333333,0.4583333333333333
Frozen-prediction descriptive diagnostic; never a new candidate,ECB,horizon,21,cell,SIGN_WRONG,24,0.5,0.5,17,0.85,11.715519820866836,29.243126831549773,2.4961015199226613,0.7303169587784558,17.52760701068294,0.876313184885835,1.0,0.5833333333333334
Frozen-prediction descriptive diagnostic; never a new candidate,ECB,horizon,21,cell,ZERO_TIE,0,0.0,0.0,0,0.0,0.0,0.0,,,0.0,0.0,,
Frozen-prediction descriptive diagnostic; never a new candidate,ECB,horizon,21,release,SIGN_CORRECT,24,0.5,0.45,15,0.75,5.7889627563528965,7.232340585610046,1.2493327198681947,0.16037531436190544,1.443377829257149,0.15700797827335117,0.3888888888888889,0.5
Frozen-prediction descriptive diagnostic; never a new candidate,ECB,horizon,21,release,SIGN_WRONG,24,0.5,0.55,17,0.85,5.37879967005619,13.128444037061103,2.440775794299838,0.704513124273174,7.749644367004914,0.8429920217266489,1.0000000000000002,0.5606060606060606
Frozen-prediction descriptive diagnostic; never a new candidate,ECB,horizon,21,release,ZERO_TIE,0,0.0,0.0,0,0.0,0.0,0.0,,,0.0,0.0,,
Frozen-prediction descriptive diagnostic; never a new candidate,ECB,horizon,63,cell,SIGN_CORRECT,31,0.6739130434782609,0.6739130434782609,17,0.8947368421052632,17.85158089150328,23.16047934350851,1.2973909416914486,0.1712547887743621,5.3088984520052245,0.38144716012183866,0.4838709677419355,0.5806451612903226
Frozen-prediction descriptive diagnostic; never a new candidate,ECB,horizon,63,cell,SIGN_WRONG,15,0.32608695652173914,0.32608695652173914,12,0.631578947368421,9.117543934255439,17.726427568527903,1.944210819969631,0.5739255756181643,8.608883634272464,0.6185528398781611,1.0,0.6
Frozen-prediction descriptive diagnostic; never a new candidate,ECB,horizon,63,cell,ZERO_TIE,0,0.0,0.0,0,0.0,0.0,0.0,,,0.0,0.0,,
Frozen-prediction descriptive diagnostic; never a new candidate,ECB,horizon,63,release,SIGN_CORRECT,31,0.6739130434782609,0.6535087719298248,17,0.8947368421052632,6.863619710802068,9.310994576593203,1.3565720376289816,0.19710401603686983,2.447374865791134,0.38339311197043585,0.523489932885906,0.6241610738255032
Frozen-prediction descriptive diagnostic; never a new candidate,ECB,horizon,63,release,SIGN_WRONG,15,0.32608695652173914,0.3464912280701755,12,0.631578947368421,4.41593318432013,8.352019026033451,1.8913372728757252,0.5978864569691122,3.9360858417133215,0.616606888029564,1.0,0.5443037974683544
Frozen-prediction descriptive diagnostic; never a new candidate,ECB,horizon,63,release,ZERO_TIE,0,0.0,0.0,0,0.0,0.0,0.0,,,0.0,0.0,,
Frozen-prediction descriptive diagnostic; never a new candidate,ECB,horizon,126,cell,SIGN_CORRECT,27,0.6136363636363636,0.6136363636363636,14,0.7368421052631579,21.079152831696135,22.47952030750556,1.0664337645345847,0.05186546206701572,1.4003674758094244,0.10669930268317031,0.37037037037037035,0.5185185185185185
Frozen-prediction descriptive diagnostic; never a new candidate,ECB,horizon,126,cell,SIGN_WRONG,17,0.38636363636363635,0.38636363636363635,10,0.5263157894736842,7.805482090599706,19.529544115211984,2.5020292005706852,0.6896507073301338,11.724062024612275,0.8933006973168298,1.0,0.5294117647058824
Frozen-prediction descriptive diagnostic; never a new candidate,ECB,horizon,126,cell,ZERO_TIE,0,0.0,0.0,0,0.0,0.0,0.0,,,0.0,0.0,,
Frozen-prediction descriptive diagnostic; never a new candidate,ECB,horizon,126,release,SIGN_CORRECT,27,0.6136363636363636,0.605263157894737,14,0.7368421052631579,8.05055747408351,9.124610041148852,1.1334134400658527,0.09339587539698652,1.074052567065345,0.17323637303080275,0.39855072463768115,0.5942028985507246
Frozen-prediction descriptive diagnostic; never a new candidate,ECB,horizon,126,release,SIGN_WRONG,17,0.38636363636363635,0.39473684210526316,10,0.5263157894736842,3.6023452522683788,8.728217956522181,2.422926550703619,0.6834496939005071,5.125872704253803,0.8267636269691973,1.0,0.5222222222222223
Frozen-prediction descriptive diagnostic; never a new candidate,ECB,horizon,126,release,ZERO_TIE,0,0.0,0.0,0,0.0,0.0,0.0,,,0.0,0.0,,
Frozen-prediction descriptive diagnostic; never a new candidate,ECB,horizon,189,cell,SIGN_CORRECT,26,0.6341463414634146,0.6341463414634146,13,0.7222222222222222,21.544120823026425,22.965135382869004,1.0659583452727295,0.054654406147791365,1.4210145598425754,0.11958449193718206,0.2692307692307692,0.46153846153846156
Frozen-prediction descriptive diagnostic; never a new candidate,ECB,horizon,189,cell,SIGN_WRONG,15,0.36585365853658536,0.36585365853658536,11,0.6111111111111112,7.192049111058824,17.65396800540558,2.454650647234879,0.6974612596231172,10.46191889434676,0.880415508062818,1.0,0.4666666666666667
Frozen-prediction descriptive diagnostic; never a new candidate,ECB,horizon,189,cell,ZERO_TIE,0,0.0,0.0,0,0.0,0.0,0.0,,,0.0,0.0,,
Frozen-prediction descriptive diagnostic; never a new candidate,ECB,horizon,189,release,SIGN_CORRECT,26,0.6341463414634146,0.5879629629629629,13,0.7222222222222222,7.882429840433854,8.965885502287799,1.1374519892706474,0.10237376332478203,1.083455661853943,0.18162947046031433,0.2755905511811024,0.41732283464566927
Frozen-prediction descriptive diagnostic; never a new candidate,ECB,horizon,189,release,SIGN_WRONG,15,0.36585365853658536,0.412037037037037,11,0.6111111111111112,3.4431378095695044,8.324879640765985,2.4178177294062024,0.658212381734357,4.881741831196481,0.8183705295396858,1.0,0.48314606741573035
Frozen-prediction descriptive diagnostic; never a new candidate,ECB,horizon,189,release,ZERO_TIE,0,0.0,0.0,0,0.0,0.0,0.0,,,0.0,0.0,,
Frozen-prediction descriptive diagnostic; never a new candidate,SLOOS,all,all,cell,SIGN_CORRECT,1343,0.5133792048929664,0.5133792048929664,33,1.0,950.0362465376493,824.5966068108853,0.8679633117326615,-0.09340256122618291,-125.43963972676366,-0.4382953964320733,0.18540580789277736,0.2956068503350707
Frozen-prediction descriptive diagnostic; never a new candidate,SLOOS,all,all,cell,SIGN_WRONG,1273,0.48662079510703365,0.48662079510703365,33,1.0,977.816833372087,1389.4553260822502,1.420977097817586,0.32336095263956244,411.63849271016295,1.4382953964320735,1.0,0.27965435978004716
Frozen-prediction descriptive diagnostic; never a new candidate,SLOOS,all,all,cell,ZERO_TIE,0,0.0,0.0,0,0.0,0.0,0.0,,,0.0,0.0,,
Frozen-prediction descriptive diagnostic; never a new candidate,SLOOS,all,all,release,SIGN_CORRECT,1343,0.5133792048929664,0.49669589669589675,33,1.0,11.442487808403492,9.89716576289779,0.8649487706361549,-0.09427889596915785,-1.5453220455057006,-0.4193712292889685,0.18360684435571584,0.30139412404463584
Frozen-prediction descriptive diagnostic; never a new candidate,SLOOS,all,all,release,SIGN_WRONG,1273,0.48662079510703365,0.5033041033041034,33,1.0,11.989040336601414,17.2192170826209,1.436246488390922,0.3148994879723264,5.230176746019489,1.4193712292889689,1.0000000000000007,0.3133876848884054
Frozen-prediction descriptive diagnostic; never a new candidate,SLOOS,all,all,release,ZERO_TIE,0,0.0,0.0,0,0.0,0.0,0.0,,,0.0,0.0,,
Frozen-prediction descriptive diagnostic; never a new candidate,SLOOS,year,2017,cell,SIGN_CORRECT,211,0.6393939393939394,0.6393939393939394,5,1.0,142.54263608466724,104.24767419920515,0.7313438074576107,-0.18149271035764034,-38.29496188546211,2.3483093320176938,0.08530805687203792,0.24644549763033174
Frozen-prediction descriptive diagnostic; never a new candidate,SLOOS,year,2017,cell,SIGN_WRONG,119,0.3606060606060606,0.3606060606060606,5,1.0,45.4573092758353,67.44481057110393,1.4836956178344896,0.1847689184476356,21.987501295268636,-1.3483093320176942,1.0,0.48739495798319327
Frozen-prediction descriptive diagnostic; never a new candidate,SLOOS,year,2017,cell,ZERO_TIE,0,0.0,0.0,0,0.0,0.0,0.0,,,0.0,-0.0,,
Frozen-prediction descriptive diagnostic; never a new candidate,SLOOS,year,2017,release,SIGN_CORRECT,211,0.6393939393939394,0.6522222222222224,5,1.0,2.1705992404660917,1.5678582526797413,0.7223158579669805,-0.18482687870790976,-0.6027409877863502,2.3687269480063535,0.08006814310051107,0.2367972742759795
Frozen-prediction descriptive diagnostic; never a new candidate,SLOOS,year,2017,release,SIGN_WRONG,119,0.3606060606060606,0.34777777777777785,5,1.0,0.654330241835865,1.002613455038425,1.532274363821816,0.2002906657394913,0.3482832132025599,-1.3687269480063533,1.0000000000000002,0.5047923322683706
Frozen-prediction descriptive diagnostic; never a new candidate,SLOOS,year,2017,release,ZERO_TIE,0,0.0,0.0,0,0.0,0.0,0.0,,,0.0,-0.0,,
Frozen-prediction descriptive diagnostic; never a new candidate,SLOOS,year,2018,cell,SIGN_CORRECT,173,0.5766666666666667,0.5766666666666667,4,1.0,108.27355159200116,80.9680809554438,0.7478103356260959,-0.15783509038472474,-27.305470636557377,26.064450972532235,0.15606936416184972,0.28901734104046245
Frozen-prediction descriptive diagnostic; never a new candidate,SLOOS,year,2018,cell,SIGN_WRONG,127,0.42333333333333334,0.42333333333333334,4,1.0,91.41412095741343,117.67197809674688,1.28724071143851,0.20675478062467242,26.2578571393334,-25.064450972532235,1.0,0.2755905511811024
Frozen-prediction descriptive diagnostic; never a new candidate,SLOOS,year,2018,cell,ZERO_TIE,0,0.0,0.0,0,0.0,0.0,0.0,,,0.0,-0.0,,
Frozen-prediction descriptive diagnostic; never a new candidate,SLOOS,year,2018,release,SIGN_CORRECT,173,0.5766666666666667,0.5708333333333335,4,1.0,1.537332913238506,1.129732217081731,0.7348650427979624,-0.17851125379128843,-0.4076006961567754,15.99164045160024,0.14963503649635032,0.27372262773722617
Frozen-prediction descriptive diagnostic; never a new candidate,SLOOS,year,2018,release,SIGN_WRONG,127,0.42333333333333334,0.4291666666666668,4,1.0,1.3299253646041507,1.7120377003021965,1.2873186314570222,0.2225897101153668,0.3821123356980465,-14.991640451600235,1.0000000000000007,0.2783171521035598
Frozen-prediction descriptive diagnostic; never a new candidate,SLOOS,year,2018,release,ZERO_TIE,0,0.0,0.0,0,0.0,0.0,0.0,,,0.0,-0.0,,
Frozen-prediction descriptive diagnostic; never a new candidate,SLOOS,year,2019,cell,SIGN_CORRECT,101,0.30606060606060603,0.30606060606060603,6,1.0,63.465711999504585,52.425962985589834,0.8260517582470212,-0.1093044456823243,-11.039749013914754,-0.1314802388465638,0.21782178217821782,0.297029702970297
Frozen-prediction descriptive diagnostic; never a new candidate,SLOOS,year,2019,cell,SIGN_WRONG,229,0.693939393939394,0.693939393939394,6,1.0,210.8831151835633,305.8879460285054,1.4505094244375378,0.4148682569648129,95.00483084494215,1.131480238846564,1.0,0.18340611353711792
Frozen-prediction descriptive diagnostic; never a new candidate,SLOOS,year,2019,cell,ZERO_TIE,0,0.0,0.0,0,0.0,0.0,0.0,,,0.0,0.0,,
Frozen-prediction descriptive diagnostic; never a new candidate,SLOOS,year,2019,release,SIGN_CORRECT,101,0.30606060606060603,0.26759259259259266,6,1.0,0.9420191501579425,0.7869690238921322,0.8354066090484318,-0.09657101289912058,-0.1550501262658103,-0.09000512726454668,0.2664359861591695,0.3564013840830449
Frozen-prediction descriptive diagnostic; never a new candidate,SLOOS,year,2019,release,SIGN_WRONG,229,0.693939393939394,0.7324074074074072,6,1.0,3.8032100544732486,5.68094122101003,1.4937227078289397,0.4272965992119098,1.8777311665367804,1.0900051272645468,1.0000000000000004,0.23008849557522135
Frozen-prediction descriptive diagnostic; never a new candidate,SLOOS,year,2019,release,ZERO_TIE,0,0.0,0.0,0,0.0,0.0,0.0,,,0.0,0.0,,
Frozen-prediction descriptive diagnostic; never a new candidate,SLOOS,year,2020,cell,SIGN_CORRECT,218,0.6055555555555555,0.6055555555555555,5,1.0,132.54560865031303,139.94712977199478,1.0558413152804536,0.03395193175083391,7.4015211216817915,0.11689907696853766,0.3853211009174312,0.5
Frozen-prediction descriptive diagnostic; never a new candidate,SLOOS,year,2020,cell,SIGN_WRONG,142,0.39444444444444443,0.39444444444444443,5,1.0,62.94497981336374,118.85893827988987,1.888298933962882,0.3937602708910291,55.91395846652613,0.8831009230314625,1.0,0.5845070422535211
Frozen-prediction descriptive diagnostic; never a new candidate,SLOOS,year,2020,cell,ZERO_TIE,0,0.0,0.0,0,0.0,0.0,0.0,,,0.0,0.0,,
Frozen-prediction descriptive diagnostic; never a new candidate,SLOOS,year,2020,release,SIGN_CORRECT,218,0.6055555555555555,0.6199999999999999,5,1.0,2.0122555176939554,2.2946876352985597,1.140355991135893,0.09110713471116287,0.28243211760460485,0.2404792788031439,0.41039426523297523,0.5250896057347675
Frozen-prediction descriptive diagnostic; never a new candidate,SLOOS,year,2020,release,SIGN_WRONG,142,0.39444444444444443,0.3800000000000001,5,1.0,0.8196275093243842,1.7116505007431377,2.0883272965716397,0.46948578495723836,0.8920229914187532,0.7595207211968562,1.0000000000000002,0.6169590643274855
Frozen-prediction descriptive diagnostic; never a new candidate,SLOOS,year,2020,release,ZERO_TIE,0,0.0,0.0,0,0.0,0.0,0.0,,,0.0,0.0,,
Frozen-prediction descriptive diagnostic; never a new candidate,SLOOS,year,2021,cell,SIGN_CORRECT,191,0.5305555555555556,0.5305555555555556,5,1.0,209.26202257991605,194.0358322408115,0.9272386353176446,-0.07971827402672584,-15.226190339104635,-0.15126036582183242,0.27225130890052357,0.3612565445026178
Frozen-prediction descriptive diagnostic; never a new candidate,SLOOS,year,2021,cell,SIGN_WRONG,169,0.46944444444444444,0.46944444444444444,5,1.0,193.11367401778767,309.0019925778393,1.6001041570436756,0.6857296956216071,115.8883185600516,1.1512603658218328,1.0,0.3136094674556213
Frozen-prediction descriptive diagnostic; never a new candidate,SLOOS,year,2021,cell,ZERO_TIE,0,0.0,0.0,0,0.0,0.0,0.0,,,0.0,0.0,,
Frozen-prediction descriptive diagnostic; never a new candidate,SLOOS,year,2021,release,SIGN_CORRECT,191,0.5305555555555556,0.49555555555555547,5,1.0,2.5173115339548224,2.4196610565912833,0.9612084257167307,-0.0394105065592756,-0.09765047736353842,-0.05171930567254857,0.2937219730941704,0.3766816143497759
Frozen-prediction descriptive diagnostic; never a new candidate,SLOOS,year,2021,release,SIGN_WRONG,169,0.46944444444444444,0.5044444444444445,5,1.0,3.2971460971180337,5.282882195386747,1.6022590567049495,0.7872962504149085,1.9857360982687136,1.0517193056725487,0.9999999999999997,0.2599118942731278
Frozen-prediction descriptive diagnostic; never a new candidate,SLOOS,year,2021,release,ZERO_TIE,0,0.0,0.0,0,0.0,0.0,0.0,,,0.0,0.0,,
Frozen-prediction descriptive diagnostic; never a new candidate,SLOOS,year,2022,cell,SIGN_CORRECT,146,0.40555555555555556,0.40555555555555556,5,1.0,141.46090828248816,121.74853615032424,0.8606514522528047,-0.13501624748057495,-19.712372132163942,-0.5768682998098867,0.0958904109589041,0.1643835616438356
Frozen-prediction descriptive diagnostic; never a new candidate,SLOOS,year,2022,cell,SIGN_WRONG,214,0.5944444444444444,0.5944444444444444,5,1.0,246.65681114965795,300.54053944519643,1.2184562755205846,0.25179312287634786,53.88372829553844,1.5768682998098869,1.0,0.1308411214953271
Frozen-prediction descriptive diagnostic; never a new candidate,SLOOS,year,2022,cell,ZERO_TIE,0,0.0,0.0,0,0.0,0.0,0.0,,,0.0,0.0,,
Frozen-prediction descriptive diagnostic; never a new candidate,SLOOS,year,2022,release,SIGN_CORRECT,146,0.40555555555555556,0.4366666666666667,5,1.0,1.8562362648687534,1.5619605820601672,0.8414664725724486,-0.13478275548484858,-0.2942756828085861,-0.6131718474907915,0.1119592875318066,0.19338422391857504
Frozen-prediction descriptive diagnostic; never a new candidate,SLOOS,year,2022,release,SIGN_WRONG,214,0.5944444444444444,0.5633333333333332,5,1.0,3.4639495485889533,4.238148900451842,1.2235019133515557,0.27486367521759375,0.774199351862889,1.6131718474907915,0.9999999999999999,0.13806706114398423
Frozen-prediction descriptive diagnostic; never a new candidate,SLOOS,year,2022,release,ZERO_TIE,0,0.0,0.0,0,0.0,0.0,0.0,,,0.0,0.0,,
Frozen-prediction descriptive diagnostic; never a new candidate,SLOOS,year,2023,cell,SIGN_CORRECT,162,0.4909090909090909,0.4909090909090909,5,1.0,79.44593606738742,68.51378675857353,0.8623951098072399,-0.06748240314082646,-10.932149308813885,-0.6453169848083592,0.10493827160493827,0.22839506172839505
Frozen-prediction descriptive diagnostic; never a new candidate,SLOOS,year,2023,cell,SIGN_WRONG,168,0.509090909090909,0.509090909090909,5,1.0,80.73894374409826,108.6118362321118,1.345222406876619,0.16591007433341382,27.872892488013523,1.6453169848083593,1.0,0.20833333333333334
Frozen-prediction descriptive diagnostic; never a new candidate,SLOOS,year,2023,cell,ZERO_TIE,0,0.0,0.0,0,0.0,0.0,0.0,,,0.0,0.0,,
Frozen-prediction descriptive diagnostic; never a new candidate,SLOOS,year,2023,release,SIGN_CORRECT,162,0.4909090909090909,0.49111111111111133,5,1.0,1.0930448481930006,0.9440724828617117,0.8637088262411493,-0.06066747909418994,-0.14897236533128866,-0.5869357432459152,0.11764705882352937,0.23755656108597276
Frozen-prediction descriptive diagnostic; never a new candidate,SLOOS,year,2023,release,SIGN_WRONG,168,0.509090909090909,0.508888888888889,5,1.0,1.1613230099425935,1.5641091309457227,1.3468338417087247,0.15830022222830392,0.4027861210031288,1.5869357432459152,0.9999999999999997,0.2183406113537118
Frozen-prediction descriptive diagnostic; never a new candidate,SLOOS,year,2023,release,ZERO_TIE,0,0.0,0.0,0,0.0,0.0,0.0,,,0.0,0.0,,
Frozen-prediction descriptive diagnostic; never a new candidate,SLOOS,year,2024,cell,SIGN_CORRECT,141,0.573170731707317,0.573170731707317,5,1.0,73.03987128137142,62.70960374894266,0.85856673415218,-0.07326430874062946,-10.330267532428755,-2.296054784324801,0.10638297872340426,0.18439716312056736
Frozen-prediction descriptive diagnostic; never a new candidate,SLOOS,year,2024,cell,SIGN_WRONG,105,0.4268292682926829,0.4268292682926829,5,1.0,46.60787923036741,61.43728485085644,1.3181737908990057,0.14123243448084802,14.829405620489043,3.296054784324802,1.0,0.20952380952380953
Frozen-prediction descriptive diagnostic; never a new candidate,SLOOS,year,2024,cell,ZERO_TIE,0,0.0,0.0,0,0.0,0.0,0.0,,,0.0,0.0,,
Frozen-prediction descriptive diagnostic; never a new candidate,SLOOS,year,2024,release,SIGN_CORRECT,141,0.573170731707317,0.5126373626373626,5,1.0,1.3938911491063928,1.188221745787087,0.852449451701334,-0.08023972433893592,-0.2056694033193055,-2.0171764036186053,0.09581993569131832,0.2226509467667024
Frozen-prediction descriptive diagnostic; never a new candidate,SLOOS,year,2024,release,SIGN_WRONG,105,0.4268292682926829,0.4873626373626373,5,1.0,0.9200443671208638,1.2276728271445587,1.3343626362132628,0.12624211888232795,0.3076284600236947,3.0171764036186044,0.9999999999999998,0.39421270199173236
Frozen-prediction descriptive diagnostic; never a new candidate,SLOOS,year,2024,release,ZERO_TIE,0,0.0,0.0,0,0.0,0.0,0.0,,,0.0,0.0,,
Frozen-prediction descriptive diagnostic; never a new candidate,SLOOS,horizon,5,cell,SIGN_CORRECT,333,0.6098901098901099,0.6098901098901099,32,0.9696969696969697,212.35321937489334,165.47446984437434,0.7792416349113213,-0.14077702561717415,-46.87874953051899,-2.4200849199832724,0.17717717717717718,0.2972972972972973
Frozen-prediction descriptive diagnostic; never a new candidate,SLOOS,horizon,5,cell,SIGN_WRONG,213,0.3901098901098901,0.3901098901098901,28,0.8484848484848485,111.31630714937724,177.56576104792438,1.5951459906916052,0.31103029999317894,66.24945389854712,3.4200849199832724,1.0,0.40375586854460094
Frozen-prediction descriptive diagnostic; never a new candidate,SLOOS,horizon,5,cell,ZERO_TIE,0,0.0,0.0,0,0.0,0.0,0.0,,,0.0,0.0,,
Frozen-prediction descriptive diagnostic; never a new candidate,SLOOS,horizon,5,release,SIGN_CORRECT,333,0.6098901098901099,0.6047979797979799,32,0.9696969696969697,12.46123713649419,9.69580952673458,0.7780776034138109,-0.138560047253091,-2.7654276097596084,-2.404597515070465,0.18649965205288793,0.3173277661795407
Frozen-prediction descriptive diagnostic; never a new candidate,SLOOS,horizon,5,release,SIGN_WRONG,213,0.3901098901098901,0.39520202020202033,28,0.8484848484848485,6.535967736169224,10.451453762120188,1.5990675266469199,0.30022896045630393,3.9154860259509654,3.4045975150704657,0.9999999999999994,0.43024494142704994
Frozen-prediction descriptive diagnostic; never a new candidate,SLOOS,horizon,5,release,ZERO_TIE,0,0.0,0.0,0,0.0,0.0,0.0,,,0.0,0.0,,
Frozen-prediction descriptive diagnostic; never a new candidate,SLOOS,horizon,21,cell,SIGN_CORRECT,282,0.5222222222222223,0.5222222222222223,30,0.9375,184.9919975538266,153.32587554751845,0.8288243684860241,-0.11229121278832684,-31.666122006308168,-1.6892567996698924,0.12056737588652482,0.23049645390070922
Frozen-prediction descriptive diagnostic; never a new candidate,SLOOS,horizon,21,cell,SIGN_WRONG,258,0.4777777777777778,0.4777777777777778,32,1.0,126.4220473083743,176.8337632424359,1.3987573133592364,0.1953942478064404,50.411715934061625,2.6892567996698924,1.0,0.2868217054263566
Frozen-prediction descriptive diagnostic; never a new candidate,SLOOS,horizon,21,cell,ZERO_TIE,0,0.0,0.0,0,0.0,0.0,0.0,,,0.0,0.0,,
Frozen-prediction descriptive diagnostic; never a new candidate,SLOOS,horizon,21,release,SIGN_CORRECT,282,0.5222222222222223,0.506076388888889,30,0.9375,10.529698086385128,8.68815915562868,0.8251099969202771,-0.11371423929199335,-1.8415389307564483,-1.3438146432254419,0.12349914236706688,0.2358490566037735
Frozen-prediction descriptive diagnostic; never a new candidate,SLOOS,horizon,21,release,SIGN_WRONG,258,0.4777777777777778,0.49392361111111116,32,1.0,7.700536745202216,10.912457327952248,1.417103468112298,0.2032146590140617,3.211920582750031,2.343814643225442,1.0,0.29437609841827767
Frozen-prediction descriptive diagnostic; never a new candidate,SLOOS,horizon,21,release,ZERO_TIE,0,0.0,0.0,0,0.0,0.0,0.0,,,0.0,0.0,,
Frozen-prediction descriptive diagnostic; never a new candidate,SLOOS,horizon,63,cell,SIGN_CORRECT,270,0.5113636363636364,0.5113636363636364,30,0.9375,180.05433753204989,150.11938463390024,0.8337448944109931,-0.11087019591907299,-29.934952898149707,-0.8437787879510982,0.14444444444444443,0.25555555555555554
Frozen-prediction descriptive diagnostic; never a new candidate,SLOOS,horizon,63,cell,SIGN_WRONG,258,0.48863636363636365,0.48863636363636365,30,0.9375,194.21724562962783,259.6294507716259,1.3367991597756417,0.2535356788449536,65.41220514199803,1.8437787879510985,1.0,0.23255813953488372
Frozen-prediction descriptive diagnostic; never a new candidate,SLOOS,horizon,63,cell,ZERO_TIE,0,0.0,0.0,0,0.0,0.0,0.0,,,0.0,0.0,,
Frozen-prediction descriptive diagnostic; never a new candidate,SLOOS,horizon,63,release,SIGN_CORRECT,270,0.5113636363636364,0.5026041666666669,30,0.9375,10.446784675617637,8.74324037689445,0.8369312327553579,-0.10591985277035376,-1.7035442987231904,-0.659100930960044,0.15198618307426592,0.26165803108808283
Frozen-prediction descriptive diagnostic; never a new candidate,SLOOS,horizon,63,release,SIGN_WRONG,258,0.48863636363636365,0.49739583333333337,30,0.9375,11.900708030816052,16.188900929931616,1.3603309053555124,0.2694152606774179,4.288192899115568,1.6591009309600442,1.0,0.23734729493891796
Frozen-prediction descriptive diagnostic; never a new candidate,SLOOS,horizon,63,release,ZERO_TIE,0,0.0,0.0,0,0.0,0.0,0.0,,,0.0,0.0,,
Frozen-prediction descriptive diagnostic; never a new candidate,SLOOS,horizon,126,cell,SIGN_CORRECT,236,0.4627450980392157,0.4627450980392157,26,0.8387096774193549,183.49412060229074,159.34755558330716,0.8684068735296463,-0.10231595347026948,-24.146565018983598,-0.2890336636720871,0.2245762711864407,0.3474576271186441
Frozen-prediction descriptive diagnostic; never a new candidate,SLOOS,horizon,126,cell,SIGN_WRONG,274,0.5372549019607843,0.5372549019607843,29,0.9354838709677419,240.73448847117152,348.423450289921,1.4473349975844674,0.39302540809762615,107.68896181874956,1.2890336636720872,1.0,0.24087591240875914
Frozen-prediction descriptive diagnostic; never a new candidate,SLOOS,horizon,126,cell,ZERO_TIE,0,0.0,0.0,0,0.0,0.0,0.0,,,0.0,0.0,,
Frozen-prediction descriptive diagnostic; never a new candidate,SLOOS,horizon,126,release,SIGN_CORRECT,236,0.4627450980392157,0.44623655913978494,26,0.8387096774193549,10.525807112537983,9.171202113289503,0.871306306037575,-0.09792325295772164,-1.354604999248483,-0.2599755706886425,0.2319277108433734,0.35742971887550185
Frozen-prediction descriptive diagnostic; never a new candidate,SLOOS,horizon,126,release,SIGN_WRONG,274,0.5372549019607843,0.553763440860215,29,0.9354838709677419,14.222321142861615,20.787434943611352,1.4616063534780228,0.3824338136359069,6.565113800749735,1.2599755706886424,1.0000000000000002,0.26294498381877024
Frozen-prediction descriptive diagnostic; never a new candidate,SLOOS,horizon,126,release,ZERO_TIE,0,0.0,0.0,0,0.0,0.0,0.0,,,0.0,0.0,,
Frozen-prediction descriptive diagnostic; never a new candidate,SLOOS,horizon,189,cell,SIGN_CORRECT,222,0.45121951219512196,0.45121951219512196,24,0.8,189.14257147458852,196.32932120178535,1.0379964683316276,0.03237274651890462,7.186749727196826,0.055684084372160124,0.2882882882882883,0.36936936936936937
Frozen-prediction descriptive diagnostic; never a new candidate,SLOOS,horizon,189,cell,SIGN_WRONG,270,0.5487804878048781,0.5487804878048781,26,0.8666666666666667,305.1267448135362,427.0029007303426,1.3994279688307403,0.45139317006224666,121.8761559168066,0.9443159156278401,1.0,0.25925925925925924
Frozen-prediction descriptive diagnostic; never a new candidate,SLOOS,horizon,189,cell,ZERO_TIE,0,0.0,0.0,0,0.0,0.0,0.0,,,0.0,0.0,,
Frozen-prediction descriptive diagnostic; never a new candidate,SLOOS,horizon,189,release,SIGN_CORRECT,222,0.45121951219512196,0.43935185185185194,24,0.8,11.160523549989351,11.448348261249842,1.0257895348700523,0.02183706976897269,0.28782471126048736,0.03585187228396247,0.28029504741833494,0.36986301369862995
Frozen-prediction descriptive diagnostic; never a new candidate,SLOOS,horizon,189,release,SIGN_WRONG,270,0.5487804878048781,0.5606481481481481,26,0.8666666666666667,18.213124229949983,25.95346354261522,1.4249869058674123,0.4602018418760505,7.740339312665239,0.9641481277160376,1.0000000000000007,0.27745664739884385
Frozen-prediction descriptive diagnostic; never a new candidate,SLOOS,horizon,189,release,ZERO_TIE,0,0.0,0.0,0,0.0,0.0,0.0,,,0.0,0.0,,
Frozen-prediction descriptive diagnostic; never a new candidate,SPD,all,all,cell,SIGN_CORRECT,365,0.6612318840579711,0.6612318840579711,40,0.975609756097561,479.305217681339,493.2472083391981,1.0290879175597214,0.03819723467906608,13.941990657859119,0.05942120740862324,0.336986301369863,0.4904109589041096
Frozen-prediction descriptive diagnostic; never a new candidate,SPD,all,all,cell,SIGN_WRONG,187,0.338768115942029,0.338768115942029,34,0.8292682926829268,78.23140783792604,298.9192953981902,3.8209627521655847,1.180149131338311,220.68788756026416,0.9405787925913767,1.0,0.7112299465240641
Frozen-prediction descriptive diagnostic; never a new candidate,SPD,all,all,cell,ZERO_TIE,0,0.0,0.0,0,0.0,0.0,0.0,,,0.0,0.0,,
Frozen-prediction descriptive diagnostic; never a new candidate,SPD,all,all,release,SIGN_CORRECT,365,0.6612318840579711,0.6638598528842431,40,0.975609756097561,33.524059644521635,34.68693135170881,1.0346876756430423,0.04272396416549948,1.1628717071871466,0.062374385562149026,0.3449919813383875,0.5186324537104533
Frozen-prediction descriptive diagnostic; never a new candidate,SPD,all,all,release,SIGN_WRONG,187,0.338768115942029,0.33614014711575685,34,0.8292682926829268,5.988425505054159,23.468971231269638,3.9190553863385476,1.268383968616845,17.480545726215485,0.937625614437851,0.9999999999999998,0.7061906133026201
Frozen-prediction descriptive diagnostic; never a new candidate,SPD,all,all,release,ZERO_TIE,0,0.0,0.0,0,0.0,0.0,0.0,,,0.0,0.0,,
Frozen-prediction descriptive diagnostic; never a new candidate,SPD,year,2020,cell,SIGN_CORRECT,79,0.6583333333333333,0.6583333333333333,9,1.0,51.41841942289633,56.99521231582734,1.1084590494130921,0.07059231510039232,5.576792892930993,0.2682670337267385,0.4936708860759494,0.6582278481012658
Frozen-prediction descriptive diagnostic; never a new candidate,SPD,year,2020,cell,SIGN_WRONG,41,0.3416666666666667,0.3416666666666667,8,0.8888888888888888,10.954591757656106,26.166014306103616,2.388588720142522,0.3710103060596955,15.211422548447516,0.7317329662732617,1.0,0.7560975609756098
Frozen-prediction descriptive diagnostic; never a new candidate,SPD,year,2020,cell,ZERO_TIE,0,0.0,0.0,0,0.0,0.0,0.0,,,0.0,0.0,,
Frozen-prediction descriptive diagnostic; never a new candidate,SPD,year,2020,release,SIGN_CORRECT,79,0.6583333333333333,0.6611111111111106,9,1.0,4.42770982637073,4.672205148089758,1.0552193642552754,0.041091650709080545,0.24449532171902918,0.16860465351287385,0.45378151260504224,0.6134453781512607
Frozen-prediction descriptive diagnostic; never a new candidate,SPD,year,2020,release,SIGN_WRONG,41,0.3416666666666667,0.3388888888888888,8,0.8888888888888888,0.7581958443805398,1.9638106864379847,2.5901100632415823,0.39528355477293275,1.205614842057445,0.8313953464871262,1.0000000000000002,0.7868852459016396
Frozen-prediction descriptive diagnostic; never a new candidate,SPD,year,2020,release,ZERO_TIE,0,0.0,0.0,0,0.0,0.0,0.0,,,0.0,0.0,,
Frozen-prediction descriptive diagnostic; never a new candidate,SPD,year,2021,cell,SIGN_CORRECT,92,0.7666666666666667,0.7666666666666667,9,1.0,209.86309871901796,149.61548540464298,0.712919452337643,-0.6548653621127715,-60.24761331437497,1.1551487137415295,0.09782608695652174,0.18478260869565216
Frozen-prediction descriptive diagnostic; never a new candidate,SPD,year,2021,cell,SIGN_WRONG,28,0.23333333333333334,0.23333333333333334,8,0.8888888888888888,10.63295471866241,18.724847650306042,1.7610201628566293,0.28899617613012973,8.091892931643633,-0.15514871374152936,1.0,0.5714285714285714
Frozen-prediction descriptive diagnostic; never a new candidate,SPD,year,2021,cell,ZERO_TIE,0,0.0,0.0,0,0.0,0.0,0.0,,,0.0,-0.0,,
Frozen-prediction descriptive diagnostic; never a new candidate,SPD,year,2021,release,SIGN_CORRECT,92,0.7666666666666667,0.772222222222222,9,1.0,15.686714424895685,11.199723495412218,0.7139623500532168,-0.6456102056810741,-4.486990929483464,1.1465210110588908,0.09352517985611512,0.18705035971223025
Frozen-prediction descriptive diagnostic; never a new candidate,SPD,year,2021,release,SIGN_WRONG,28,0.23333333333333334,0.22777777777777777,8,0.8888888888888888,0.7795177687471865,1.352938090972943,1.7356090460225653,0.2797172303540275,0.5734203222257565,-0.1465210110588908,1.0000000000000002,0.5853658536585367
Frozen-prediction descriptive diagnostic; never a new candidate,SPD,year,2021,release,ZERO_TIE,0,0.0,0.0,0,0.0,0.0,0.0,,,0.0,-0.0,,
Frozen-prediction descriptive diagnostic; never a new candidate,SPD,year,2022,cell,SIGN_CORRECT,94,0.7833333333333333,0.7833333333333333,9,1.0,162.55985309615915,117.66032170838507,0.7237969244397962,-0.4776545892316392,-44.89953138777409,2.176679476803577,0.18085106382978725,0.39361702127659576
Frozen-prediction descriptive diagnostic; never a new candidate,SPD,year,2022,cell,SIGN_WRONG,26,0.21666666666666667,0.21666666666666667,5,0.5555555555555556,14.098236473717312,38.37023318481571,2.721633535963704,0.9335383350422461,24.2719967110984,-1.1766794768035773,1.0,0.6153846153846154
Frozen-prediction descriptive diagnostic; never a new candidate,SPD,year,2022,cell,ZERO_TIE,0,0.0,0.0,0,0.0,0.0,0.0,,,0.0,-0.0,,
Frozen-prediction descriptive diagnostic; never a new candidate,SPD,year,2022,release,SIGN_CORRECT,94,0.7833333333333333,0.783333333333333,9,1.0,12.74389773465215,9.444586126382482,0.7411065533507498,-0.46798746216591014,-3.2993116082696656,2.8448986077057468,0.17730496453900718,0.39007092198581583
Frozen-prediction descriptive diagnostic; never a new candidate,SPD,year,2022,release,SIGN_WRONG,26,0.21666666666666667,0.21666666666666665,5,0.5555555555555556,1.0163736893717759,3.155956230555155,3.105114057513495,1.0972218159914762,2.139582541183379,-1.8448986077057479,1.0000000000000004,0.6666666666666667
Frozen-prediction descriptive diagnostic; never a new candidate,SPD,year,2022,release,ZERO_TIE,0,0.0,0.0,0,0.0,0.0,0.0,,,0.0,-0.0,,
Frozen-prediction descriptive diagnostic; never a new candidate,SPD,year,2023,cell,SIGN_CORRECT,56,0.509090909090909,0.509090909090909,8,0.8888888888888888,31.448671835013577,145.5785903491225,4.629085486117148,2.0380342591805163,114.12991851410891,0.4302655373551789,0.7321428571428571,0.7678571428571429
Frozen-prediction descriptive diagnostic; never a new candidate,SPD,year,2023,cell,SIGN_WRONG,54,0.4909090909090909,0.4909090909090909,9,1.0,22.896948756375494,174.0216430463965,7.600211054232341,2.798605449815204,151.124694290021,0.5697344626448209,1.0,0.8148148148148148
Frozen-prediction descriptive diagnostic; never a new candidate,SPD,year,2023,cell,ZERO_TIE,0,0.0,0.0,0,0.0,0.0,0.0,,,0.0,0.0,,
Frozen-prediction descriptive diagnostic; never a new candidate,SPD,year,2023,release,SIGN_CORRECT,56,0.509090909090909,0.4722222222222223,8,0.8888888888888888,2.089950620241754,10.923578971735344,5.226716299388817,2.078500788586728,8.833628351493594,0.3990097173014471,0.7411764705882354,0.7764705882352942
Frozen-prediction descriptive diagnostic; never a new candidate,SPD,year,2023,release,SIGN_WRONG,54,0.4909090909090909,0.5277777777777776,9,1.0,1.9276474920062514,15.232899394448662,7.9023262591411925,2.8011056636720886,13.305251902442413,0.600990282698553,1.0000000000000002,0.8105263157894742
Frozen-prediction descriptive diagnostic; never a new candidate,SPD,year,2023,release,ZERO_TIE,0,0.0,0.0,0,0.0,0.0,0.0,,,0.0,0.0,,
Frozen-prediction descriptive diagnostic; never a new candidate,SPD,year,2024,cell,SIGN_CORRECT,44,0.5365853658536586,0.5365853658536586,9,1.0,24.015174608252,23.397598561220278,0.9742839243475867,-0.014035819250720876,-0.6175760470317185,-0.0288987941962608,0.38636363636363635,0.6818181818181818
Frozen-prediction descriptive diagnostic; never a new candidate,SPD,year,2024,cell,SIGN_WRONG,38,0.4634146341463415,0.4634146341463415,7,0.7777777777777778,19.648676131514733,41.636557210568384,2.1190515295728773,0.5786284494487802,21.987881079053647,1.0288987941962604,1.0,0.6842105263157895
Frozen-prediction descriptive diagnostic; never a new candidate,SPD,year,2024,cell,ZERO_TIE,0,0.0,0.0,0,0.0,0.0,0.0,,,0.0,0.0,,
Frozen-prediction descriptive diagnostic; never a new candidate,SPD,year,2024,release,SIGN_CORRECT,44,0.5365853658536586,0.5853615520282186,9,1.0,2.4110912032917016,2.4225933490615374,1.0047705145927839,0.0021832937134668422,0.011502145769835631,0.0048031031714120005,0.47265742693582413,0.7718439288942455
Frozen-prediction descriptive diagnostic; never a new candidate,SPD,year,2024,release,SIGN_WRONG,38,0.4634146341463415,0.4146384479717813,7,0.7777777777777778,2.0900002826551067,4.473230325503711,2.140301301692162,0.6386367192661085,2.3832300428486053,0.9951968968285883,1.0,0.6518502764780943
Frozen-prediction descriptive diagnostic; never a new candidate,SPD,year,2024,release,ZERO_TIE,0,0.0,0.0,0,0.0,0.0,0.0,,,0.0,0.0,,
Frozen-prediction descriptive diagnostic; never a new candidate,SPD,horizon,5,cell,SIGN_CORRECT,63,0.5338983050847458,0.5338983050847458,31,0.7560975609756098,56.017620175600484,42.719643961352446,0.762610832581563,-0.21107898752774631,-13.297976214248019,-2.785621607740777,0.23809523809523808,0.3492063492063492
Frozen-prediction descriptive diagnostic; never a new candidate,SPD,horizon,5,cell,SIGN_WRONG,55,0.4661016949152542,0.4661016949152542,28,0.6829268292682927,25.70511118758406,43.77687870833802,1.7030417954186048,0.3285775912864356,18.07176752075396,3.785621607740777,1.0,0.5454545454545454
Frozen-prediction descriptive diagnostic; never a new candidate,SPD,horizon,5,cell,ZERO_TIE,0,0.0,0.0,0,0.0,0.0,0.0,,,0.0,0.0,,
Frozen-prediction descriptive diagnostic; never a new candidate,SPD,horizon,5,release,SIGN_CORRECT,63,0.5338983050847458,0.5487804878048781,31,0.7560975609756098,17.492995971743937,13.287109223423625,0.7595673859918569,-0.18692829992534704,-4.205886748320308,-2.1935466348648114,0.26666666666666666,0.4111111111111111
Frozen-prediction descriptive diagnostic; never a new candidate,SPD,horizon,5,release,SIGN_WRONG,55,0.4661016949152542,0.45121951219512196,28,0.6829268292682927,8.796482130297084,14.91975995728006,1.6961052994006565,0.3309879906477285,6.123277826982977,3.193546634864811,1.0,0.5
Frozen-prediction descriptive diagnostic; never a new candidate,SPD,horizon,5,release,ZERO_TIE,0,0.0,0.0,0,0.0,0.0,0.0,,,0.0,0.0,,
Frozen-prediction descriptive diagnostic; never a new candidate,SPD,horizon,21,cell,SIGN_CORRECT,66,0.5689655172413793,0.5689655172413793,31,0.775,53.088464725547546,47.58534453796181,0.8963405663351668,-0.08338060890281418,-5.503120187585735,-0.22888971631021887,0.3484848484848485,0.48484848484848486
Frozen-prediction descriptive diagnostic; never a new candidate,SPD,horizon,21,cell,SIGN_WRONG,50,0.43103448275862066,0.43103448275862066,25,0.625,22.40443095088505,51.950222326578015,2.3187476816734685,0.5909158275138593,29.545791375692964,1.228889716310219,1.0,0.6
Frozen-prediction descriptive diagnostic; never a new candidate,SPD,horizon,21,cell,ZERO_TIE,0,0.0,0.0,0,0.0,0.0,0.0,,,0.0,0.0,,
Frozen-prediction descriptive diagnostic; never a new candidate,SPD,horizon,21,release,SIGN_CORRECT,66,0.5689655172413793,0.58125,31,0.775,17.799573140600184,16.46875576822614,0.9252331861072275,-0.05723945687630317,-1.3308173723740486,-0.13734348323589093,0.34408602150537637,0.4946236559139785
Frozen-prediction descriptive diagnostic; never a new candidate,SPD,horizon,21,release,SIGN_WRONG,50,0.43103448275862066,0.41875,25,0.625,7.230084539081523,18.2506035341262,2.5242586632942294,0.6579414325399807,11.020518995044677,1.137343483235891,1.0,0.6716417910447762
Frozen-prediction descriptive diagnostic; never a new candidate,SPD,horizon,21,release,ZERO_TIE,0,0.0,0.0,0,0.0,0.0,0.0,,,0.0,0.0,,
Frozen-prediction descriptive diagnostic; never a new candidate,SPD,horizon,63,cell,SIGN_CORRECT,74,0.6607142857142857,0.6607142857142857,30,0.7692307692307693,89.16866135681695,83.68370892640931,0.9384878908469975,-0.07412097878929268,-5.484952430407658,-0.11860679525861427,0.3918918918918919,0.4594594594594595
Frozen-prediction descriptive diagnostic; never a new candidate,SPD,horizon,63,cell,SIGN_WRONG,38,0.3392857142857143,0.3392857142857143,22,0.5641025641025641,14.77602543644882,66.5058192222618,4.500927499637914,1.3613103627845522,51.72979378581298,1.118606795258614,1.0,0.868421052631579
Frozen-prediction descriptive diagnostic; never a new candidate,SPD,horizon,63,cell,ZERO_TIE,0,0.0,0.0,0,0.0,0.0,0.0,,,0.0,0.0,,
Frozen-prediction descriptive diagnostic; never a new candidate,SPD,horizon,63,release,SIGN_CORRECT,74,0.6607142857142857,0.6346153846153846,30,0.7692307692307693,32.28795841297536,30.2932951586002,0.9382226888159774,-0.08059245472222867,-1.9946632543751597,-0.10644315213683611,0.35353535353535354,0.43434343434343436
Frozen-prediction descriptive diagnostic; never a new candidate,SPD,horizon,63,release,SIGN_WRONG,38,0.3392857142857143,0.36538461538461536,22,0.5641025641025641,5.583390777519958,26.31728914784655,4.71349583013357,1.4550104119527434,20.733898370326592,1.1064431521368363,1.0,0.8596491228070176
Frozen-prediction descriptive diagnostic; never a new candidate,SPD,horizon,63,release,ZERO_TIE,0,0.0,0.0,0,0.0,0.0,0.0,,,0.0,0.0,,
Frozen-prediction descriptive diagnostic; never a new candidate,SPD,horizon,126,cell,SIGN_CORRECT,81,0.7641509433962265,0.7641509433962265,32,0.8648648648648649,121.9648980703915,123.83265634860678,1.0153139002103484,0.02305874417549723,1.8677582782152757,0.03206829174636456,0.24691358024691357,0.5185185185185185
Frozen-prediction descriptive diagnostic; never a new candidate,SPD,horizon,126,cell,SIGN_WRONG,25,0.2358490566037736,0.2358490566037736,14,0.3783783783783784,9.280690374998002,65.6560805933663,7.074482386595128,2.2550156087347317,56.37539021836829,0.9679317082536355,1.0,0.96
Frozen-prediction descriptive diagnostic; never a new candidate,SPD,horizon,126,cell,ZERO_TIE,0,0.0,0.0,0,0.0,0.0,0.0,,,0.0,0.0,,
Frozen-prediction descriptive diagnostic; never a new candidate,SPD,horizon,126,release,SIGN_CORRECT,81,0.7641509433962265,0.7635135135135135,32,0.8648648648648649,42.357101858341906,43.07154804936927,1.0168672113927137,0.025290130655836282,0.7144461910273749,0.03225531278129889,0.23893805309734514,0.5309734513274337
Frozen-prediction descriptive diagnostic; never a new candidate,SPD,horizon,126,release,SIGN_WRONG,25,0.2358490566037736,0.23648648648648649,14,0.3783783783783784,3.0014458406517512,24.436721026426508,8.141649832708685,2.4497457355171144,21.435275185774753,0.967744687218701,1.0,0.9714285714285714
Frozen-prediction descriptive diagnostic; never a new candidate,SPD,horizon,126,release,ZERO_TIE,0,0.0,0.0,0,0.0,0.0,0.0,,,0.0,0.0,,
Frozen-prediction descriptive diagnostic; never a new candidate,SPD,horizon,189,cell,SIGN_CORRECT,81,0.81,0.81,31,0.8857142857142857,159.06557335298254,195.42585456486776,1.2285867422185572,0.4488923606405588,36.360281211885265,0.3588465668823284,0.4444444444444444,0.6049382716049383
Frozen-prediction descriptive diagnostic; never a new candidate,SPD,horizon,189,cell,SIGN_WRONG,19,0.19,0.19,10,0.2857142857142857,6.0651498880101125,71.03029454764608,11.711218330821843,3.419218139980841,64.96514465963598,0.6411534331176715,1.0,0.8421052631578947
Frozen-prediction descriptive diagnostic; never a new candidate,SPD,horizon,189,cell,ZERO_TIE,0,0.0,0.0,0,0.0,0.0,0.0,,,0.0,0.0,,
Frozen-prediction descriptive diagnostic; never a new candidate,SPD,horizon,189,release,SIGN_CORRECT,81,0.81,0.8,31,0.8857142857142857,53.92618674373563,67.68133841633527,1.255073694306737,0.49125541687855845,13.755151672599636,0.3509094648679579,0.4375,0.5892857142857143
Frozen-prediction descriptive diagnostic; never a new candidate,SPD,horizon,189,release,SIGN_WRONG,19,0.19,0.2,10,0.2857142857142857,2.0976718736719966,27.541097183814898,13.129363810176812,3.6347750443061284,25.4434253101429,0.649090535132042,1.0,0.8571428571428571
Frozen-prediction descriptive diagnostic; never a new candidate,SPD,horizon,189,release,ZERO_TIE,0,0.0,0.0,0,0.0,0.0,0.0,,,0.0,0.0,,
