subgroup,model,status,cards,cells,geometric_composite_ratio,arithmetic_composite_ratio,perfect_residual_location_ratio,oracle_capture_fraction,card_wins,single_wins,multi_wins,marginal_ratio,marginal_baseline_mean,marginal_candidate_mean,joint_ratio,joint_baseline_mean,joint_candidate_mean,tail_ratio,tail_baseline_mean,tail_candidate_mean,delta_mse,delta_r2,pearson,spearman,sign_accuracy,calibration_slope,calibration_intercept,mean_abs_shift_over_sd,sign_convention,cap_hits
growth,B0,NOT_APPLICABLE,0,,,,,,,,,,,,,,,,,,,,,,,,,,,
growth,B1,NOT_APPLICABLE,0,,,,,,,,,,,,,,,,,,,,,,,,,,,
growth,B2,NOT_APPLICABLE,0,,,,,,,,,,,,,,,,,,,,,,,,,,,
growth,B3,NOT_APPLICABLE,0,,,,,,,,,,,,,,,,,,,,,,,,,,,
growth,B4,NOT_APPLICABLE,0,,,,,,,,,,,,,,,,,,,,,,,,,,,
growth,B5,NOT_APPLICABLE,0,,,,,,,,,,,,,,,,,,,,,,,,,,,
growth,R0,NOT_APPLICABLE,0,,,,,,,,,,,,,,,,,,,,,,,,,,,
growth,R1,NOT_APPLICABLE,0,,,,,,,,,,,,,,,,,,,,,,,,,,,
growth,R2,NOT_APPLICABLE,0,,,,,,,,,,,,,,,,,,,,,,,,,,,
growth,R3,NOT_APPLICABLE,0,,,,,,,,,,,,,,,,,,,,,,,,,,,
inflation,B0,SUPPRESSED_SINGLE_CARD_PUBLIC_FIREWALL,1,4,,,,,,,,,,,,,,,,,,,,,,,,,,
inflation,B1,SUPPRESSED_SINGLE_CARD_PUBLIC_FIREWALL,1,4,,,,,,,,,,,,,,,,,,,,,,,,,,
inflation,B2,SUPPRESSED_SINGLE_CARD_PUBLIC_FIREWALL,1,4,,,,,,,,,,,,,,,,,,,,,,,,,,
inflation,B3,SUPPRESSED_SINGLE_CARD_PUBLIC_FIREWALL,1,4,,,,,,,,,,,,,,,,,,,,,,,,,,
inflation,B4,SUPPRESSED_SINGLE_CARD_PUBLIC_FIREWALL,1,4,,,,,,,,,,,,,,,,,,,,,,,,,,
inflation,B5,SUPPRESSED_SINGLE_CARD_PUBLIC_FIREWALL,1,4,,,,,,,,,,,,,,,,,,,,,,,,,,
inflation,R0,SUPPRESSED_SINGLE_CARD_PUBLIC_FIREWALL,1,4,,,,,,,,,,,,,,,,,,,,,,,,,,
inflation,R1,SUPPRESSED_SINGLE_CARD_PUBLIC_FIREWALL,1,4,,,,,,,,,,,,,,,,,,,,,,,,,,
inflation,R2,SUPPRESSED_SINGLE_CARD_PUBLIC_FIREWALL,1,4,,,,,,,,,,,,,,,,,,,,,,,,,,
inflation,R3,SUPPRESSED_SINGLE_CARD_PUBLIC_FIREWALL,1,4,,,,,,,,,,,,,,,,,,,,,,,,,,
labor,B0,NOT_APPLICABLE,0,,,,,,,,,,,,,,,,,,,,,,,,,,,
labor,B1,NOT_APPLICABLE,0,,,,,,,,,,,,,,,,,,,,,,,,,,,
labor,B2,NOT_APPLICABLE,0,,,,,,,,,,,,,,,,,,,,,,,,,,,
labor,B3,NOT_APPLICABLE,0,,,,,,,,,,,,,,,,,,,,,,,,,,,
labor,B4,NOT_APPLICABLE,0,,,,,,,,,,,,,,,,,,,,,,,,,,,
labor,B5,NOT_APPLICABLE,0,,,,,,,,,,,,,,,,,,,,,,,,,,,
labor,R0,NOT_APPLICABLE,0,,,,,,,,,,,,,,,,,,,,,,,,,,,
labor,R1,NOT_APPLICABLE,0,,,,,,,,,,,,,,,,,,,,,,,,,,,
labor,R2,NOT_APPLICABLE,0,,,,,,,,,,,,,,,,,,,,,,,,,,,
labor,R3,NOT_APPLICABLE,0,,,,,,,,,,,,,,,,,,,,,,,,,,,
monetary_policy,B0,,9,22,1.0,1.0,0.8548816271214468,0.0,0,0,0,1.0,1.1614794595649256,1.1614794595649256,1.0,0.5145514607940025,0.5145514607940025,1.0,0.12152360442822424,0.12152360442822424,0.8500972828862849,-0.08044139403753303,,,0.0,,0.2515784869585719,0.0,zero prediction only matches exactly zero truth,0
monetary_policy,B1,,9,22,1.2899310837297109,1.6046779489799226,0.8548816271214468,-1.9978937055223782,2,1,1,1.212137155743977,1.1614794595649256,1.637746549969587,1.328496331977357,0.5145514607940025,0.6610199684241601,1.4560530365363817,0.12152360442822424,0.2157308670213259,3.731169129462801,-3.742174403780389,0.1698342147304843,-0.065047560729449,0.4090909090909091,0.13159255458918187,0.4035802514556292,1.1987121003747108,zero prediction only matches exactly zero truth,0
monetary_policy,B2,,9,22,1.0472048840401573,1.103109995300116,0.8548816271214468,-0.32528537292560594,2,1,1,0.9825804507342643,1.1614794595649256,1.4916576514069984,1.1244149552272875,0.5145514607940025,0.5668879916554652,1.131466315950326,0.12152360442822424,0.18375522061846838,1.2246166680069417,-0.5564413233397072,0.09330948921225247,-0.3461459481674251,0.4090909090909091,0.23950331450320497,0.33810543489211636,0.36324446677632566,zero prediction only matches exactly zero truth,0
monetary_policy,B3,,9,22,1.0147657627883258,1.0348842536233196,0.8548816271214468,-0.10174978188794148,4,3,1,1.036463626963564,1.1614794595649256,1.1688051279894676,1.0115832099256903,0.5145514607940025,0.5286197428459728,0.9801941697607668,0.12152360442822424,0.10370014073656415,0.9850153215497502,-0.2519171024169746,0.3707974244446733,0.07434006940508459,0.5,0.6603238108977589,0.4334668421556832,0.3569674916880537,zero prediction only matches exactly zero truth,0
monetary_policy,B4,,9,22,1.1688502742898752,1.2308433488176695,0.8548816271214468,-1.1635347815757469,2,2,0,1.1470410712627805,1.1614794595649256,1.3210252666445736,1.4477495747226108,0.5145514607940025,0.5845069245625695,1.0847260625269226,0.12152360442822424,0.1343794016314236,1.349424468549245,-0.7150673026474457,0.11554246109083524,-0.2950371504514294,0.36363636363636365,0.17326463577576173,0.30811966910704747,0.4845969078674258,zero prediction only matches exactly zero truth,0
monetary_policy,B5,,9,22,1.4099306633579167,2.1333723799470468,0.8548816271214468,-2.8248019546152148,3,2,1,1.2228359457880251,1.1614794595649256,0.9953369918523981,1.5164402816725138,0.5145514607940025,0.5747508161612072,0.9935960021982487,0.12152360442822424,0.08401243399441986,1.6377165689985511,-1.081475624577258,0.006355100527510104,-0.2299866723763192,0.3181818181818182,0.007107283126157315,0.25320471352971957,0.5468032169647773,zero prediction only matches exactly zero truth,0
monetary_policy,R0,,9,22,1.0,1.0,0.8548816271214468,0.0,0,0,0,1.0,1.1614794595649256,1.1614794595649256,1.0,0.5145514607940025,0.5145514607940025,1.0,0.12152360442822424,0.12152360442822424,0.8500972828862849,-0.08044139403753303,,,0.0,,0.2515784869585719,0.0,zero prediction only matches exactly zero truth,0
monetary_policy,R1,,9,22,1.038242159646507,1.062397151339201,0.8548816271214468,-0.26352390044030566,1,1,0,1.0858662639902634,1.1614794595649256,1.1872192087425941,0.7639391740958548,0.5145514607940025,0.5145236884728036,1.0,0.12152360442822424,0.12152360442822424,0.975952625981008,-0.24039876018585415,0.041149800192829836,-0.07467814849784898,0.045454545454545456,0.12405455787982879,0.2640627251585463,0.11230991633672788,zero prediction only matches exactly zero truth,0
monetary_policy,R2,,9,22,0.9992644940457469,1.0049131982825885,0.8548816271214468,0.005068317261719999,1,1,0,1.003744938384711,1.1614794595649256,1.1595760593227684,1.005611877651394,0.5145514607940025,0.5145525260297484,1.0,0.12152360442822424,0.12152360442822424,0.8693707831071019,-0.1049372815856735,0.07360714378878364,-0.06796550593624456,0.045454545454545456,0.5578437545356784,0.2730597845022765,0.050182585266212505,zero prediction only matches exactly zero truth,0
monetary_policy,R3,,9,22,1.062563252792404,1.1804483114286937,0.8548816271214468,-0.4311187587857123,3,2,1,0.9463752936761383,1.1614794595649256,1.0627918808747934,1.350141027633137,0.5145514607940025,0.5278063814321118,0.9704845261326955,0.12152360442822424,0.09191248723874389,1.0723283153522276,-0.3628886049034237,0.01767492720180532,-0.19137162615017178,0.3181818181818182,0.04058515680103958,0.2570030790203388,0.27844715018234967,zero prediction only matches exactly zero truth,0
rates,B0,,11,37,1.0,1.0,0.6168448352450784,0.0,0,0,0,1.0,0.47438519516232935,0.47438519516232935,1.0,0.8987030061476808,0.8987030061476808,1.0,0.06882509651842263,0.06882509651842263,3.229143379083899,-0.1083514513328856,,,0.0,,-0.5618524561322571,0.0,zero prediction only matches exactly zero truth,0
rates,B1,,11,37,1.3927694965899204,1.6756272321292471,0.6168448352450784,-1.0250925283524455,2,1,1,1.4308767703122467,0.47438519516232935,0.7979881446911101,1.2357456917176208,0.8987030061476808,0.9905564110450044,1.3587829545271324,0.06882509651842263,0.12220662270619399,5.293412009964651,-0.8168784086049758,-0.17576660712960712,-0.20438516868517537,0.2972972972972973,-0.2366023394518908,-0.6696811493977578,0.9566357965460852,zero prediction only matches exactly zero truth,0
rates,B2,,11,37,1.1421804840820127,1.2294132185328066,0.6168448352450784,-0.3710780831388659,2,1,1,1.1712651219471395,0.47438519516232935,0.6218362215353193,1.0776795583677925,0.8987030061476808,0.9157940027675409,1.0706128341731351,0.06882509651842263,0.08329682725448195,3.6916479395392168,-0.2670986919011129,-0.13508488497334017,-0.4264748864550417,0.2972972972972973,-0.4462209738639596,-0.5794634306462407,0.400714960513354,zero prediction only matches exactly zero truth,0
rates,B3,,11,37,1.1330348944065751,1.2089066537569395,0.6168448352450784,-0.3472089290292316,3,2,1,1.175413151528532,0.47438519516232935,0.5563644043870947,1.0023104221871184,0.8987030061476808,0.889666019016722,1.026901526628055,0.06882509651842263,0.07024085238652376,3.5209971726810805,-0.20852556494013408,-0.1299088069347642,-0.35854722874234946,0.32432432432432434,-0.5314542241891171,-0.5955675977571968,0.3275559067085128,zero prediction only matches exactly zero truth,0
rates,B4,,11,37,1.3271225260064183,1.4944524832899686,0.6168448352450784,-0.8537599283456259,1,1,0,1.3483510037170927,0.47438519516232935,0.6975286578026803,1.3302475304693107,0.8987030061476808,0.9178595164813106,1.1184262454302225,0.06882509651842263,0.10056101670713659,4.366501205198617,-0.49873120511659375,-0.3042947900995646,-0.40118267347691167,0.24324324324324326,-0.7881157581686408,-0.5491127521574073,0.5684882849243864,zero prediction only matches exactly zero truth,0
rates,B5,,11,37,1.8647904542607054,2.52624230876918,0.6168448352450784,-2.257024134892853,1,1,0,1.6122187338877685,0.47438519516232935,0.6609623785639354,1.7373036255396057,0.8987030061476808,0.8892664713331638,1.4093177147331688,0.06882509651842263,0.11756325190526401,5.9259872830896745,-1.033999681877246,-0.5754996242466659,-0.5868464686966315,0.21621621621621623,-1.1332832787790486,-0.35180975559477373,0.7222525197043042,zero prediction only matches exactly zero truth,0
rates,R0,,11,37,1.0,1.0,0.6168448352450784,0.0,0,0,0,1.0,0.47438519516232935,0.47438519516232935,1.0,0.8987030061476808,0.8987030061476808,1.0,0.06882509651842263,0.06882509651842263,3.229143379083899,-0.1083514513328856,,,0.0,,-0.5618524561322571,0.0,zero prediction only matches exactly zero truth,0
rates,R1,,11,37,0.9889985559069618,1.0761371908201314,0.6168448352450784,0.028712764710022994,3,2,1,1.0456485233774702,0.47438519516232935,0.4922018005755659,0.8766904665408027,0.8987030061476808,1.0423374222024029,0.9150816526372433,0.06882509651842263,0.06617525077167369,3.3844154936610593,-0.1616461036105883,-0.050257964512613724,0.30757235721023396,0.40540540540540543,-0.15405129132994538,-0.6090345663360432,0.3664146029403322,zero prediction only matches exactly zero truth,0
rates,R2,,11,37,0.9474019163756722,0.9697788095764962,0.6168448352450784,0.1372761963367276,3,2,1,0.9603962709550317,0.47438519516232935,0.4598003393755372,1.0581026432472054,0.8987030061476808,0.9712305725954345,0.8985665907223759,0.06882509651842263,0.06573258413308153,3.1094254525867204,-0.06726020142333367,0.0623607188662621,0.3078218076215967,0.40540540540540543,0.4355609345551047,-0.506118447836924,0.16558273716822933,zero prediction only matches exactly zero truth,0
rates,R3,,11,37,1.3228513314369448,1.4069557390534733,0.6168448352450784,-0.8426125004564428,1,1,0,1.2459873534236292,0.47438519516232935,0.5431744875366532,1.3595440090151727,0.8987030061476808,0.9076695123653167,1.1628736785256393,0.06882509651842263,0.08515108357475859,4.221473100570108,-0.4489526442480245,-0.6609716623509284,-0.7111327106423903,0.21621621621621623,-3.0840327704480215,-0.47337028037838524,0.29625409006067194,zero prediction only matches exactly zero truth,0
FX,B0,,10,23,1.0,1.0,0.5271911498469869,0.0,0,0,0,1.0,1.6285366212337646,1.6285366212337646,1.0,0.09805758187336878,0.09805758187336878,1.0,0.19822438000993506,0.19822438000993506,1.2821223724806294,-0.07365062862127658,,,0.0,,0.2965660801038523,0.0,zero prediction only matches exactly zero truth,0
FX,B1,,10,23,1.1895996591334952,1.3934989246384415,0.5271911498469869,-0.4010070011848041,4,2,2,1.082029603745351,1.6285366212337646,1.88898927166214,1.8096588048945519,0.09805758187336878,0.42384472944719687,1.1049974616303988,0.19822438000993506,0.22601791071957225,1.8666097836993334,-0.5631010039875837,0.20726104145596033,0.24001159898212174,0.43478260869565216,0.46482212255534855,0.5351166569390995,0.5726873055830481,zero prediction only matches exactly zero truth,0
FX,B2,,10,23,1.230043583732272,1.6148854435649458,0.5271911498469869,-0.4865466956843639,2,2,0,1.123733328073714,1.6285366212337646,1.8762727407438606,1.9676713332563145,0.09805758187336878,0.6222164355442507,1.0984245472393486,0.19822438000993506,0.2112341578614519,1.9135549372939145,-0.6024129251812105,0.43850327544497814,0.2339353559699161,0.34782608695652173,0.7909404049395491,0.8259694299025502,0.7096769063820819,zero prediction only matches exactly zero truth,0
FX,B3,,10,23,1.0664685777282477,1.269524964989181,0.5271911498469869,-0.14058234677023645,3,3,0,1.0276632024789352,1.6285366212337646,1.4483890167084197,1.615866491689461,0.09805758187336878,0.3810338518070605,0.8591243171572782,0.19822438000993506,0.11072074876291135,1.3822251405924455,-0.15747679234544565,0.45344385635202306,0.2501386706691311,0.391304347826087,0.9046853695316301,0.62210454547888,0.5200949855367658,zero prediction only matches exactly zero truth,0
FX,B4,,10,23,1.150876247095296,1.3566128314958346,0.5271911498469869,-0.31910622452703363,3,3,0,1.076326057238327,1.6285366212337646,1.6518430279101353,1.7554307020662026,0.09805758187336878,0.4130080643130887,1.0009399788519486,0.19822438000993506,0.16094960147225307,1.6908304359821427,-0.41590319258830455,0.2687525585217375,0.2663419853683461,0.391304347826087,0.5478746429407204,0.5307451288472476,0.5716264958156055,zero prediction only matches exactly zero truth,0
FX,B5,,10,23,1.0033839666898354,1.259314934980024,0.5271911498469869,-0.007157155981196817,5,4,1,0.9509749251773605,1.6285366212337646,1.0847079621401194,1.1916934239473245,0.09805758187336878,0.2606993769145165,0.9040393670272021,0.19822438000993506,0.08838105522128724,1.876934403635534,-0.5717468516248341,0.08045075171250352,0.0710038544031407,0.5652173913043478,0.1086170420810775,0.309130811980767,0.6697047846099126,zero prediction only matches exactly zero truth,0
FX,R0,,10,23,1.0,1.0,0.5271911498469869,0.0,0,0,0,1.0,1.6285366212337646,1.6285366212337646,1.0,0.09805758187336878,0.09805758187336878,1.0,0.19822438000993506,0.19822438000993506,1.2821223724806294,-0.07365062862127658,,,0.0,,0.2965660801038523,0.0,zero prediction only matches exactly zero truth,0
FX,R1,,10,23,0.9915891834066988,0.9919004857476288,0.5271911498469869,0.01778904221141223,1,1,0,0.9880367667248072,1.6285366212337646,1.6282358032922222,1.0,0.09805758187336878,0.09805758187336878,0.9999999999999999,0.19822438000993506,0.19822438000993506,1.2759973757959313,-0.06852154992958659,0.2063474286125754,0.25712973861329,0.043478260869565216,11.170644137858798,0.34464126561884734,0.004303707550047346,zero prediction only matches exactly zero truth,0
FX,R2,,10,23,0.9915891834066988,0.9919004857476288,0.5271911498469869,0.01778904221141223,1,1,0,0.9880367667248072,1.6285366212337646,1.6282358032922222,1.0,0.09805758187336878,0.09805758187336878,0.9999999999999999,0.19822438000993506,0.19822438000993506,1.2759973757959313,-0.06852154992958659,0.2063474286125754,0.25712973861329,0.043478260869565216,11.170644137858798,0.34464126561884734,0.004303707550047346,zero prediction only matches exactly zero truth,0
FX,R3,,10,23,0.9648398481593695,1.015985129552414,0.5271911498469869,0.07436441138792506,6,4,2,0.9714137123354322,1.6285366212337646,1.3376898660577992,1.0740688599178434,0.09805758187336878,0.13679930650466385,0.8814959726542599,0.19822438000993506,0.11172348136636925,1.406432393687749,-0.17774797165002454,0.08637703330525459,0.0710038544031407,0.5652173913043478,0.23536184663110926,0.310685778734178,0.33270053852993264,zero prediction only matches exactly zero truth,0
equity,B0,,4,7,1.0,1.0,0.2038636117628021,0.0,0,0,0,1.0,0.10904711203976586,0.10904711203976586,1.0,0.025245581030398232,0.025245581030398232,1.0,0.03149459451619385,0.03149459451619385,11.133835068481588,-0.32228983035182,,,0.0,,-1.6473366616431502,0.0,zero prediction only matches exactly zero truth,0
equity,B1,,4,7,0.7997051786225378,1.1705918181127255,0.2038636117628021,0.25158355319112374,3,3,0,0.5932991958160186,0.10904711203976586,0.10568949614785758,1.2993035106492512,0.025245581030398232,0.03280167206117656,1.3558262269662482,0.03149459451619385,0.03309635238540211,11.215473726959285,-0.3319854983049242,-0.9630558213948708,-0.8078131663950782,0.7142857142857143,-6.066075645006968,-12.193817884546792,1.7386003472582028,zero prediction only matches exactly zero truth,0
equity,B2,,4,7,0.8415661554138495,1.4286259016623466,0.2038636117628021,0.19900339555758043,3,3,0,0.610688034472912,0.10904711203976586,0.10803588643350144,1.5729564027219032,0.025245581030398232,0.03971019832219952,1.471835955394558,0.03149459451619385,0.03348078376110544,11.091368341833777,-0.3172463461948025,-0.8255492026773037,-0.8078131663950782,0.7142857142857143,-5.116405064972509,-12.413860803689095,2.104314260759922,zero prediction only matches exactly zero truth,0
equity,B3,,4,7,1.1085854214172761,1.6203510238381023,0.2038636117628021,-0.13639047658367373,3,3,0,1.0035249619440216,0.10904711203976586,0.12369250452732146,1.632479037578151,0.025245581030398232,0.04121288182360573,1.5488062031684027,0.03149459451619385,0.037433789169020834,12.97833727916416,-0.5413488069080119,-0.9072915458194589,-0.21673036171575272,0.7142857142857143,-3.7991471154202805,-10.39462425546697,2.302434553881747,zero prediction only matches exactly zero truth,0
equity,B4,,4,7,1.2325375116576913,1.803812979334137,0.2038636117628021,-0.29208250633107596,3,3,0,1.1515614704056987,0.10904711203976586,0.1317821772082155,1.787797954820541,0.025245581030398232,0.045133998134402206,1.6154157871610184,0.03149459451619385,0.03961180980803161,13.950039392852192,-0.6567512549556171,-0.904609059400026,-0.21673036171575272,0.7142857142857143,-3.2627996602608493,-9.671214931935669,2.4592004124614375,zero prediction only matches exactly zero truth,0
equity,B5,,4,7,2.3689803190217567,3.6663527010927366,0.2038636117628021,-1.7195298936818446,2,2,0,1.8638536415640479,0.10904711203976586,0.1705994768056346,1.145934274153035,0.025245581030398232,0.028929776573641028,3.8031804956457917,0.03149459451619385,0.053884173047003284,19.272669985105,-1.2888838722942006,-0.6083401450235477,-0.16366341767699433,0.7142857142857143,-1.2393823354584177,-6.10357551567041,3.5955320053670152,zero prediction only matches exactly zero truth,0
equity,R0,,4,7,1.0,1.0,0.2038636117628021,0.0,0,0,0,1.0,0.10904711203976586,0.10904711203976586,1.0,0.025245581030398232,0.025245581030398232,1.0,0.03149459451619385,0.03149459451619385,11.133835068481588,-0.32228983035182,,,0.0,,-1.6473366616431502,0.0,zero prediction only matches exactly zero truth,0
equity,R1,,4,7,1.0716013026978475,1.0750554652032496,0.2038636117628021,-0.08993597548830397,1,0,1,1.0520408178089777,0.10904711203976586,0.11285780818999144,0.9921469005056749,0.025245581030398232,0.025047324970774467,1.109104781894494,0.03149459451619385,0.032528052173761784,11.574020856422909,-0.3745677011196318,-0.018472563620774925,-0.14285714285714288,0.14285714285714285,-0.6095555504254302,-1.5719049195527246,0.12446546388447362,zero prediction only matches exactly zero truth,0
equity,R2,,4,7,1.0504204444254859,1.056170824977218,0.2038636117628021,-0.06333141553437424,1,0,1,1.0196901423046367,0.10904711203976586,0.11159199795667338,0.9308383985339705,0.025245581030398232,0.023499556216395476,1.109104781894494,0.03149459451619385,0.032528052173761784,11.405432477858605,-0.3545456065655148,-0.17249072112094355,-0.07142857142857144,0.42857142857142855,-1.7644195406630738,-1.6974930848246317,0.2331680159572364,zero prediction only matches exactly zero truth,0
equity,R3,,4,7,0.8861442587259887,1.1317570261289716,0.2038636117628021,0.14301034716690977,3,3,0,0.7523332548828826,0.10904711203976586,0.10900462812326855,0.9993998935811093,0.025245581030398232,0.025230430995173265,1.2922478420049657,0.03149459451619385,0.032842518866663555,11.636842904203375,-0.3820286482587847,-0.6266855599754863,-0.07142857142857144,0.7142857142857143,-2.4899077554746714,-6.15899796227964,1.8119792955046221,zero prediction only matches exactly zero truth,0
liquidity,B0,SUPPRESSED_SINGLE_CARD_PUBLIC_FIREWALL,1,1,,,,,,,,,,,,,,,,,,,,,,,,,,
liquidity,B1,SUPPRESSED_SINGLE_CARD_PUBLIC_FIREWALL,1,1,,,,,,,,,,,,,,,,,,,,,,,,,,
liquidity,B2,SUPPRESSED_SINGLE_CARD_PUBLIC_FIREWALL,1,1,,,,,,,,,,,,,,,,,,,,,,,,,,
liquidity,B3,SUPPRESSED_SINGLE_CARD_PUBLIC_FIREWALL,1,1,,,,,,,,,,,,,,,,,,,,,,,,,,
liquidity,B4,SUPPRESSED_SINGLE_CARD_PUBLIC_FIREWALL,1,1,,,,,,,,,,,,,,,,,,,,,,,,,,
liquidity,B5,SUPPRESSED_SINGLE_CARD_PUBLIC_FIREWALL,1,1,,,,,,,,,,,,,,,,,,,,,,,,,,
liquidity,R0,SUPPRESSED_SINGLE_CARD_PUBLIC_FIREWALL,1,1,,,,,,,,,,,,,,,,,,,,,,,,,,
liquidity,R1,SUPPRESSED_SINGLE_CARD_PUBLIC_FIREWALL,1,1,,,,,,,,,,,,,,,,,,,,,,,,,,
liquidity,R2,SUPPRESSED_SINGLE_CARD_PUBLIC_FIREWALL,1,1,,,,,,,,,,,,,,,,,,,,,,,,,,
liquidity,R3,SUPPRESSED_SINGLE_CARD_PUBLIC_FIREWALL,1,1,,,,,,,,,,,,,,,,,,,,,,,,,,
capital_flow,B0,NOT_APPLICABLE,0,,,,,,,,,,,,,,,,,,,,,,,,,,,
capital_flow,B1,NOT_APPLICABLE,0,,,,,,,,,,,,,,,,,,,,,,,,,,,
capital_flow,B2,NOT_APPLICABLE,0,,,,,,,,,,,,,,,,,,,,,,,,,,,
capital_flow,B3,NOT_APPLICABLE,0,,,,,,,,,,,,,,,,,,,,,,,,,,,
capital_flow,B4,NOT_APPLICABLE,0,,,,,,,,,,,,,,,,,,,,,,,,,,,
capital_flow,B5,NOT_APPLICABLE,0,,,,,,,,,,,,,,,,,,,,,,,,,,,
capital_flow,R0,NOT_APPLICABLE,0,,,,,,,,,,,,,,,,,,,,,,,,,,,
capital_flow,R1,NOT_APPLICABLE,0,,,,,,,,,,,,,,,,,,,,,,,,,,,
capital_flow,R2,NOT_APPLICABLE,0,,,,,,,,,,,,,,,,,,,,,,,,,,,
capital_flow,R3,NOT_APPLICABLE,0,,,,,,,,,,,,,,,,,,,,,,,,,,,
positioning,B0,NOT_APPLICABLE,0,,,,,,,,,,,,,,,,,,,,,,,,,,,
positioning,B1,NOT_APPLICABLE,0,,,,,,,,,,,,,,,,,,,,,,,,,,,
positioning,B2,NOT_APPLICABLE,0,,,,,,,,,,,,,,,,,,,,,,,,,,,
positioning,B3,NOT_APPLICABLE,0,,,,,,,,,,,,,,,,,,,,,,,,,,,
positioning,B4,NOT_APPLICABLE,0,,,,,,,,,,,,,,,,,,,,,,,,,,,
positioning,B5,NOT_APPLICABLE,0,,,,,,,,,,,,,,,,,,,,,,,,,,,
positioning,R0,NOT_APPLICABLE,0,,,,,,,,,,,,,,,,,,,,,,,,,,,
positioning,R1,NOT_APPLICABLE,0,,,,,,,,,,,,,,,,,,,,,,,,,,,
positioning,R2,NOT_APPLICABLE,0,,,,,,,,,,,,,,,,,,,,,,,,,,,
positioning,R3,NOT_APPLICABLE,0,,,,,,,,,,,,,,,,,,,,,,,,,,,
valuation,B0,NOT_APPLICABLE,0,,,,,,,,,,,,,,,,,,,,,,,,,,,
valuation,B1,NOT_APPLICABLE,0,,,,,,,,,,,,,,,,,,,,,,,,,,,
valuation,B2,NOT_APPLICABLE,0,,,,,,,,,,,,,,,,,,,,,,,,,,,
valuation,B3,NOT_APPLICABLE,0,,,,,,,,,,,,,,,,,,,,,,,,,,,
valuation,B4,NOT_APPLICABLE,0,,,,,,,,,,,,,,,,,,,,,,,,,,,
valuation,B5,NOT_APPLICABLE,0,,,,,,,,,,,,,,,,,,,,,,,,,,,
valuation,R0,NOT_APPLICABLE,0,,,,,,,,,,,,,,,,,,,,,,,,,,,
valuation,R1,NOT_APPLICABLE,0,,,,,,,,,,,,,,,,,,,,,,,,,,,
valuation,R2,NOT_APPLICABLE,0,,,,,,,,,,,,,,,,,,,,,,,,,,,
valuation,R3,NOT_APPLICABLE,0,,,,,,,,,,,,,,,,,,,,,,,,,,,
carry,B0,NOT_APPLICABLE,0,,,,,,,,,,,,,,,,,,,,,,,,,,,
carry,B1,NOT_APPLICABLE,0,,,,,,,,,,,,,,,,,,,,,,,,,,,
carry,B2,NOT_APPLICABLE,0,,,,,,,,,,,,,,,,,,,,,,,,,,,
carry,B3,NOT_APPLICABLE,0,,,,,,,,,,,,,,,,,,,,,,,,,,,
carry,B4,NOT_APPLICABLE,0,,,,,,,,,,,,,,,,,,,,,,,,,,,
carry,B5,NOT_APPLICABLE,0,,,,,,,,,,,,,,,,,,,,,,,,,,,
carry,R0,NOT_APPLICABLE,0,,,,,,,,,,,,,,,,,,,,,,,,,,,
carry,R1,NOT_APPLICABLE,0,,,,,,,,,,,,,,,,,,,,,,,,,,,
carry,R2,NOT_APPLICABLE,0,,,,,,,,,,,,,,,,,,,,,,,,,,,
carry,R3,NOT_APPLICABLE,0,,,,,,,,,,,,,,,,,,,,,,,,,,,
risk_sentiment,B0,,3,10,1.0,1.0,0.24932397804866363,0.0,0,0,0,1.0,0.2435687684204605,0.2435687684204605,1.0,1.0463549671797634,1.0463549671797634,1.0,0.05535948822449518,0.05535948822449518,9.73148948911659,-3.9316824604741196,,,0.0,,-2.785359930762668,0.0,zero prediction only matches exactly zero truth,0
risk_sentiment,B1,,3,10,0.5331725298694902,0.5980367632902858,0.24932397804866363,0.6218760909893197,2,2,0,0.3583186951922591,0.2435687684204605,0.21952677999812598,0.9986334672982555,1.0463549671797634,1.0449250888994794,0.8818451338926357,0.05535948822449518,0.05541966266033315,9.250503717896297,-3.6879305564806364,-0.4116119651747524,-0.5276492843761433,0.2,-0.8324377270483714,-3.066385230900499,0.3530545387142271,zero prediction only matches exactly zero truth,0
risk_sentiment,B2,,3,10,0.5338230176327899,0.6009752490602658,0.24932397804866363,0.6210095550346892,2,2,0,0.35767546293718294,0.2435687684204605,0.22316348277588607,0.993004024836899,1.0463549671797634,1.0390346938175863,0.88986687811137,0.05535948822449518,0.056902677803568134,9.457790867035378,-3.7929786479196883,-0.41113201898239204,-0.5276492843761433,0.2,-0.8124502312827881,-3.0321794848514836,0.38639717184519956,zero prediction only matches exactly zero truth,0
risk_sentiment,B3,,3,10,0.7296204803639826,0.7514687866334543,0.24932397804866363,0.3601813721626306,2,2,0,0.6612319173247727,0.2435687684204605,0.23228911429945984,0.9944186768262394,1.0463549671797634,1.0405149219534635,0.8879038021996243,0.05535948822449518,0.05653727127871464,9.584207653437513,-3.8570436041533824,-0.4037848965111326,-0.5103493078392206,0.2,-0.5370134536884619,-3.045172150234176,0.5498674259810665,zero prediction only matches exactly zero truth,0
risk_sentiment,B4,,3,10,0.8294142397796227,0.848146195808465,0.24932397804866363,0.22724285208544434,2,2,0,0.8004418441980231,0.2435687684204605,0.2650289860984732,0.9547494669691863,1.0463549671797634,0.9990068471754395,0.9443423776137081,0.05535948822449518,0.06769995386904719,11.326189699047287,-4.739837785907611,-0.40344555845545943,-0.5103493078392206,0.2,-0.4482099619328752,-2.906918467188946,0.8426255269889058,zero prediction only matches exactly zero truth,0
risk_sentiment,B5,,3,10,1.8931245818142786,2.702353991101713,0.24932397804866363,-1.1897603702495463,1,1,0,1.4788240848867347,0.2435687684204605,0.34551682449199256,0.8869825676584576,1.0463549671797634,0.9280986154712877,2.830397837009236,0.05535948822449518,0.10082398413546258,16.427256781557933,-7.324934660199496,-0.41848118648915394,-0.7434844114105212,0.2,-0.2698993215255905,-2.815460248153986,1.5835061346786505,zero prediction only matches exactly zero truth,0
risk_sentiment,R0,,3,10,1.0,1.0,0.24932397804866363,0.0,0,0,0,1.0,0.2435687684204605,0.2435687684204605,1.0,1.0463549671797634,1.0463549671797634,1.0,0.05535948822449518,0.05535948822449518,9.73148948911659,-3.9316824604741196,,,0.0,,-2.785359930762668,0.0,zero prediction only matches exactly zero truth,0
risk_sentiment,R1,,3,10,1.0856265307181778,1.0900179180441747,0.24932397804866363,-0.11406589289424338,1,0,1,1.0620219619637576,0.2435687684204605,0.2407999579286996,0.9977626180816918,1.0463549671797634,1.0440138714960634,1.1206614614277741,0.05535948822449518,0.05327170382906929,9.455906421118556,-3.7920236565089596,0.4750073126181208,0.38181818181818183,0.8,7.588515711319774,-2.5580488638928145,0.08500108688932731,zero prediction only matches exactly zero truth,0
risk_sentiment,R2,,3,10,1.0935360851432474,1.0971732739606996,0.24932397804866363,-0.12460246818608388,1,0,1,1.063019111777805,0.2435687684204605,0.24137861470527433,1.0605695360291911,1.0463549671797634,1.109732202063681,1.1231183315114333,0.05535948822449518,0.053607880384315916,9.474893804639084,-3.801646001205854,0.4007202950262945,0.2606060606060606,0.8,6.270349445264707,-2.6002450040663705,0.0845687382400703,zero prediction only matches exactly zero truth,0
risk_sentiment,R3,,3,10,0.6621267736235804,0.7170865831490257,0.24932397804866363,0.45009193912726664,2,2,0,0.5237400493224699,0.2435687684204605,0.259424120986594,0.9731220003880986,1.0463549671797634,1.0182310387779945,0.9560151608883005,0.05535948822449518,0.07018273290008038,11.672644417403204,-4.915412620548826,-0.41752572268506166,-0.7818181818181817,0.2,-0.559415340019872,-2.82481172113515,0.7494686982192901,zero prediction only matches exactly zero truth,0
commodity,B0,NOT_APPLICABLE,0,,,,,,,,,,,,,,,,,,,,,,,,,,,
commodity,B1,NOT_APPLICABLE,0,,,,,,,,,,,,,,,,,,,,,,,,,,,
commodity,B2,NOT_APPLICABLE,0,,,,,,,,,,,,,,,,,,,,,,,,,,,
commodity,B3,NOT_APPLICABLE,0,,,,,,,,,,,,,,,,,,,,,,,,,,,
commodity,B4,NOT_APPLICABLE,0,,,,,,,,,,,,,,,,,,,,,,,,,,,
commodity,B5,NOT_APPLICABLE,0,,,,,,,,,,,,,,,,,,,,,,,,,,,
commodity,R0,NOT_APPLICABLE,0,,,,,,,,,,,,,,,,,,,,,,,,,,,
commodity,R1,NOT_APPLICABLE,0,,,,,,,,,,,,,,,,,,,,,,,,,,,
commodity,R2,NOT_APPLICABLE,0,,,,,,,,,,,,,,,,,,,,,,,,,,,
commodity,R3,NOT_APPLICABLE,0,,,,,,,,,,,,,,,,,,,,,,,,,,,
geopolitical,B0,SUPPRESSED_SINGLE_CARD_PUBLIC_FIREWALL,1,1,,,,,,,,,,,,,,,,,,,,,,,,,,
geopolitical,B1,SUPPRESSED_SINGLE_CARD_PUBLIC_FIREWALL,1,1,,,,,,,,,,,,,,,,,,,,,,,,,,
geopolitical,B2,SUPPRESSED_SINGLE_CARD_PUBLIC_FIREWALL,1,1,,,,,,,,,,,,,,,,,,,,,,,,,,
geopolitical,B3,SUPPRESSED_SINGLE_CARD_PUBLIC_FIREWALL,1,1,,,,,,,,,,,,,,,,,,,,,,,,,,
geopolitical,B4,SUPPRESSED_SINGLE_CARD_PUBLIC_FIREWALL,1,1,,,,,,,,,,,,,,,,,,,,,,,,,,
geopolitical,B5,SUPPRESSED_SINGLE_CARD_PUBLIC_FIREWALL,1,1,,,,,,,,,,,,,,,,,,,,,,,,,,
geopolitical,R0,SUPPRESSED_SINGLE_CARD_PUBLIC_FIREWALL,1,1,,,,,,,,,,,,,,,,,,,,,,,,,,
geopolitical,R1,SUPPRESSED_SINGLE_CARD_PUBLIC_FIREWALL,1,1,,,,,,,,,,,,,,,,,,,,,,,,,,
geopolitical,R2,SUPPRESSED_SINGLE_CARD_PUBLIC_FIREWALL,1,1,,,,,,,,,,,,,,,,,,,,,,,,,,
geopolitical,R3,SUPPRESSED_SINGLE_CARD_PUBLIC_FIREWALL,1,1,,,,,,,,,,,,,,,,,,,,,,,,,,
earnings_corporate,B0,NOT_APPLICABLE,0,,,,,,,,,,,,,,,,,,,,,,,,,,,
earnings_corporate,B1,NOT_APPLICABLE,0,,,,,,,,,,,,,,,,,,,,,,,,,,,
earnings_corporate,B2,NOT_APPLICABLE,0,,,,,,,,,,,,,,,,,,,,,,,,,,,
earnings_corporate,B3,NOT_APPLICABLE,0,,,,,,,,,,,,,,,,,,,,,,,,,,,
earnings_corporate,B4,NOT_APPLICABLE,0,,,,,,,,,,,,,,,,,,,,,,,,,,,
earnings_corporate,B5,NOT_APPLICABLE,0,,,,,,,,,,,,,,,,,,,,,,,,,,,
earnings_corporate,R0,NOT_APPLICABLE,0,,,,,,,,,,,,,,,,,,,,,,,,,,,
earnings_corporate,R1,NOT_APPLICABLE,0,,,,,,,,,,,,,,,,,,,,,,,,,,,
earnings_corporate,R2,NOT_APPLICABLE,0,,,,,,,,,,,,,,,,,,,,,,,,,,,
earnings_corporate,R3,NOT_APPLICABLE,0,,,,,,,,,,,,,,,,,,,,,,,,,,,
generic_none,B0,NOT_APPLICABLE,0,,,,,,,,,,,,,,,,,,,,,,,,,,,
generic_none,B1,NOT_APPLICABLE,0,,,,,,,,,,,,,,,,,,,,,,,,,,,
generic_none,B2,NOT_APPLICABLE,0,,,,,,,,,,,,,,,,,,,,,,,,,,,
generic_none,B3,NOT_APPLICABLE,0,,,,,,,,,,,,,,,,,,,,,,,,,,,
generic_none,B4,NOT_APPLICABLE,0,,,,,,,,,,,,,,,,,,,,,,,,,,,
generic_none,B5,NOT_APPLICABLE,0,,,,,,,,,,,,,,,,,,,,,,,,,,,
generic_none,R0,NOT_APPLICABLE,0,,,,,,,,,,,,,,,,,,,,,,,,,,,
generic_none,R1,NOT_APPLICABLE,0,,,,,,,,,,,,,,,,,,,,,,,,,,,
generic_none,R2,NOT_APPLICABLE,0,,,,,,,,,,,,,,,,,,,,,,,,,,,
generic_none,R3,NOT_APPLICABLE,0,,,,,,,,,,,,,,,,,,,,,,,,,,,
