origin,cutoff,active,release_id,publication_date,CREDIT_STANDARDS,CREDIT_DEMAND,DELTA_CREDIT_STANDARDS,DELTA_CREDIT_DEMAND,SOURCE_AGE_BUSINESS_DAYS
2013-01-01,2012-12-31T16:00:00-05:00,False,,,,,,,
2013-02-05,2013-02-04T16:00:00-05:00,False,,,,,,,
2013-03-05,2013-03-04T16:00:00-05:00,False,,,,,,,
2013-04-02,2013-04-01T16:00:00-04:00,False,,,,,,,
2013-05-07,2013-05-06T16:00:00-04:00,False,,,,,,,
2013-06-04,2013-06-03T16:00:00-04:00,True,2013-April,2013-05-06,-21.0972850678733,6.787330316742082,-13.57466063348416,-10.463800904977376,20
2013-07-02,2013-07-01T16:00:00-04:00,True,2013-April,2013-05-06,-21.0972850678733,6.787330316742082,-13.57466063348416,-10.463800904977376,40
2013-08-06,2013-08-05T16:00:00-04:00,True,2013-April,2013-05-06,-21.0972850678733,6.787330316742082,-13.57466063348416,-10.463800904977376,65
2013-09-03,2013-09-02T16:00:00-04:00,True,2013-July,2013-08-05,-14.027777777777779,19.78174603174603,7.0695072900955225,12.99441571500395,20
2013-10-01,2013-09-30T16:00:00-04:00,True,2013-July,2013-08-05,-14.027777777777779,19.78174603174603,7.0695072900955225,12.99441571500395,40
2013-11-05,2013-11-04T16:00:00-05:00,True,2013-July,2013-08-05,-14.027777777777779,19.78174603174603,7.0695072900955225,12.99441571500395,65
2013-12-03,2013-12-02T16:00:00-05:00,True,2013-October,2013-11-04,-7.738095238095239,0.6944444444444444,6.2896825396825395,-19.08730158730159,20
2014-01-07,2014-01-06T16:00:00-05:00,True,2013-October,2013-11-04,-7.738095238095239,0.6944444444444444,6.2896825396825395,-19.08730158730159,45
2014-02-04,2014-02-03T16:00:00-05:00,True,2013-October,2013-11-04,-7.738095238095239,0.6944444444444444,6.2896825396825395,-19.08730158730159,65
2014-03-04,2014-03-03T16:00:00-05:00,True,2014-January,2014-02-03,-8.932648401826484,15.261431603318542,-1.1945531637312445,14.566987158874097,20
2014-04-01,2014-03-31T16:00:00-04:00,True,2014-January,2014-02-03,-8.932648401826484,15.261431603318542,-1.1945531637312445,14.566987158874097,40
2014-05-06,2014-05-05T16:00:00-04:00,True,2014-January,2014-02-03,-8.932648401826484,15.261431603318542,-1.1945531637312445,14.566987158874097,65
2014-06-03,2014-06-02T16:00:00-04:00,True,2014-April,2014-05-05,-9.076682316118935,11.1697965571205,-0.14403391429245183,-4.091635046198041,20
2014-07-01,2014-06-30T16:00:00-04:00,True,2014-April,2014-05-05,-9.076682316118935,11.1697965571205,-0.14403391429245183,-4.091635046198041,40
2014-08-05,2014-08-04T16:00:00-04:00,True,2014-April,2014-05-05,-9.076682316118935,11.1697965571205,-0.14403391429245183,-4.091635046198041,65
2014-09-02,2014-09-01T16:00:00-04:00,True,2014-July,2014-08-04,-9.5,27.833333333333336,-0.4233176838810646,16.663536776212837,20
2014-10-07,2014-10-06T16:00:00-04:00,True,2014-July,2014-08-04,-9.5,27.833333333333336,-0.4233176838810646,16.663536776212837,45
2014-11-04,2014-11-03T16:00:00-05:00,True,2014-July,2014-08-04,-9.5,27.833333333333336,-0.4233176838810646,16.663536776212837,65
2014-12-02,2014-12-01T16:00:00-05:00,True,2014-October,2014-11-03,-9.372746935832733,10.634462869502523,0.12725306416726667,-17.198870463830815,20
2015-01-06,2015-01-05T16:00:00-05:00,True,2014-October,2014-11-03,-9.372746935832733,10.634462869502523,0.12725306416726667,-17.198870463830815,45
2015-02-03,2015-02-02T16:00:00-05:00,True,2014-October,2014-11-03,-9.372746935832733,10.634462869502523,0.12725306416726667,-17.198870463830815,65
2015-03-03,2015-03-02T16:00:00-05:00,True,2015-January,2015-02-02,-5.596868884540117,11.761252446183953,3.775878051292616,1.1267895766814302,20
2015-04-07,2015-04-06T16:00:00-04:00,True,2015-January,2015-02-02,-5.596868884540117,11.761252446183953,3.775878051292616,1.1267895766814302,45
2015-05-05,2015-05-04T16:00:00-04:00,True,2015-January,2015-02-02,-5.596868884540117,11.761252446183953,3.775878051292616,1.1267895766814302,65
2015-06-02,2015-06-01T16:00:00-04:00,True,2015-April,2015-05-04,-3.3611111111111107,2.0547945205479454,2.2357577734290066,-9.706457925636007,20
2015-07-07,2015-07-06T16:00:00-04:00,True,2015-April,2015-05-04,-3.3611111111111107,2.0547945205479454,2.2357577734290066,-9.706457925636007,45
2015-08-04,2015-08-03T16:00:00-04:00,True,2015-April,2015-05-04,-3.3611111111111107,2.0547945205479454,2.2357577734290066,-9.706457925636007,65
2015-09-01,2015-08-31T16:00:00-04:00,True,2015-July,2015-08-03,-6.506201387429052,8.623188405797102,-3.1450902763179416,6.568393885249156,20
2015-10-06,2015-10-05T16:00:00-04:00,True,2015-July,2015-08-03,-6.506201387429052,8.623188405797102,-3.1450902763179416,6.568393885249156,45
2015-11-03,2015-11-02T16:00:00-05:00,True,2015-July,2015-08-03,-6.506201387429052,8.623188405797102,-3.1450902763179416,6.568393885249156,65
2015-12-01,2015-11-30T16:00:00-05:00,True,2015-October,2015-11-02,4.411764705882353,2.9644268774703555,10.917966093311406,-5.658761528326746,20
2016-01-05,2016-01-04T16:00:00-05:00,True,2015-October,2015-11-02,4.411764705882353,2.9644268774703555,10.917966093311406,-5.658761528326746,45
2016-02-02,2016-02-01T16:00:00-05:00,True,2015-October,2015-11-02,4.411764705882353,2.9644268774703555,10.917966093311406,-5.658761528326746,65
2016-03-01,2016-02-29T16:00:00-05:00,True,2016-January,2016-02-01,6.222265097433919,-11.893583724569641,1.8105003915515656,-14.858010602039997,20
2016-04-05,2016-04-04T16:00:00-04:00,True,2016-January,2016-02-01,6.222265097433919,-11.893583724569641,1.8105003915515656,-14.858010602039997,45
2016-05-03,2016-05-02T16:00:00-04:00,True,2016-January,2016-02-01,6.222265097433919,-11.893583724569641,1.8105003915515656,-14.858010602039997,65
2016-06-07,2016-06-06T16:00:00-04:00,True,2016-April,2016-05-02,8.695652173913043,-5.818414322250639,2.473387076479124,6.075169402319002,25
2016-07-05,2016-07-04T16:00:00-04:00,True,2016-April,2016-05-02,8.695652173913043,-5.818414322250639,2.473387076479124,6.075169402319002,45
2016-08-02,2016-08-01T16:00:00-04:00,True,2016-April,2016-05-02,8.695652173913043,-5.818414322250639,2.473387076479124,6.075169402319002,65
2016-09-06,2016-09-05T16:00:00-04:00,True,2016-July,2016-08-01,7.796780684104627,3.6134453781512605,-0.8988714898084158,9.4318597004019,25
2016-10-04,2016-10-03T16:00:00-04:00,True,2016-July,2016-08-01,7.796780684104627,3.6134453781512605,-0.8988714898084158,9.4318597004019,45
2016-11-01,2016-10-31T16:00:00-04:00,True,2016-July,2016-08-01,7.796780684104627,3.6134453781512605,-0.8988714898084158,9.4318597004019,65
2016-12-06,2016-12-05T16:00:00-05:00,True,2016-October,2016-11-07,-0.01097453906935908,-3.6874451273046533,-7.807755223173986,-7.300890505455914,20
2017-01-03,2017-01-02T16:00:00-05:00,True,2016-October,2016-11-07,-0.01097453906935908,-3.6874451273046533,-7.807755223173986,-7.300890505455914,40
2017-02-07,2017-02-06T16:00:00-05:00,True,2016-October,2016-11-07,-0.01097453906935908,-3.6874451273046533,-7.807755223173986,-7.300890505455914,65
2017-03-07,2017-03-06T16:00:00-05:00,True,2017-January,2017-02-06,0.7246376811594203,0.746268656716418,0.7356122202287794,4.433713784021071,20
2017-04-04,2017-04-03T16:00:00-04:00,True,2017-January,2017-02-06,0.7246376811594203,0.746268656716418,0.7356122202287794,4.433713784021071,40
2017-05-02,2017-05-01T16:00:00-04:00,True,2017-January,2017-02-06,0.7246376811594203,0.746268656716418,0.7356122202287794,4.433713784021071,60
2017-06-06,2017-06-05T16:00:00-04:00,True,2017-April,2017-05-08,-2.857726066544193,-7.820048309178744,-3.582363747703613,-8.566316965895162,20
2017-07-04,2017-07-03T16:00:00-04:00,True,2017-April,2017-05-08,-2.857726066544193,-7.820048309178744,-3.582363747703613,-8.566316965895162,40
2017-08-01,2017-07-31T16:00:00-04:00,True,2017-April,2017-05-08,-2.857726066544193,-7.820048309178744,-3.582363747703613,-8.566316965895162,60
2017-09-05,2017-09-04T16:00:00-04:00,True,2017-July,2017-07-31,-4.028478731074261,-8.660778658976207,-1.1707526645300685,-0.8407303497974636,25
2017-10-03,2017-10-02T16:00:00-04:00,True,2017-July,2017-07-31,-4.028478731074261,-8.660778658976207,-1.1707526645300685,-0.8407303497974636,45
2017-11-07,2017-11-06T16:00:00-05:00,True,2017-July,2017-07-31,-4.028478731074261,-8.660778658976207,-1.1707526645300685,-0.8407303497974636,70
2017-12-05,2017-12-04T16:00:00-05:00,True,2017-October,2017-11-06,-8.63711681855841,-7.104391052195526,-4.608638087484148,1.5563876067806817,20
2018-01-02,2018-01-01T16:00:00-05:00,True,2017-October,2017-11-06,-8.63711681855841,-7.104391052195526,-4.608638087484148,1.5563876067806817,40
2018-02-06,2018-02-05T16:00:00-05:00,True,2017-October,2017-11-06,-8.63711681855841,-7.104391052195526,-4.608638087484148,1.5563876067806817,65
2018-03-06,2018-03-05T16:00:00-05:00,True,2018-January,2018-02-05,-5.0,4.4136460554371,3.6371168185584093,11.518037107632626,20
2018-04-03,2018-04-02T16:00:00-04:00,True,2018-January,2018-02-05,-5.0,4.4136460554371,3.6371168185584093,11.518037107632626,40
2018-05-01,2018-04-30T16:00:00-04:00,True,2018-January,2018-02-05,-5.0,4.4136460554371,3.6371168185584093,11.518037107632626,60
2018-06-05,2018-06-04T16:00:00-04:00,True,2018-January,2018-02-05,-5.0,4.4136460554371,3.6371168185584093,11.518037107632626,85
2018-07-03,2018-07-02T16:00:00-04:00,False,,,,,,,
2018-08-07,2018-08-06T16:00:00-04:00,False,,,,,,,
2018-09-04,2018-09-03T16:00:00-04:00,True,2018-July,2018-08-06,-11.75889328063241,6.016042780748664,-6.75889328063241,1.6023967253115634,20
2018-10-02,2018-10-01T16:00:00-04:00,True,2018-July,2018-08-06,-11.75889328063241,6.016042780748664,-6.75889328063241,1.6023967253115634,40
2018-11-06,2018-11-05T16:00:00-05:00,True,2018-July,2018-08-06,-11.75889328063241,6.016042780748664,-6.75889328063241,1.6023967253115634,65
2018-12-04,2018-12-03T16:00:00-05:00,True,2018-October,2018-11-13,-9.509476031215161,-12.630992196209588,2.249417249417249,-18.647034976958253,14
2019-01-01,2018-12-31T16:00:00-05:00,True,2018-October,2018-11-13,-9.509476031215161,-12.630992196209588,2.249417249417249,-18.647034976958253,34
2019-02-05,2019-02-04T16:00:00-05:00,True,2018-October,2018-11-13,-9.509476031215161,-12.630992196209588,2.249417249417249,-18.647034976958253,59
2019-03-05,2019-03-04T16:00:00-05:00,True,2019-January,2019-02-04,3.5628019323671496,-9.23913043478261,13.07227796358231,3.391861761426979,20
2019-04-02,2019-04-01T16:00:00-04:00,True,2019-January,2019-02-04,3.5628019323671496,-9.23913043478261,13.07227796358231,3.391861761426979,40
2019-05-07,2019-05-06T16:00:00-04:00,True,2019-January,2019-02-04,3.5628019323671496,-9.23913043478261,13.07227796358231,3.391861761426979,65
2019-06-04,2019-06-03T16:00:00-04:00,True,2019-April,2019-05-06,-2.112676056338028,-13.597763048881525,-5.675477988705177,-4.358632614098916,20
2019-07-02,2019-07-01T16:00:00-04:00,True,2018-April,2019-06-06,-7.126340130334244,-4.25642087821044,-5.013664073996216,9.341342170671085,17
2019-08-06,2019-08-05T16:00:00-04:00,True,2018-April,2019-06-06,-7.126340130334244,-4.25642087821044,-5.013664073996216,9.341342170671085,42
2019-09-03,2019-09-02T16:00:00-04:00,True,2019-July,2019-08-05,-4.307001428863034,-5.181837292411183,2.81933870147121,-0.9254164142007433,20
2019-10-01,2019-09-30T16:00:00-04:00,True,2019-July,2019-08-05,-4.307001428863034,-5.181837292411183,2.81933870147121,-0.9254164142007433,40
2019-11-05,2019-11-04T16:00:00-05:00,True,2019-July,2019-08-05,-4.307001428863034,-5.181837292411183,2.81933870147121,-0.9254164142007433,65
2019-12-03,2019-12-02T16:00:00-05:00,True,2019-October,2019-11-04,5.519604111153407,-19.261515036162923,9.826605540016441,-14.07967774375174,20
2020-01-07,2020-01-06T16:00:00-05:00,True,2019-October,2019-11-04,5.519604111153407,-19.261515036162923,9.826605540016441,-14.07967774375174,45
2020-02-04,2020-02-03T16:00:00-05:00,True,2019-October,2019-11-04,5.519604111153407,-19.261515036162923,9.826605540016441,-14.07967774375174,65
2020-03-03,2020-03-02T16:00:00-05:00,True,2020-January,2020-02-03,-0.7246376811594203,-11.269841269841269,-6.244241792312827,7.991673766321654,20
2020-04-07,2020-04-06T16:00:00-04:00,True,2020-January,2020-02-03,-0.7246376811594203,-11.269841269841269,-6.244241792312827,7.991673766321654,45
2020-05-05,2020-05-04T16:00:00-04:00,True,2020-January,2020-02-03,-0.7246376811594203,-11.269841269841269,-6.244241792312827,7.991673766321654,65
2020-06-02,2020-06-01T16:00:00-04:00,True,2020-April,2020-05-04,40.61050061050061,3.787878787878788,41.33513829166003,15.057720057720058,20
2020-07-07,2020-07-06T16:00:00-04:00,True,2020-April,2020-05-04,40.61050061050061,3.787878787878788,41.33513829166003,15.057720057720058,45
2020-08-04,2020-08-03T16:00:00-04:00,True,2020-April,2020-05-04,40.61050061050061,3.787878787878788,41.33513829166003,15.057720057720058,65
2020-09-01,2020-08-31T16:00:00-04:00,True,2020-July,2020-08-03,70.61643835616438,-25.929549902152644,30.005937745663772,-29.717428690031433,20
2020-10-06,2020-10-05T16:00:00-04:00,True,2020-July,2020-08-03,70.61643835616438,-25.929549902152644,30.005937745663772,-29.717428690031433,45
2020-11-03,2020-11-02T16:00:00-05:00,True,2020-July,2020-08-03,70.61643835616438,-25.929549902152644,30.005937745663772,-29.717428690031433,65
2020-12-01,2020-11-30T16:00:00-05:00,True,2020-October,2020-11-09,34.5122215011897,-40.37433155080214,-36.10421685497468,-14.444781648649496,15
2021-01-05,2021-01-04T16:00:00-05:00,True,2020-October,2020-11-09,34.5122215011897,-40.37433155080214,-36.10421685497468,-14.444781648649496,40
2021-02-02,2021-02-01T16:00:00-05:00,True,2020-October,2020-11-09,34.5122215011897,-40.37433155080214,-36.10421685497468,-14.444781648649496,60
2021-03-02,2021-03-01T16:00:00-05:00,True,2021-January,2021-02-01,8.454011741682974,-14.379084967320262,-26.058209759506724,25.99524658348188,20
2021-04-06,2021-04-05T16:00:00-04:00,True,2021-January,2021-02-01,8.454011741682974,-14.379084967320262,-26.058209759506724,25.99524658348188,45
2021-05-04,2021-05-03T16:00:00-04:00,True,2021-January,2021-02-01,8.454011741682974,-14.379084967320262,-26.058209759506724,25.99524658348188,65
2021-06-01,2021-05-31T16:00:00-04:00,True,2021-April,2021-05-03,-13.962818003913895,-2.0229468599033815,-22.41682974559687,12.35613810741688,20
2021-07-06,2021-07-05T16:00:00-04:00,True,2021-April,2021-05-03,-13.962818003913895,-2.0229468599033815,-22.41682974559687,12.35613810741688,45
2021-08-03,2021-08-02T16:00:00-04:00,True,2021-April,2021-05-03,-13.962818003913895,-2.0229468599033815,-22.41682974559687,12.35613810741688,65
2021-09-07,2021-09-06T16:00:00-04:00,True,2021-July,2021-08-03,-29.073359073359075,6.454248366013072,-15.11054106944518,8.477195225916454,24
2021-10-05,2021-10-04T16:00:00-04:00,True,2021-July,2021-08-03,-29.073359073359075,6.454248366013072,-15.11054106944518,8.477195225916454,44
2021-11-02,2021-11-01T16:00:00-04:00,True,2021-July,2021-08-03,-29.073359073359075,6.454248366013072,-15.11054106944518,8.477195225916454,64
2021-12-07,2021-12-06T16:00:00-05:00,True,2021-October,2021-11-08,-14.646464646464647,3.787878787878788,14.426894426894428,-2.666369578134284,20
2022-01-04,2022-01-03T16:00:00-05:00,True,2021-October,2021-11-08,-14.646464646464647,3.787878787878788,14.426894426894428,-2.666369578134284,40
2022-02-01,2022-01-31T16:00:00-05:00,True,2021-October,2021-11-08,-14.646464646464647,3.787878787878788,14.426894426894428,-2.666369578134284,60
2022-03-01,2022-02-28T16:00:00-05:00,True,2022-January,2022-01-31,-11.933876811594203,15.48494983277592,2.712587834870444,11.697071044897132,20
2022-04-05,2022-04-04T16:00:00-04:00,True,2022-January,2022-01-31,-11.933876811594203,15.48494983277592,2.712587834870444,11.697071044897132,45
2022-05-03,2022-05-02T16:00:00-04:00,True,2022-January,2022-01-31,-11.933876811594203,15.48494983277592,2.712587834870444,11.697071044897132,65
2022-06-07,2022-06-06T16:00:00-04:00,True,2022-April,2022-05-09,-0.7575757575757576,15.024813895781637,11.176301054018445,-0.46013593699428235,20
2022-07-05,2022-07-04T16:00:00-04:00,True,2022-April,2022-05-09,-0.7575757575757576,15.024813895781637,11.176301054018445,-0.46013593699428235,40
2022-08-02,2022-08-01T16:00:00-04:00,True,2022-April,2022-05-09,-0.7575757575757576,15.024813895781637,11.176301054018445,-0.46013593699428235,60
2022-09-06,2022-09-05T16:00:00-04:00,True,2022-July,2022-08-01,23.232323232323232,20.851370851370852,23.98989898989899,5.826556955589215,25
2022-10-04,2022-10-03T16:00:00-04:00,True,2022-July,2022-08-01,23.232323232323232,20.851370851370852,23.98989898989899,5.826556955589215,45
2022-11-01,2022-10-31T16:00:00-04:00,True,2022-July,2022-08-01,23.232323232323232,20.851370851370852,23.98989898989899,5.826556955589215,65
2022-12-06,2022-12-05T16:00:00-05:00,True,2022-October,2022-11-07,35.47430830039526,-15.349264705882353,12.241985068072026,-36.20063555725321,20
2023-01-03,2023-01-02T16:00:00-05:00,True,2022-October,2022-11-07,35.47430830039526,-15.349264705882353,12.241985068072026,-36.20063555725321,40
2023-02-07,2023-02-06T16:00:00-05:00,True,2022-October,2022-11-07,35.47430830039526,-15.349264705882353,12.241985068072026,-36.20063555725321,65
2023-03-07,2023-03-06T16:00:00-05:00,True,2023-January,2023-02-06,44.26305970149254,-36.76539179104478,8.78875140109728,-21.416127085162422,20
2023-04-04,2023-04-03T16:00:00-04:00,True,2023-January,2023-02-06,44.26305970149254,-36.76539179104478,8.78875140109728,-21.416127085162422,40
2023-05-02,2023-05-01T16:00:00-04:00,True,2023-January,2023-02-06,44.26305970149254,-36.76539179104478,8.78875140109728,-21.416127085162422,60
2023-06-06,2023-06-05T16:00:00-04:00,True,2023-April,2023-05-08,46.34920634920635,-54.44444444444444,2.086146647713811,-17.679052653399665,20
2023-07-04,2023-07-03T16:00:00-04:00,True,2023-April,2023-05-08,46.34920634920635,-54.44444444444444,2.086146647713811,-17.679052653399665,40
2023-08-01,2023-07-31T16:00:00-04:00,True,2023-April,2023-05-08,46.34920634920635,-54.44444444444444,2.086146647713811,-17.679052653399665,60
2023-09-05,2023-09-04T16:00:00-04:00,True,2023-July,2023-07-31,49.97309658326607,-49.53526517222526,3.623890234059722,4.909179272219184,25
2023-10-03,2023-10-02T16:00:00-04:00,True,2023-July,2023-07-31,49.97309658326607,-49.53526517222526,3.623890234059722,4.909179272219184,45
2023-11-07,2023-11-06T16:00:00-05:00,True,2023-July,2023-07-31,49.97309658326607,-49.53526517222526,3.623890234059722,4.909179272219184,70
2023-12-05,2023-12-04T16:00:00-05:00,True,2023-October,2023-11-06,32.12772397094431,-39.81564079690752,-17.84537261232176,9.719624375317736,20
2024-01-02,2024-01-01T16:00:00-05:00,True,2023-October,2023-11-06,32.12772397094431,-39.81564079690752,-17.84537261232176,9.719624375317736,40
2024-02-06,2024-02-05T16:00:00-05:00,True,2023-October,2023-11-06,32.12772397094431,-39.81564079690752,-17.84537261232176,9.719624375317736,65
2024-03-05,2024-03-04T16:00:00-05:00,True,2024-January,2024-02-05,16.58009841443412,-23.70689655172414,-15.54762555651019,16.108744245183384,20
2024-04-02,2024-04-01T16:00:00-04:00,True,2024-January,2024-02-05,16.58009841443412,-23.70689655172414,-15.54762555651019,16.108744245183384,40
2024-05-07,2024-05-06T16:00:00-04:00,True,2024-January,2024-02-05,16.58009841443412,-23.70689655172414,-15.54762555651019,16.108744245183384,65
2024-06-04,2024-06-03T16:00:00-04:00,True,2024-April,2024-05-06,17.64856557377049,-24.756659836065573,1.0684671593363717,-1.0497632843414344,20
2024-07-02,2024-07-01T16:00:00-04:00,True,2024-April,2024-05-06,17.64856557377049,-24.756659836065573,1.0684671593363717,-1.0497632843414344,40
2024-08-06,2024-08-05T16:00:00-04:00,True,2024-April,2024-05-06,17.64856557377049,-24.756659836065573,1.0684671593363717,-1.0497632843414344,65
2024-09-03,2024-09-02T16:00:00-04:00,True,2024-July,2024-08-05,8.066614623991672,0.0,-9.581950949778818,24.756659836065573,20
2024-10-01,2024-09-30T16:00:00-04:00,True,2024-July,2024-08-05,8.066614623991672,0.0,-9.581950949778818,24.756659836065573,40
2024-11-05,2024-11-04T16:00:00-05:00,True,2024-July,2024-08-05,8.066614623991672,0.0,-9.581950949778818,24.756659836065573,65
2024-12-03,2024-12-02T16:00:00-05:00,True,2024-October,2024-11-12,6.666666666666667,-19.97777160322312,-1.399947957325005,-19.97777160322312,14
