model,group,origins,releases,cells,crps_ratio,oracle_capture,delta_mse,r2,pearson,spearman,sign_accuracy,calibration_slope,mean_abs_predicted_delta,median_abs_predicted_delta,actual_mean_abs_delta
SLOOS_FULL5_RELEASE_BALANCED,2017,11,5,330,0.9132581631397668,0.15378812614859777,0.6838235698311255,-0.13977500607628146,0.047576365702217356,0.03613206231963061,0.6393939393939394,0.13983191674555537,0.3735647235918027,0.35617616347290104,0.736581446773851
SLOOS_FULL5_RELEASE_BALANCED,2018,10,4,300,0.9947537397584476,0.00860873504235073,1.1223076225894002,-0.04980633304718163,0.3253782284882453,0.35586884298714433,0.5766666666666667,0.9834053975309627,0.345174276784657,0.321185273510468,0.807326402419521
SLOOS_FULL5_RELEASE_BALANCED,2019,11,6,330,1.3060522718218106,-0.4468654913117964,2.587230681704976,-1.2344215870547015,-0.1838508939030005,-0.17653906163258865,0.30606060606060603,-0.5134218521863813,0.452427967433434,0.3758073485233464,1.0376021477470259
SLOOS_FULL5_RELEASE_BALANCED,2020,12,5,360,1.323879937575473,-0.5251958630921868,1.8934537765267887,-0.6979129979802106,0.259844765327706,0.2948368943176002,0.6055555555555555,0.24081192419734876,0.8166326896064081,0.5298790569903211,0.7277927408200127
SLOOS_FULL5_RELEASE_BALANCED,2021,12,5,360,1.250169503456838,-0.3112037757938912,5.721019556808357,-0.8489509467714824,-0.2993562089883182,-0.2946280449694828,0.5305555555555556,-0.46196563081950415,0.9463676256294101,0.6485482249997274,1.3839188035441292
SLOOS_FULL5_RELEASE_BALANCED,2022,12,5,360,1.0880437930362232,-0.11176130674783728,4.42641377165557,-0.7565048429887855,-0.5008119564668647,-0.4460175875842663,0.40555555555555556,-2.1432274434086236,0.3039826413393385,0.25896963759021707,1.4179947140946865
SLOOS_FULL5_RELEASE_BALANCED,2023,11,5,330,1.1057574422700596,-0.17322661262153072,1.3410757950304018,-0.17155231459076115,-0.02100803274252128,-0.047963542531904046,0.4909090909090909,-0.053360695262898994,0.29552905032129123,0.21070701370112546,0.8209265867478545
SLOOS_FULL5_RELEASE_BALANCED,2024,12,5,246,1.0376031982951397,-0.062041507530090086,1.1744527688639816,-0.07854607867289687,0.01844093984609752,0.0645479955584485,0.573170731707317,0.06868620528081962,0.25006393179107833,0.1713615584898026,0.811029694162958
LEVELS_ONLY,2017,11,5,330,0.8952763099393445,0.1856688841365568,0.6694420606081485,-0.11580437171213886,0.23755672288361143,0.2365502980660144,0.6606060606060606,0.9822058281821809,0.21978733115170954,0.19165585300286464,0.736581446773851
LEVELS_ONLY,2018,10,4,300,0.9900529519844238,0.0163223890689604,1.092593120642018,-0.022011393674202573,0.28455422136417985,0.29173835264836273,0.59,1.0214496330111675,0.2716923550120159,0.2543766003528971,0.807326402419521
LEVELS_ONLY,2019,11,6,330,1.3144214892325878,-0.45908534652770433,2.6129886091244776,-1.2566670209353772,-0.2260890441689936,-0.19575186014730914,0.3090909090909091,-0.8789080196878305,0.46387179484714625,0.4311778966004788,1.0376021477470259
LEVELS_ONLY,2020,12,5,360,1.158982357478437,-0.25780194067396106,1.5211492013374923,-0.3640570648393662,0.3068892331141012,0.3084836045545619,0.5888888888888889,0.36705332621015907,0.5876731404325474,0.256393552214075,0.7277927408200127
LEVELS_ONLY,2021,12,5,360,1.1412306577045042,-0.17568693756902823,5.133767182102699,-0.6591594553381661,-0.3746428493089676,-0.34587458236560464,0.4,-1.5272909645100499,0.33737214745399935,0.26104440470290036,1.3839188035441292
LEVELS_ONLY,2022,12,5,360,1.0297310629142566,-0.03774011009421661,3.9409360417247443,-0.5638558888292757,-0.3339613521586048,-0.34369118074470734,0.49166666666666664,-1.9328696540279848,0.23967099614142587,0.21799501340291888,1.4179947140946865
LEVELS_ONLY,2023,11,5,330,1.0539560660736087,-0.0883779557796738,1.246518849576528,-0.08894817788377751,0.04890828529471366,0.039634223204320265,0.5121212121212121,0.1401622369102251,0.25235236384597187,0.16633005689415958,0.8209265867478545
LEVELS_ONLY,2024,12,5,246,1.0170600261623868,-0.028147332929232716,1.1221656046060384,-0.030528723296504134,0.001848719879613197,0.011227613391559843,0.5121951219512195,0.010729168751317665,0.15577014806637693,0.11420122223770857,0.811029694162958
CHANGES_ONLY,2017,11,5,330,0.9614806937388349,0.0682924427804491,0.7787785091333117,-0.298042827331477,0.06614637672982748,0.05876654681694213,0.5818181818181818,0.19315153674193136,0.24182779611167735,0.2141293101056279,0.736581446773851
CHANGES_ONLY,2018,10,4,300,0.9973755266025441,0.004306571741418239,1.1311858933545278,-0.05811106580328129,0.21971904257484196,0.2623389148768319,0.5433333333333333,0.8975456153838288,0.24083901026981977,0.19755752458307096,0.807326402419521
CHANGES_ONLY,2019,11,6,330,1.0123189927080263,-0.017986903662468728,1.6479541127636597,-0.423229969431302,0.18057681266916098,0.1710403885501912,0.5212121212121212,0.703126325132888,0.22855809314055914,0.19192460489319935,1.0376021477470259
CHANGES_ONLY,2020,12,5,360,1.5753012125586257,-0.9328945137186851,2.2326482814342343,-1.002078204369481,-0.18786098047057523,-0.21371178275552535,0.42777777777777776,-0.2479691625145351,0.7701113533405536,0.7636766733166369,0.7277927408200127
CHANGES_ONLY,2021,12,5,360,0.9475910743103195,0.06519521897977455,3.601614779422966,-0.16398991302090504,0.05194095094256794,-0.03166665380648513,0.6111111111111112,0.2583703371926522,0.3786759240480937,0.33766469183767045,1.3839188035441292
CHANGES_ONLY,2022,12,5,360,1.0330601329449278,-0.04196597547384421,3.934859561281785,-0.5614445988150589,0.07943733295975645,0.04803637888152428,0.4027777777777778,0.6352491039767506,0.17225302259710135,0.14831278162634942,1.4179947140946865
CHANGES_ONLY,2023,11,5,330,1.0917365930541907,-0.1502610022246744,1.3698737620980304,-0.19670997167368842,-0.19612783284578272,-0.25214873832216506,0.4393939393939394,-0.7402371727790616,0.1982926813583354,0.11664070822838239,0.8209265867478545
CHANGES_ONLY,2024,12,5,246,1.0694042163409,-0.11450999930743946,1.2562863414359207,-0.1536970605949981,-0.032196936315140194,0.06532184118833669,0.5040650406504065,-0.10761756172904798,0.2988790980074588,0.2555966337583218,0.811029694162958
STANDARDS_ONLY,2017,11,5,330,0.9533978409143671,0.08262286089014084,0.7525316073242279,-0.254295340422946,-0.16021555622525582,-0.19257593984083665,0.6454545454545455,-0.5802748213783999,0.2914718851872537,0.26761779056553875,0.736581446773851
STANDARDS_ONLY,2018,10,4,300,0.9602274353807183,0.06526391276786032,1.0454822384049003,0.022056116456271146,0.29268248074278774,0.32038400426671404,0.6433333333333333,1.0528313393965898,0.24679503633617236,0.22319607941260344,0.807326402419521
STANDARDS_ONLY,2019,11,6,330,1.029464042870806,-0.043020311253106125,1.691196808394871,-0.4605758517618024,0.13965304598515813,0.12373183158038847,0.509090909090909,0.5496659013045995,0.22869967631843888,0.1986482062401217,1.0376021477470259
STANDARDS_ONLY,2020,12,5,360,1.3943447269397053,-0.6394598590185577,2.042695341336242,-0.8317420863214606,0.2329951752149714,0.26597144525292116,0.5944444444444444,0.20719469283279232,0.8623609393573518,0.566317431994054,0.7277927408200127
STANDARDS_ONLY,2021,12,5,360,1.1853862478155608,-0.23061524087974347,5.168816739830455,-0.6704869665101101,-0.24061807404162133,-0.24878124059599224,0.5277777777777778,-0.409613536597752,0.8752210549286029,0.6022911383653713,1.3839188035441292
STANDARDS_ONLY,2022,12,5,360,1.1046019626951886,-0.13277996819597596,4.410300638995879,-0.7501107738817119,-0.30188080169301523,-0.31992890891647824,0.37222222222222223,-1.7212355054129196,0.2588766173663832,0.22884898915485277,1.4179947140946865
STANDARDS_ONLY,2023,11,5,330,1.0590939776487711,-0.09679365683115723,1.2962815832350971,-0.13242047528419287,0.015611725962587522,-0.0015465539795423448,0.5484848484848485,0.05400219643009124,0.3289815772800165,0.3088909246280733,0.8209265867478545
STANDARDS_ONLY,2024,12,5,246,1.0379680280882888,-0.06264344011521776,1.1712029856712078,-0.07556167520259516,-0.05051114342387991,0.016317260586470192,0.5040650406504065,-0.28178734222049245,0.24179196829625246,0.22661026353182967,0.811029694162958
DEMAND_ONLY,2017,11,5,330,0.8777862814656207,0.21667766608791902,0.6361171429844076,-0.06025947700125456,0.28439189888346367,0.2939636310209043,0.6545454545454545,1.02699444783581,0.2717508074917573,0.27115303996352835,0.736581446773851
DEMAND_ONLY,2018,10,4,300,1.0278419002179078,-0.04568655213730146,1.1761863929012866,-0.10020452437347016,0.3059336519788829,0.316581295347726,0.5166666666666667,1.4801397528676912,0.2937865918034347,0.2835434746861189,0.807326402419521
DEMAND_ONLY,2019,11,6,330,1.3809538554024037,-0.5562289433376018,2.8302387016414086,-1.444291688477417,-0.3324802079841967,-0.32704816556458904,0.30606060606060603,-1.2875134911829775,0.530162942893693,0.4930863214103792,1.0376021477470259
DEMAND_ONLY,2020,12,5,360,1.031418328664294,-0.05094720087721615,1.1911873017387389,-0.0681709940451587,0.021319474322233866,0.0286205912082655,0.5666666666666667,0.09678676250976248,0.20536335993646726,0.15272457039184406,0.7277927408200127
DEMAND_ONLY,2021,12,5,360,1.0440512164135956,-0.054798465387648564,4.279801808379277,-0.3831701722082126,-0.10943518310870985,-0.2215112256524613,0.4083333333333333,-0.7878834256256759,0.19523557816374515,0.15575391907528757,1.3839188035441292
DEMAND_ONLY,2022,12,5,360,1.0213179753348605,-0.02706067853825816,3.8484255125022746,-0.5271455402289578,0.10525012601157628,0.09443719987551344,0.4861111111111111,0.6495283518341912,0.22135415501475336,0.20715367224102516,1.4179947140946865
DEMAND_ONLY,2023,11,5,330,1.0798509292607625,-0.1307927432208651,1.297132532758098,-0.133163857490453,-0.0680604835667897,-0.08966223080769586,0.47575757575757577,-0.22495723372081408,0.22206456930740343,0.13556370036050147,0.8209265867478545
DEMAND_ONLY,2024,12,5,246,1.0620636409602986,-0.10239878580968635,1.220584518346238,-0.12091067504107178,-0.0892350926615765,-0.06973517954629269,0.4959349593495935,-0.34025482728861184,0.20642465631972692,0.12465888906552267,0.811029694162958
SLOOS_FULL5_UNWEIGHTED,2017,11,5,330,0.9516455117274184,0.0857296364878326,0.7538934026942554,-0.2565651368947628,0.04637305607841279,0.0718685955042579,0.6121212121212121,0.10477835783364826,0.36602577798529873,0.34657502412793184,0.736581446773851
SLOOS_FULL5_UNWEIGHTED,2018,10,4,300,0.9960089371740385,0.006549046525360988,1.1203109854507631,-0.0479386790539722,0.31988145957112724,0.35440616006844516,0.5733333333333334,0.8932203822159844,0.36115476678014374,0.33716732846944947,0.807326402419521
SLOOS_FULL5_UNWEIGHTED,2019,11,6,330,1.315291081000215,-0.4603550334023295,2.6245927333728365,-1.2666887425788107,-0.1915272164995393,-0.18033674238598066,0.3151515151515151,-0.5112779290468994,0.4648661428358622,0.39743599150863773,1.0376021477470259
SLOOS_FULL5_UNWEIGHTED,2020,12,5,360,1.4173402516139355,-0.6767488449278058,2.0718928403134873,-0.8579243008738089,0.23812178957410599,0.2746389504034239,0.5777777777777777,0.20860188034529878,0.8999942175570338,0.6062035714769723,0.7277927408200127
SLOOS_FULL5_UNWEIGHTED,2021,12,5,360,1.2851066885441595,-0.3546646443831768,5.897663493854571,-0.9060397176452613,-0.3007761616653293,-0.2949809283507846,0.5305555555555556,-0.43731134501743635,1.0605593643011046,0.7177908533816643,1.3839188035441292
SLOOS_FULL5_UNWEIGHTED,2022,12,5,360,1.0901085204075485,-0.11438223686840124,4.449174337978313,-0.765536769744271,-0.5065071796100546,-0.4521084267625522,0.4166666666666667,-2.093707542160457,0.3140229168540094,0.26591558878297705,1.4179947140946865
SLOOS_FULL5_UNWEIGHTED,2023,11,5,330,1.104751207851002,-0.17157843944170445,1.3495959620295659,-0.178995459419383,-0.02251378725047065,-0.04869148977910307,0.47575757575757577,-0.05662967203888427,0.30655572740606585,0.22577691588637783,0.8209265867478545
SLOOS_FULL5_UNWEIGHTED,2024,12,5,246,1.0370883239899977,-0.0611920165418822,1.181287251952897,-0.08482245276875422,0.01716137076944393,0.08828490416607049,0.5609756097560976,0.062035592758148884,0.25326612032371393,0.18376119645249037,0.811029694162958
