executive_summary,asset,horizon,year,valid,train_rows,train_releases,test_rows,first_test_cutoff,maximum_train_target_end,shared_release_count
Exposed-research fold_manifest; labels and cell losses private,UST_2Y,5,2020,True,38,27,12,2020-01-06T16:00:00-05:00,2019-11-12,0
Exposed-research fold_manifest; labels and cell losses private,UST_2Y,5,2021,True,50,35,12,2021-01-04T16:00:00-05:00,2020-11-10,0
Exposed-research fold_manifest; labels and cell losses private,UST_2Y,5,2022,True,62,43,12,2022-01-03T16:00:00-05:00,2021-11-09,0
Exposed-research fold_manifest; labels and cell losses private,UST_2Y,5,2023,True,74,51,11,2023-01-02T16:00:00-05:00,2022-11-08,0
Exposed-research fold_manifest; labels and cell losses private,UST_2Y,5,2024,True,85,59,12,2024-01-01T16:00:00-05:00,2023-11-14,0
Exposed-research fold_manifest; labels and cell losses private,UST_2Y,21,2020,True,38,27,12,2020-01-06T16:00:00-05:00,2019-12-04,0
Exposed-research fold_manifest; labels and cell losses private,UST_2Y,21,2021,True,50,35,12,2021-01-04T16:00:00-05:00,2020-12-02,0
Exposed-research fold_manifest; labels and cell losses private,UST_2Y,21,2022,True,62,43,12,2022-01-03T16:00:00-05:00,2021-12-01,0
Exposed-research fold_manifest; labels and cell losses private,UST_2Y,21,2023,True,74,51,11,2023-01-02T16:00:00-05:00,2022-11-30,0
Exposed-research fold_manifest; labels and cell losses private,UST_2Y,21,2024,True,85,59,11,2024-01-01T16:00:00-05:00,2023-12-06,0
Exposed-research fold_manifest; labels and cell losses private,UST_2Y,63,2020,True,37,26,12,2020-01-06T16:00:00-05:00,2019-12-27,0
Exposed-research fold_manifest; labels and cell losses private,UST_2Y,63,2021,True,48,34,12,2021-01-04T16:00:00-05:00,2020-11-27,0
Exposed-research fold_manifest; labels and cell losses private,UST_2Y,63,2022,True,61,42,12,2022-01-03T16:00:00-05:00,2021-12-31,0
Exposed-research fold_manifest; labels and cell losses private,UST_2Y,63,2023,True,73,50,11,2023-01-02T16:00:00-05:00,2022-12-30,0
Exposed-research fold_manifest; labels and cell losses private,UST_2Y,63,2024,True,84,58,9,2024-01-01T16:00:00-05:00,2023-12-29,0
Exposed-research fold_manifest; labels and cell losses private,UST_2Y,126,2020,True,34,24,12,2020-01-06T16:00:00-05:00,2019-12-26,0
Exposed-research fold_manifest; labels and cell losses private,UST_2Y,126,2021,True,46,33,12,2021-01-04T16:00:00-05:00,2020-12-30,0
Exposed-research fold_manifest; labels and cell losses private,UST_2Y,126,2022,True,58,40,12,2022-01-03T16:00:00-05:00,2021-12-29,0
Exposed-research fold_manifest; labels and cell losses private,UST_2Y,126,2023,True,70,48,11,2023-01-02T16:00:00-05:00,2022-12-28,0
Exposed-research fold_manifest; labels and cell losses private,UST_2Y,126,2024,True,81,56,6,2024-01-01T16:00:00-05:00,2023-11-29,0
Exposed-research fold_manifest; labels and cell losses private,UST_2Y,189,2020,True,31,22,12,2020-01-06T16:00:00-05:00,2019-12-23,0
Exposed-research fold_manifest; labels and cell losses private,UST_2Y,189,2021,True,43,30,12,2021-01-04T16:00:00-05:00,2020-12-28,0
Exposed-research fold_manifest; labels and cell losses private,UST_2Y,189,2022,True,55,38,12,2022-01-03T16:00:00-05:00,2021-12-27,0
Exposed-research fold_manifest; labels and cell losses private,UST_2Y,189,2023,True,67,46,11,2023-01-02T16:00:00-05:00,2022-12-27,0
Exposed-research fold_manifest; labels and cell losses private,UST_2Y,189,2024,True,79,54,3,2024-01-01T16:00:00-05:00,2023-12-26,0
Exposed-research fold_manifest; labels and cell losses private,UST_5Y,5,2020,True,38,27,12,2020-01-06T16:00:00-05:00,2019-11-12,0
Exposed-research fold_manifest; labels and cell losses private,UST_5Y,5,2021,True,50,35,12,2021-01-04T16:00:00-05:00,2020-11-10,0
Exposed-research fold_manifest; labels and cell losses private,UST_5Y,5,2022,True,62,43,12,2022-01-03T16:00:00-05:00,2021-11-09,0
Exposed-research fold_manifest; labels and cell losses private,UST_5Y,5,2023,True,74,51,11,2023-01-02T16:00:00-05:00,2022-11-08,0
Exposed-research fold_manifest; labels and cell losses private,UST_5Y,5,2024,True,85,59,12,2024-01-01T16:00:00-05:00,2023-11-14,0
Exposed-research fold_manifest; labels and cell losses private,UST_5Y,21,2020,True,38,27,12,2020-01-06T16:00:00-05:00,2019-12-04,0
Exposed-research fold_manifest; labels and cell losses private,UST_5Y,21,2021,True,50,35,12,2021-01-04T16:00:00-05:00,2020-12-02,0
Exposed-research fold_manifest; labels and cell losses private,UST_5Y,21,2022,True,62,43,12,2022-01-03T16:00:00-05:00,2021-12-01,0
Exposed-research fold_manifest; labels and cell losses private,UST_5Y,21,2023,True,74,51,11,2023-01-02T16:00:00-05:00,2022-11-30,0
Exposed-research fold_manifest; labels and cell losses private,UST_5Y,21,2024,True,85,59,11,2024-01-01T16:00:00-05:00,2023-12-06,0
Exposed-research fold_manifest; labels and cell losses private,UST_5Y,63,2020,True,37,26,12,2020-01-06T16:00:00-05:00,2019-12-27,0
Exposed-research fold_manifest; labels and cell losses private,UST_5Y,63,2021,True,48,34,12,2021-01-04T16:00:00-05:00,2020-11-27,0
Exposed-research fold_manifest; labels and cell losses private,UST_5Y,63,2022,True,61,42,12,2022-01-03T16:00:00-05:00,2021-12-31,0
Exposed-research fold_manifest; labels and cell losses private,UST_5Y,63,2023,True,73,50,11,2023-01-02T16:00:00-05:00,2022-12-30,0
Exposed-research fold_manifest; labels and cell losses private,UST_5Y,63,2024,True,84,58,9,2024-01-01T16:00:00-05:00,2023-12-29,0
Exposed-research fold_manifest; labels and cell losses private,UST_5Y,126,2020,True,34,24,12,2020-01-06T16:00:00-05:00,2019-12-26,0
Exposed-research fold_manifest; labels and cell losses private,UST_5Y,126,2021,True,46,33,12,2021-01-04T16:00:00-05:00,2020-12-30,0
Exposed-research fold_manifest; labels and cell losses private,UST_5Y,126,2022,True,58,40,12,2022-01-03T16:00:00-05:00,2021-12-29,0
Exposed-research fold_manifest; labels and cell losses private,UST_5Y,126,2023,True,70,48,11,2023-01-02T16:00:00-05:00,2022-12-28,0
Exposed-research fold_manifest; labels and cell losses private,UST_5Y,126,2024,True,81,56,6,2024-01-01T16:00:00-05:00,2023-11-29,0
Exposed-research fold_manifest; labels and cell losses private,UST_5Y,189,2020,True,31,22,12,2020-01-06T16:00:00-05:00,2019-12-23,0
Exposed-research fold_manifest; labels and cell losses private,UST_5Y,189,2021,True,43,30,12,2021-01-04T16:00:00-05:00,2020-12-28,0
Exposed-research fold_manifest; labels and cell losses private,UST_5Y,189,2022,True,55,38,12,2022-01-03T16:00:00-05:00,2021-12-27,0
Exposed-research fold_manifest; labels and cell losses private,UST_5Y,189,2023,True,67,46,11,2023-01-02T16:00:00-05:00,2022-12-27,0
Exposed-research fold_manifest; labels and cell losses private,UST_5Y,189,2024,True,79,54,3,2024-01-01T16:00:00-05:00,2023-12-26,0
Exposed-research fold_manifest; labels and cell losses private,UST_7Y,5,2020,True,38,27,12,2020-01-06T16:00:00-05:00,2019-11-12,0
Exposed-research fold_manifest; labels and cell losses private,UST_7Y,5,2021,True,50,35,12,2021-01-04T16:00:00-05:00,2020-11-10,0
Exposed-research fold_manifest; labels and cell losses private,UST_7Y,5,2022,True,62,43,12,2022-01-03T16:00:00-05:00,2021-11-09,0
Exposed-research fold_manifest; labels and cell losses private,UST_7Y,5,2023,True,74,51,11,2023-01-02T16:00:00-05:00,2022-11-08,0
Exposed-research fold_manifest; labels and cell losses private,UST_7Y,5,2024,True,85,59,12,2024-01-01T16:00:00-05:00,2023-11-14,0
Exposed-research fold_manifest; labels and cell losses private,UST_7Y,21,2020,True,38,27,12,2020-01-06T16:00:00-05:00,2019-12-04,0
Exposed-research fold_manifest; labels and cell losses private,UST_7Y,21,2021,True,50,35,12,2021-01-04T16:00:00-05:00,2020-12-02,0
Exposed-research fold_manifest; labels and cell losses private,UST_7Y,21,2022,True,62,43,12,2022-01-03T16:00:00-05:00,2021-12-01,0
Exposed-research fold_manifest; labels and cell losses private,UST_7Y,21,2023,True,74,51,11,2023-01-02T16:00:00-05:00,2022-11-30,0
Exposed-research fold_manifest; labels and cell losses private,UST_7Y,21,2024,True,85,59,11,2024-01-01T16:00:00-05:00,2023-12-06,0
Exposed-research fold_manifest; labels and cell losses private,UST_7Y,63,2020,True,37,26,12,2020-01-06T16:00:00-05:00,2019-12-27,0
Exposed-research fold_manifest; labels and cell losses private,UST_7Y,63,2021,True,48,34,12,2021-01-04T16:00:00-05:00,2020-11-27,0
Exposed-research fold_manifest; labels and cell losses private,UST_7Y,63,2022,True,61,42,12,2022-01-03T16:00:00-05:00,2021-12-31,0
Exposed-research fold_manifest; labels and cell losses private,UST_7Y,63,2023,True,73,50,11,2023-01-02T16:00:00-05:00,2022-12-30,0
Exposed-research fold_manifest; labels and cell losses private,UST_7Y,63,2024,True,84,58,9,2024-01-01T16:00:00-05:00,2023-12-29,0
Exposed-research fold_manifest; labels and cell losses private,UST_7Y,126,2020,True,34,24,12,2020-01-06T16:00:00-05:00,2019-12-26,0
Exposed-research fold_manifest; labels and cell losses private,UST_7Y,126,2021,True,46,33,12,2021-01-04T16:00:00-05:00,2020-12-30,0
Exposed-research fold_manifest; labels and cell losses private,UST_7Y,126,2022,True,58,40,12,2022-01-03T16:00:00-05:00,2021-12-29,0
Exposed-research fold_manifest; labels and cell losses private,UST_7Y,126,2023,True,70,48,11,2023-01-02T16:00:00-05:00,2022-12-28,0
Exposed-research fold_manifest; labels and cell losses private,UST_7Y,126,2024,True,81,56,6,2024-01-01T16:00:00-05:00,2023-11-29,0
Exposed-research fold_manifest; labels and cell losses private,UST_7Y,189,2020,True,31,22,12,2020-01-06T16:00:00-05:00,2019-12-23,0
Exposed-research fold_manifest; labels and cell losses private,UST_7Y,189,2021,True,43,30,12,2021-01-04T16:00:00-05:00,2020-12-28,0
Exposed-research fold_manifest; labels and cell losses private,UST_7Y,189,2022,True,55,38,12,2022-01-03T16:00:00-05:00,2021-12-27,0
Exposed-research fold_manifest; labels and cell losses private,UST_7Y,189,2023,True,67,46,11,2023-01-02T16:00:00-05:00,2022-12-27,0
Exposed-research fold_manifest; labels and cell losses private,UST_7Y,189,2024,True,79,54,3,2024-01-01T16:00:00-05:00,2023-12-26,0
Exposed-research fold_manifest; labels and cell losses private,UST_10Y,5,2020,True,38,27,12,2020-01-06T16:00:00-05:00,2019-11-12,0
Exposed-research fold_manifest; labels and cell losses private,UST_10Y,5,2021,True,50,35,12,2021-01-04T16:00:00-05:00,2020-11-10,0
Exposed-research fold_manifest; labels and cell losses private,UST_10Y,5,2022,True,62,43,12,2022-01-03T16:00:00-05:00,2021-11-09,0
Exposed-research fold_manifest; labels and cell losses private,UST_10Y,5,2023,True,74,51,11,2023-01-02T16:00:00-05:00,2022-11-08,0
Exposed-research fold_manifest; labels and cell losses private,UST_10Y,5,2024,True,85,59,12,2024-01-01T16:00:00-05:00,2023-11-14,0
Exposed-research fold_manifest; labels and cell losses private,UST_10Y,21,2020,True,38,27,12,2020-01-06T16:00:00-05:00,2019-12-04,0
Exposed-research fold_manifest; labels and cell losses private,UST_10Y,21,2021,True,50,35,12,2021-01-04T16:00:00-05:00,2020-12-02,0
Exposed-research fold_manifest; labels and cell losses private,UST_10Y,21,2022,True,62,43,12,2022-01-03T16:00:00-05:00,2021-12-01,0
Exposed-research fold_manifest; labels and cell losses private,UST_10Y,21,2023,True,74,51,11,2023-01-02T16:00:00-05:00,2022-11-30,0
Exposed-research fold_manifest; labels and cell losses private,UST_10Y,21,2024,True,85,59,11,2024-01-01T16:00:00-05:00,2023-12-06,0
Exposed-research fold_manifest; labels and cell losses private,UST_10Y,63,2020,True,37,26,12,2020-01-06T16:00:00-05:00,2019-12-27,0
Exposed-research fold_manifest; labels and cell losses private,UST_10Y,63,2021,True,48,34,12,2021-01-04T16:00:00-05:00,2020-11-27,0
Exposed-research fold_manifest; labels and cell losses private,UST_10Y,63,2022,True,61,42,12,2022-01-03T16:00:00-05:00,2021-12-31,0
Exposed-research fold_manifest; labels and cell losses private,UST_10Y,63,2023,True,73,50,11,2023-01-02T16:00:00-05:00,2022-12-30,0
Exposed-research fold_manifest; labels and cell losses private,UST_10Y,63,2024,True,84,58,9,2024-01-01T16:00:00-05:00,2023-12-29,0
Exposed-research fold_manifest; labels and cell losses private,UST_10Y,126,2020,True,34,24,12,2020-01-06T16:00:00-05:00,2019-12-26,0
Exposed-research fold_manifest; labels and cell losses private,UST_10Y,126,2021,True,46,33,12,2021-01-04T16:00:00-05:00,2020-12-30,0
Exposed-research fold_manifest; labels and cell losses private,UST_10Y,126,2022,True,58,40,12,2022-01-03T16:00:00-05:00,2021-12-29,0
Exposed-research fold_manifest; labels and cell losses private,UST_10Y,126,2023,True,70,48,11,2023-01-02T16:00:00-05:00,2022-12-28,0
Exposed-research fold_manifest; labels and cell losses private,UST_10Y,126,2024,True,81,56,6,2024-01-01T16:00:00-05:00,2023-11-29,0
Exposed-research fold_manifest; labels and cell losses private,UST_10Y,189,2020,True,31,22,12,2020-01-06T16:00:00-05:00,2019-12-23,0
Exposed-research fold_manifest; labels and cell losses private,UST_10Y,189,2021,True,43,30,12,2021-01-04T16:00:00-05:00,2020-12-28,0
Exposed-research fold_manifest; labels and cell losses private,UST_10Y,189,2022,True,55,38,12,2022-01-03T16:00:00-05:00,2021-12-27,0
Exposed-research fold_manifest; labels and cell losses private,UST_10Y,189,2023,True,67,46,11,2023-01-02T16:00:00-05:00,2022-12-27,0
Exposed-research fold_manifest; labels and cell losses private,UST_10Y,189,2024,True,79,54,3,2024-01-01T16:00:00-05:00,2023-12-26,0
Exposed-research fold_manifest; labels and cell losses private,UST_20Y,5,2020,True,38,27,12,2020-01-06T16:00:00-05:00,2019-11-12,0
Exposed-research fold_manifest; labels and cell losses private,UST_20Y,5,2021,True,50,35,12,2021-01-04T16:00:00-05:00,2020-11-10,0
Exposed-research fold_manifest; labels and cell losses private,UST_20Y,5,2022,True,62,43,12,2022-01-03T16:00:00-05:00,2021-11-09,0
Exposed-research fold_manifest; labels and cell losses private,UST_20Y,5,2023,True,74,51,11,2023-01-02T16:00:00-05:00,2022-11-08,0
Exposed-research fold_manifest; labels and cell losses private,UST_20Y,5,2024,True,85,59,12,2024-01-01T16:00:00-05:00,2023-11-14,0
Exposed-research fold_manifest; labels and cell losses private,UST_20Y,21,2020,True,38,27,12,2020-01-06T16:00:00-05:00,2019-12-04,0
Exposed-research fold_manifest; labels and cell losses private,UST_20Y,21,2021,True,50,35,12,2021-01-04T16:00:00-05:00,2020-12-02,0
Exposed-research fold_manifest; labels and cell losses private,UST_20Y,21,2022,True,62,43,12,2022-01-03T16:00:00-05:00,2021-12-01,0
Exposed-research fold_manifest; labels and cell losses private,UST_20Y,21,2023,True,74,51,11,2023-01-02T16:00:00-05:00,2022-11-30,0
Exposed-research fold_manifest; labels and cell losses private,UST_20Y,21,2024,True,85,59,11,2024-01-01T16:00:00-05:00,2023-12-06,0
Exposed-research fold_manifest; labels and cell losses private,UST_20Y,63,2020,True,37,26,12,2020-01-06T16:00:00-05:00,2019-12-27,0
Exposed-research fold_manifest; labels and cell losses private,UST_20Y,63,2021,True,48,34,12,2021-01-04T16:00:00-05:00,2020-11-27,0
Exposed-research fold_manifest; labels and cell losses private,UST_20Y,63,2022,True,61,42,12,2022-01-03T16:00:00-05:00,2021-12-31,0
Exposed-research fold_manifest; labels and cell losses private,UST_20Y,63,2023,True,73,50,11,2023-01-02T16:00:00-05:00,2022-12-30,0
Exposed-research fold_manifest; labels and cell losses private,UST_20Y,63,2024,True,84,58,9,2024-01-01T16:00:00-05:00,2023-12-29,0
Exposed-research fold_manifest; labels and cell losses private,UST_20Y,126,2020,True,34,24,12,2020-01-06T16:00:00-05:00,2019-12-26,0
Exposed-research fold_manifest; labels and cell losses private,UST_20Y,126,2021,True,46,33,12,2021-01-04T16:00:00-05:00,2020-12-30,0
Exposed-research fold_manifest; labels and cell losses private,UST_20Y,126,2022,True,58,40,12,2022-01-03T16:00:00-05:00,2021-12-29,0
Exposed-research fold_manifest; labels and cell losses private,UST_20Y,126,2023,True,70,48,11,2023-01-02T16:00:00-05:00,2022-12-28,0
Exposed-research fold_manifest; labels and cell losses private,UST_20Y,126,2024,True,81,56,6,2024-01-01T16:00:00-05:00,2023-11-29,0
Exposed-research fold_manifest; labels and cell losses private,UST_20Y,189,2020,True,31,22,12,2020-01-06T16:00:00-05:00,2019-12-23,0
Exposed-research fold_manifest; labels and cell losses private,UST_20Y,189,2021,True,43,30,12,2021-01-04T16:00:00-05:00,2020-12-28,0
Exposed-research fold_manifest; labels and cell losses private,UST_20Y,189,2022,True,55,38,12,2022-01-03T16:00:00-05:00,2021-12-27,0
Exposed-research fold_manifest; labels and cell losses private,UST_20Y,189,2023,True,67,46,11,2023-01-02T16:00:00-05:00,2022-12-27,0
Exposed-research fold_manifest; labels and cell losses private,UST_20Y,189,2024,True,79,54,3,2024-01-01T16:00:00-05:00,2023-12-26,0
Exposed-research fold_manifest; labels and cell losses private,UST_30Y,5,2020,True,38,27,12,2020-01-06T16:00:00-05:00,2019-11-12,0
Exposed-research fold_manifest; labels and cell losses private,UST_30Y,5,2021,True,50,35,12,2021-01-04T16:00:00-05:00,2020-11-10,0
Exposed-research fold_manifest; labels and cell losses private,UST_30Y,5,2022,True,62,43,12,2022-01-03T16:00:00-05:00,2021-11-09,0
Exposed-research fold_manifest; labels and cell losses private,UST_30Y,5,2023,True,74,51,11,2023-01-02T16:00:00-05:00,2022-11-08,0
Exposed-research fold_manifest; labels and cell losses private,UST_30Y,5,2024,True,85,59,12,2024-01-01T16:00:00-05:00,2023-11-14,0
Exposed-research fold_manifest; labels and cell losses private,UST_30Y,21,2020,True,38,27,12,2020-01-06T16:00:00-05:00,2019-12-04,0
Exposed-research fold_manifest; labels and cell losses private,UST_30Y,21,2021,True,50,35,12,2021-01-04T16:00:00-05:00,2020-12-02,0
Exposed-research fold_manifest; labels and cell losses private,UST_30Y,21,2022,True,62,43,12,2022-01-03T16:00:00-05:00,2021-12-01,0
Exposed-research fold_manifest; labels and cell losses private,UST_30Y,21,2023,True,74,51,11,2023-01-02T16:00:00-05:00,2022-11-30,0
Exposed-research fold_manifest; labels and cell losses private,UST_30Y,21,2024,True,85,59,11,2024-01-01T16:00:00-05:00,2023-12-06,0
Exposed-research fold_manifest; labels and cell losses private,UST_30Y,63,2020,True,37,26,12,2020-01-06T16:00:00-05:00,2019-12-27,0
Exposed-research fold_manifest; labels and cell losses private,UST_30Y,63,2021,True,48,34,12,2021-01-04T16:00:00-05:00,2020-11-27,0
Exposed-research fold_manifest; labels and cell losses private,UST_30Y,63,2022,True,61,42,12,2022-01-03T16:00:00-05:00,2021-12-31,0
Exposed-research fold_manifest; labels and cell losses private,UST_30Y,63,2023,True,73,50,11,2023-01-02T16:00:00-05:00,2022-12-30,0
Exposed-research fold_manifest; labels and cell losses private,UST_30Y,63,2024,True,84,58,9,2024-01-01T16:00:00-05:00,2023-12-29,0
Exposed-research fold_manifest; labels and cell losses private,UST_30Y,126,2020,True,34,24,12,2020-01-06T16:00:00-05:00,2019-12-26,0
Exposed-research fold_manifest; labels and cell losses private,UST_30Y,126,2021,True,46,33,12,2021-01-04T16:00:00-05:00,2020-12-30,0
Exposed-research fold_manifest; labels and cell losses private,UST_30Y,126,2022,True,58,40,12,2022-01-03T16:00:00-05:00,2021-12-29,0
Exposed-research fold_manifest; labels and cell losses private,UST_30Y,126,2023,True,70,48,11,2023-01-02T16:00:00-05:00,2022-12-28,0
Exposed-research fold_manifest; labels and cell losses private,UST_30Y,126,2024,True,81,56,6,2024-01-01T16:00:00-05:00,2023-11-29,0
Exposed-research fold_manifest; labels and cell losses private,UST_30Y,189,2020,True,31,22,12,2020-01-06T16:00:00-05:00,2019-12-23,0
Exposed-research fold_manifest; labels and cell losses private,UST_30Y,189,2021,True,43,30,12,2021-01-04T16:00:00-05:00,2020-12-28,0
Exposed-research fold_manifest; labels and cell losses private,UST_30Y,189,2022,True,55,38,12,2022-01-03T16:00:00-05:00,2021-12-27,0
Exposed-research fold_manifest; labels and cell losses private,UST_30Y,189,2023,True,67,46,11,2023-01-02T16:00:00-05:00,2022-12-27,0
Exposed-research fold_manifest; labels and cell losses private,UST_30Y,189,2024,True,79,54,3,2024-01-01T16:00:00-05:00,2023-12-26,0
