executive_summary,model,group,origins,releases,cells,crps_ratio,oracle_capture,delta_mse,r2,pearson,spearman,sign_accuracy,calibration_slope,mean_abs_predicted_delta,median_abs_predicted_delta,actual_mean_abs_delta
Exposed-research release_summary; labels and cell losses private,SPD_FULL5_RELEASE_BALANCED,2019-December,1,1,10,0.9034712339771054,0.1102375934851617,5.654889887196964,-2.0845598468854902,0.7138500146835823,0.4787878787878787,0.9,2.9115158081315666,0.31815726785309784,0.27107428012432033,2.2096390689150374
Exposed-research release_summary; labels and cell losses private,SPD_FULL5_RELEASE_BALANCED,2019-October,1,1,10,0.8622014209283426,0.1634307154901381,3.8683876067113188,-0.9474135136723707,0.790158987435449,0.8181818181818182,1.0,2.4797930525429113,0.38917066801719963,0.3474549728373615,1.8443300879648858
Exposed-research release_summary; labels and cell losses private,SPD_FULL5_RELEASE_BALANCED,2020-April,1,1,10,2.204160090647329,-8.734290165297313,0.9257358483433649,-13.285675770036768,0.13111375808065356,0.34545454545454546,0.6,0.10889158132670251,1.0359198789581552,1.1625329646765739,0.20142542418710666
Exposed-research release_summary; labels and cell losses private,SPD_FULL5_RELEASE_BALANCED,2020-December,1,1,10,0.6514417294400437,0.5283331505122559,0.48811409254731675,-0.18473464154273134,0.28059300501668893,0.33333333333333326,0.9,0.36956146832735604,0.7388988029339444,0.6170018118952314,0.8602978005391073
Exposed-research release_summary; labels and cell losses private,SPD_FULL5_RELEASE_BALANCED,2020-January,2,1,20,1.0572021335884279,-0.1017319757736222,0.8557469507324604,-0.5555964676614031,-0.02654255433808612,0.03909774436090225,0.5,-0.050123920210331775,0.3442483940122104,0.3331421616277437,0.6636750096240209
Exposed-research release_summary; labels and cell losses private,SPD_FULL5_RELEASE_BALANCED,2020-July,2,1,20,1.893306267862579,-2.5397989257236704,1.2023501768618705,-4.9975778308913545,0.36765011514145335,0.29624060150375936,0.75,0.34756272586225684,1.268030535912113,1.1352895269412007,0.3459619458623428
Exposed-research release_summary; labels and cell losses private,SPD_FULL5_RELEASE_BALANCED,2020-June,2,1,20,2.2609790723858705,-5.2980945960483,1.2138782124382106,-6.994055941971457,0.46496225882535375,0.4917293233082706,0.7,0.41136786833685046,1.1687620837276946,1.032151943739176,0.3177617601812084
Exposed-research release_summary; labels and cell losses private,SPD_FULL5_RELEASE_BALANCED,2020-March,1,1,10,2.96198431253571,-19.55515675473461,1.5852237503532078,-26.170692486067974,-0.3905333792104744,-0.34545454545454546,0.4,-0.09787986783142169,0.9353466588757738,0.9447354242389447,0.21654401811019314
Exposed-research release_summary; labels and cell losses private,SPD_FULL5_RELEASE_BALANCED,2020-November,2,1,20,1.129543624716691,-0.21493518290753705,1.0195941693334962,-0.6566137900149855,0.06046294623233658,0.1744360902255639,0.65,0.10228043620924834,0.9276058475504578,0.9123216284216185,0.7204834989681562
Exposed-research release_summary; labels and cell losses private,SPD_FULL5_RELEASE_BALANCED,2020-September,1,1,10,1.9523330377375998,-2.5770582809749656,1.2945585350492057,-4.99092507297681,0.08204433356880915,0.13939393939393938,0.7,0.09102619138971207,1.23494105185064,1.0471211208044355,0.3968900891329994
Exposed-research release_summary; labels and cell losses private,SPD_FULL5_RELEASE_BALANCED,2021-April,2,1,20,0.7088372283925352,0.34208407952509623,3.4322924460751865,0.25211898042837966,0.8572432471738582,0.6827067669172932,0.7,3.565240110213114,0.7662674803706587,0.6722526352104055,1.7022179025444466
Exposed-research release_summary; labels and cell losses private,SPD_FULL5_RELEASE_BALANCED,2021-December,1,1,10,0.6600629536130526,0.36788926735203037,7.944296218383725,-1.172769594915216,0.8085767627193332,0.7333333333333332,1.0,3.440687533724827,1.1225514428819587,1.1707778697693922,3.46255221039871
Exposed-research release_summary; labels and cell losses private,SPD_FULL5_RELEASE_BALANCED,2021-January,2,1,20,0.8924409925428505,0.18237639667760966,0.6730187247844677,0.11971386855162836,0.4580036751935655,0.21654135338345865,0.65,0.7774624657126744,0.7662674803706587,0.6722526352104055,0.6895135961325749
Exposed-research release_summary; labels and cell losses private,SPD_FULL5_RELEASE_BALANCED,2021-July,2,1,20,0.7768478058761191,0.24116692889956476,13.207542777135988,-0.39808416218502307,0.8520632808423388,0.7744360902255639,0.9,5.151256185074969,0.7906457686615874,0.6799743932315886,3.325868559984875
Exposed-research release_summary; labels and cell losses private,SPD_FULL5_RELEASE_BALANCED,2021-June,1,1,10,0.7154159864665439,0.3118830860559362,7.716669846885492,-0.5145265919994324,0.966285152740456,0.9393939393939393,1.0,4.47549966556248,0.7388988029339444,0.6170018118952314,2.8625754149503813
Exposed-research release_summary; labels and cell losses private,SPD_FULL5_RELEASE_BALANCED,2021-March,1,1,10,0.6412676471748999,0.5082574199313902,0.6635092471683802,0.5723004413604802,0.9344889686801419,0.7696969696969697,0.5,2.388295070032207,0.7388988029339444,0.6170018118952314,0.9272830798011888
Exposed-research release_summary; labels and cell losses private,SPD_FULL5_RELEASE_BALANCED,2021-November,2,1,20,0.8123438843688423,0.20313202204085257,13.37217272469302,-0.905969201564139,0.6368267273457919,0.7263157894736841,0.85,4.101609208705661,0.6953925177836696,0.5957984553167743,3.509175761006786
Exposed-research release_summary; labels and cell losses private,SPD_FULL5_RELEASE_BALANCED,2021-September,1,1,10,0.8235386796469326,0.1939606684977043,8.58478086906729,-0.15893231448994194,0.6414073305442745,0.5515151515151515,0.7,3.5919441421404543,0.6871518372063018,0.5857152740882015,2.7237308430627047
Exposed-research release_summary; labels and cell losses private,SPD_FULL5_RELEASE_BALANCED,2022-December,1,1,10,5.180429785767468,-6.346829667025006,20.345849747958646,-23.44487186827406,0.23579941241323105,0.38181818181818183,0.3,0.08865650056297754,3.3054333656706456,3.155536289641052,0.978680852370973
Exposed-research release_summary; labels and cell losses private,SPD_FULL5_RELEASE_BALANCED,2022-January,2,1,20,0.7057262176917951,0.3342643613679412,4.5295872273175934,-0.5007318297501666,-0.021776751902005648,-0.022556390977443608,0.9,-0.08689372971614744,1.0188615748448178,0.9260895405151456,2.3231515337072866
Exposed-research release_summary; labels and cell losses private,SPD_FULL5_RELEASE_BALANCED,2022-July,2,1,20,1.2516856847987914,-0.4031479451443404,1.5681098105260176,-1.3655578357497102,0.4094566519222703,0.35187969924812035,0.5,0.5955255770345842,0.6341895347019968,0.582234219718147,0.8364178527573843
Exposed-research release_summary; labels and cell losses private,SPD_FULL5_RELEASE_BALANCED,2022-June,1,1,10,0.5356905916980077,0.6348547534602687,0.64602729804511,-1.3315966253883458,0.3669926457474278,0.35757575757575755,1.0,0.5107428070546912,0.6806752031876273,0.5913982844575991,1.2906144504024104
Exposed-research release_summary; labels and cell losses private,SPD_FULL5_RELEASE_BALANCED,2022-March,1,1,10,1.6802177617879928,-0.988492261157809,3.467987204352606,-1.1653390187542532,0.8067822657362937,0.8060606060606059,0.4,1.3521482511120766,1.712048368754581,1.6786323660958065,1.0688652603857578
Exposed-research release_summary; labels and cell losses private,SPD_FULL5_RELEASE_BALANCED,2022-May,2,1,20,0.6418259641513827,0.4441261202523736,2.7242462857453287,-0.2633168976877609,-0.09486385551124957,0.1819548872180451,0.95,-0.2601848697856101,1.1684302109284623,1.0398625059907358,1.5576658333706122
Exposed-research release_summary; labels and cell losses private,SPD_FULL5_RELEASE_BALANCED,2022-November,2,1,20,4.325851816285076,-6.684309805359002,8.079005723086667,-12.66476545596804,-0.7027472527626498,-0.7172932330827068,0.4,-0.34882522525167836,2.1149377052043303,1.9613079477792488,0.6625136367078069
Exposed-research release_summary; labels and cell losses private,SPD_FULL5_RELEASE_BALANCED,2022-September,1,1,10,1.080930121366607,-0.12895864818853042,1.3964863796940146,-1.7658414593749403,0.6169398674926069,0.24848484848484845,1.0,0.4303203600890611,1.7348460391197231,1.9341836639459353,0.9550334471777493
Exposed-research release_summary; labels and cell losses private,SPD_FULL5_RELEASE_BALANCED,2023-December,1,1,10,2.8886288206969932,-3.048357551683353,5.920729893191243,-9.376413619784316,0.6466925673617239,0.7333333333333332,0.1,0.4441662676348583,1.5662446310619345,1.2000565271757666,0.7593702508044751
Exposed-research release_summary; labels and cell losses private,SPD_FULL5_RELEASE_BALANCED,2023-January-February,2,1,20,3.2347729977865405,-2.766256400094067,23.248985839322483,-4.908190109898244,-0.3641122419709781,-0.26917293233082706,0.55,-0.2813305028375019,3.539103654494314,3.2386233813502527,1.5372385179396821
Exposed-research release_summary; labels and cell losses private,SPD_FULL5_RELEASE_BALANCED,2023-July,2,1,20,6.343971725177805,-8.95377129184038,23.133400022835108,-41.51810510992293,0.05106025927149035,0.009022556390977442,0.8,0.012658979267496547,4.344725969317099,4.25820892291547,0.7829724446222074
Exposed-research release_summary; labels and cell losses private,SPD_FULL5_RELEASE_BALANCED,2023-June,1,1,10,10.29578997184084,-22.317428933300704,25.188392369418995,-91.80436854304432,-0.43823133951292037,-0.33333333333333326,0.7,-0.07890161343800514,4.170096121707439,4.1999444191074025,0.455772089478118
Exposed-research release_summary; labels and cell losses private,SPD_FULL5_RELEASE_BALANCED,2023-March,1,1,10,10.021719446884314,-17.375664362547564,31.287588701653817,-190.70880231975886,-0.02241938528358738,-0.10303030303030303,0.0,-0.003184931035260341,4.163532151436458,4.056904028393621,0.6308458663015241
Exposed-research release_summary; labels and cell losses private,SPD_FULL5_RELEASE_BALANCED,2023-May,1,1,10,12.726204113544094,-35.152845846723196,26.92692743936966,-174.45805766243004,0.9094207427911262,0.8787878787878788,0.2,0.1240589305725942,4.207867100983561,4.068388153551373,0.4275165688111252
Exposed-research release_summary; labels and cell losses private,SPD_FULL5_RELEASE_BALANCED,2023-October-November,2,1,20,6.6134337432529176,-12.932220566188755,17.25772799500188,-40.7569737375789,0.33512643754397964,0.3639097744360902,0.35,0.07819035530383396,2.9421116280242527,2.169627970662786,0.5956089376238656
Exposed-research release_summary; labels and cell losses private,SPD_FULL5_RELEASE_BALANCED,2023-September,1,1,10,6.175963950105981,-8.892416546310109,24.08437977616705,-82.67007593789018,-0.5049609948441105,-0.5757575757575757,0.8,-0.09030012715877024,4.389060918864201,4.292661298388729,0.821404490333587
Exposed-research release_summary; labels and cell losses private,SPD_FULL5_RELEASE_BALANCED,2024-April-May,2,1,14,0.5202022868405641,0.6415399631624412,0.6642269568025785,0.25675465086664584,0.5753259656890012,0.5824175824175825,0.8571428571428571,1.0244130495556432,0.9109756461133312,0.7775180524641716,1.272849004947922
Exposed-research release_summary; labels and cell losses private,SPD_FULL5_RELEASE_BALANCED,2024-January,2,1,18,2.3008493427403183,-2.517897614923721,3.233792773467725,-3.5551819484221046,0.437080954492957,0.5046439628482973,0.4444444444444444,0.3633492612216553,1.5422276328485984,1.2836581880263065,0.6790847934823177
Exposed-research release_summary; labels and cell losses private,SPD_FULL5_RELEASE_BALANCED,2024-July,2,1,10,1.2457708459852592,-0.29239714691228236,6.163331930878802,-0.7845834400393055,0.16045364151824307,0.33333333333333326,0.4,0.8182410720563821,0.779079421439012,0.6449657732609417,1.8041097972113618
Exposed-research release_summary; labels and cell losses private,SPD_FULL5_RELEASE_BALANCED,2024-June,1,1,6,2.1150117329453626,-2.147490007863726,2.783019911156193,-3.733753763223766,-0.7231178075917998,-0.4285714285714286,0.6666666666666666,-1.0417220450333253,1.0679877129626336,0.8572279689492537,0.6720961254566626
Exposed-research release_summary; labels and cell losses private,SPD_FULL5_RELEASE_BALANCED,2024-March,1,1,8,0.4958888181713196,0.7374862978805315,0.35259803461491357,0.3058069669245954,0.697757092635305,0.8095238095238096,1.0,0.8025117545856668,1.2738253420481769,1.1949843198751642,0.9963579270738439
Exposed-research release_summary; labels and cell losses private,SPD_FULL5_RELEASE_BALANCED,2024-November,1,1,2,1.4136202084753011,-2.9268495649940833,0.2522012550886845,-532.2201292398769,,,1.0,-0.16785299502973142,0.7119225393072842,0.7119225393072842,0.23306421564781898
Exposed-research release_summary; labels and cell losses private,SPD_FULL5_RELEASE_BALANCED,2024-September,1,1,4,2.15300932980478,-2.2512882488317763,1.8072595499333004,-4.368158391356194,0.35806451592997524,0.0,0.5,0.8515495737131941,0.9256621830975159,0.837495153229179,0.5777559950970306
Exposed-research release_summary; labels and cell losses private,PATH_LEVELS,2019-December,1,1,10,0.9056669892636019,0.10773000130680227,5.745501115409571,-2.1339853461961633,0.587527082959711,0.406060606060606,0.9,2.4953991280906362,0.29576132067018,0.22459122235611176,2.2096390689150374
Exposed-research release_summary; labels and cell losses private,PATH_LEVELS,2019-October,1,1,10,0.859475294822007,0.16666393271978086,3.9222241818623096,-0.9745157807246654,0.7264686529803082,0.7696969696969697,1.0,2.4475481157097554,0.35178525713333686,0.3018495409801902,1.8443300879648858
Exposed-research release_summary; labels and cell losses private,PATH_LEVELS,2020-April,1,1,10,2.4016284019518834,-10.166612613766814,1.0777195533500945,-15.631042362397288,0.3500986237006962,0.5878787878787878,0.6,0.22021284130228802,1.1083649332300831,1.0597110922380781,0.20142542418710666
Exposed-research release_summary; labels and cell losses private,PATH_LEVELS,2020-December,1,1,10,0.6147149607215571,0.5840023773362263,0.43521647100792815,-0.05634325590197453,0.3535040841540718,0.24848484848484845,0.9,0.5100408236190981,0.6929666219222493,0.5145887126768075,0.8602978005391073
Exposed-research release_summary; labels and cell losses private,PATH_LEVELS,2020-January,2,1,20,1.0625370951641901,-0.11122001665132213,0.856599642299774,-0.557146509982889,-0.06748424810315162,-0.08721804511278194,0.45,-0.1342183015491463,0.3283221739475645,0.34745429565219316,0.6636750096240209
Exposed-research release_summary; labels and cell losses private,PATH_LEVELS,2020-July,2,1,20,1.87532815316996,-2.488684545330814,1.1732291554626717,-4.852315996429287,0.36105744026688497,0.31879699248120297,0.75,0.36619313780541085,1.2613376952999134,1.177422997711188,0.3459619458623428
Exposed-research release_summary; labels and cell losses private,PATH_LEVELS,2020-June,2,1,20,2.25086109181373,-5.255583170310875,1.205570989268686,-6.939348306510869,0.47352026535814445,0.5263157894736841,0.7,0.4327055470013505,1.1695540380580152,1.068807683788675,0.3177617601812084
Exposed-research release_summary; labels and cell losses private,PATH_LEVELS,2020-March,1,1,10,2.4627914688688013,-14.579686641963027,1.0032607537272598,-16.195862361253695,0.6462482511540049,0.6242424242424242,0.5,0.5219837643713394,0.9984894478982606,0.8902165439459014,0.21654401811019314
Exposed-research release_summary; labels and cell losses private,PATH_LEVELS,2020-November,2,1,20,1.1255744435621293,-0.20834962781507602,1.0107456667222088,-0.6422369409825666,0.02453253168827027,0.10075187969924812,0.65,0.042993349031429845,0.9054179020342319,0.8686847280873977,0.7204834989681562
Exposed-research release_summary; labels and cell losses private,PATH_LEVELS,2020-September,1,1,10,1.9568795571834912,-2.5893613778154183,1.2867150672002245,-4.954627271893784,0.03790605248220409,0.13939393939393938,0.7,0.044351234856227974,1.2307431428859474,1.1076622958662021,0.3968900891329994
Exposed-research release_summary; labels and cell losses private,PATH_LEVELS,2021-April,2,1,20,0.7317725134484226,0.3151376542191633,3.630834041010447,0.20885766374851722,0.8577097662446148,0.6421052631578947,0.75,3.9371570131644695,0.7160030593415965,0.5856295414446197,1.7022179025444466
Exposed-research release_summary; labels and cell losses private,PATH_LEVELS,2021-December,1,1,10,0.6668809762127492,0.3605106148466578,8.078962016376638,-1.2096007682892527,0.8050136058895369,0.7939393939393938,1.0,3.5396803044211813,1.1019706380369523,1.1678440838891975,3.46255221039871
Exposed-research release_summary; labels and cell losses private,PATH_LEVELS,2021-January,2,1,20,0.8698066083633276,0.22075512036862763,0.6502451006497091,0.14950101228238566,0.44988740212505196,0.13082706766917293,0.7,0.8428920718228187,0.7160030593415965,0.5856295414446197,0.6895135961325749
Exposed-research release_summary; labels and cell losses private,PATH_LEVELS,2021-July,2,1,20,0.7892583687558333,0.2277544802908181,13.687342330044231,-0.4488733337412729,0.8532127700716394,0.8090225563909773,0.9,5.751421648316801,0.7390394967609436,0.5963967727098898,3.325868559984875
Exposed-research release_summary; labels and cell losses private,PATH_LEVELS,2021-June,1,1,10,0.7359488931927413,0.28938053492541643,8.043627336689156,-0.5786975132111121,0.9742143925863601,0.9636363636363635,1.0,4.943009244734587,0.6929666219222493,0.5145887126768075,2.8625754149503813
Exposed-research release_summary; labels and cell losses private,PATH_LEVELS,2021-March,1,1,10,0.6602438075602604,0.48137170906167703,0.7210838979634315,0.5351876914795146,0.9300033429300245,0.7939393939393938,0.5,2.603748133500238,0.6929666219222493,0.5145887126768075,0.9272830798011888
Exposed-research release_summary; labels and cell losses private,PATH_LEVELS,2021-November,2,1,20,0.8189787603026617,0.19594997119271518,13.639376844696653,-0.9440544726523243,0.6381354058951694,0.7413533834586465,0.85,4.407045000869241,0.6566934667841413,0.555428835919414,3.509175761006786
Exposed-research release_summary; labels and cell losses private,PATH_LEVELS,2021-September,1,1,10,0.8277596210516756,0.1893211440120237,8.80584592635385,-0.18877575981504102,0.6395787031436035,0.5757575757575757,0.7,3.842404236794249,0.6468937470835552,0.49029305467231676,2.7237308430627047
Exposed-research release_summary; labels and cell losses private,PATH_LEVELS,2022-December,1,1,10,5.514346957805131,-6.8537907983979265,23.17228627008766,-26.84074274529094,0.22005360465520857,0.38181818181818183,0.3,0.07591830162838988,3.5136189134625675,3.2200489239857593,0.978680852370973
Exposed-research release_summary; labels and cell losses private,PATH_LEVELS,2022-January,2,1,20,0.7255068922513209,0.3117955756772676,4.7207741955067215,-0.5640754313181995,-0.03849999262908121,-0.04962406015037594,0.9,-0.18001389397934675,0.9233697784399448,0.9497928919917182,2.3231515337072866
Exposed-research release_summary; labels and cell losses private,PATH_LEVELS,2022-July,2,1,20,1.457859284666227,-0.7333950277148755,1.9390628759625383,-1.9251557189772748,0.5345625941441189,0.5383458646616541,0.5,0.7610749181697439,0.6981768619472484,0.5863767182711729,0.8364178527573843
Exposed-research release_summary; labels and cell losses private,PATH_LEVELS,2022-June,1,1,10,0.5489363511339226,0.6167436982226966,0.6742412088495381,-1.4334243026702098,0.4876983750635909,0.4424242424242424,1.0,0.6702339263475982,0.6219480581379355,0.5590105501407907,1.2906144504024104
Exposed-research release_summary; labels and cell losses private,PATH_LEVELS,2022-March,1,1,10,1.6251034601576457,-0.9084001734453224,3.3302521609105318,-1.0793401248019872,0.77052077093127,0.6969696969696969,0.4,1.3175032300191953,1.6473357053945823,1.6370735334332442,1.0688652603857578
Exposed-research release_summary; labels and cell losses private,PATH_LEVELS,2022-May,2,1,20,0.6641319478560795,0.41646730356090705,2.965871329855534,-0.37536587164661106,-0.20281253189993767,0.05864661654135337,0.95,-0.5868708704013026,1.0321031170405945,0.9544083631309936,1.5576658333706122
Exposed-research release_summary; labels and cell losses private,PATH_LEVELS,2022-November,2,1,20,4.679692393164629,-7.395459961234483,9.87052691136689,-15.694930019076345,-0.6571028792415817,-0.6736842105263157,0.45,-0.28743357091822586,2.3173934002120116,1.9621092639792832,0.6625136367078069
Exposed-research release_summary; labels and cell losses private,PATH_LEVELS,2022-September,1,1,10,1.2630084542060955,-0.41909259672218746,1.8562901356576051,-2.676515784533106,0.5231501870551386,0.29696969696969694,0.8,0.35506623960478323,1.8220681139903039,1.9045125098269073,0.9550334471777493
Exposed-research release_summary; labels and cell losses private,PATH_LEVELS,2023-December,1,1,10,2.907633453842627,-3.079032142863787,5.958790267106159,-9.443116575228876,0.6486226382435355,0.7333333333333332,0.1,0.45087624191786385,1.578715587042337,1.2153073188998178,0.7593702508044751
Exposed-research release_summary; labels and cell losses private,PATH_LEVELS,2023-January-February,2,1,20,3.2626958590715223,-2.800819997298358,23.856022957869477,-5.062454503404579,-0.3674435434440853,-0.26766917293233083,0.5,-0.2729038463018877,3.5514937791309373,3.207200519535369,1.5372385179396821
Exposed-research release_summary; labels and cell losses private,PATH_LEVELS,2023-July,2,1,20,6.4841210685653925,-9.188590117973353,24.315277624497096,-43.69034075383713,0.05070262076783528,0.009022556390977442,0.75,0.012044199429266685,4.399791090855688,4.262497567262535,0.7829724446222074
Exposed-research release_summary; labels and cell losses private,PATH_LEVELS,2023-June,1,1,10,10.95047516121086,-23.889203923022915,28.913411663234236,-105.52886744329525,-0.40515939334892276,-0.33333333333333326,0.8,-0.06749794947874918,4.440977183527971,4.301042780613706,0.455772089478118
Exposed-research release_summary; labels and cell losses private,PATH_LEVELS,2023-March,1,1,10,10.1711134597702,-17.663394461112727,32.48703741664771,-198.05819823480098,-0.023744826091639158,-0.10303030303030303,0.0,-0.0032383058746831496,4.216040051674703,4.068201329314395,0.6308458663015241
Exposed-research release_summary; labels and cell losses private,PATH_LEVELS,2023-May,1,1,10,12.911626900862569,-35.708706771192986,27.981481996371667,-181.32962125568667,0.9119811184188625,0.8787878787878788,0.2,0.11961232272860615,4.259168902678889,4.081049733764785,0.4275165688111252
Exposed-research release_summary; labels and cell losses private,PATH_LEVELS,2023-October-November,2,1,20,6.572591186587394,-12.838127543015466,17.609964299542657,-41.609248273508015,0.32148145373013387,0.3714285714285714,0.35,0.07255290556367354,2.914162548865253,2.0712370372960547,0.5956089376238656
Exposed-research release_summary; labels and cell losses private,PATH_LEVELS,2023-September,1,1,10,6.325265475521031,-9.148919753787618,25.342548411280927,-87.04100291300878,-0.5144883525994627,-0.5757575757575757,0.8,-0.08826872463089493,4.440977183527971,4.301042780613706,0.821404490333587
Exposed-research release_summary; labels and cell losses private,PATH_LEVELS,2024-April-May,2,1,14,0.5324365208546405,0.6251815066224387,0.7019132378531893,0.21458509898360756,0.4827231860003138,0.42857142857142855,0.8571428571428571,0.8126710941233372,1.094676759464875,0.9306124859387074,1.272849004947922
Exposed-research release_summary; labels and cell losses private,PATH_LEVELS,2024-January,2,1,18,2.472593585666193,-2.850322289658914,3.637786761447365,-4.124255556482191,0.46097790168455804,0.5748194014447885,0.4444444444444444,0.36353868947045104,1.6620308237483892,1.3539268508904319,0.6790847934823177
Exposed-research release_summary; labels and cell losses private,PATH_LEVELS,2024-July,2,1,10,1.2499268360004574,-0.297341588626548,6.227209609011675,-0.8030791251431633,0.17527230526278811,0.38181818181818183,0.4,0.9043890213735635,0.8040961681314496,0.6760753643334326,1.8041097972113618
Exposed-research release_summary; labels and cell losses private,PATH_LEVELS,2024-June,1,1,6,2.1953695180224417,-2.3022574738985826,2.9134985975176684,-3.9556903617037698,-0.7013308948845195,-0.4285714285714286,0.6666666666666666,-1.0428107556193649,1.1451862996356175,0.9657087305766199,0.6720961254566626
Exposed-research release_summary; labels and cell losses private,PATH_LEVELS,2024-March,1,1,8,0.5560071086930533,0.6495366210831477,0.48491483164850585,0.045302398996731386,0.6369590429026626,0.7619047619047621,1.0,0.7019209215753223,1.3783273552691098,1.268640160475312,0.9963579270738439
Exposed-research release_summary; labels and cell losses private,PATH_LEVELS,2024-November,1,1,2,1.3105511614592764,-2.197514805130143,0.20541790859996095,-433.3077663643665,,,1.0,-0.17497169994056944,0.6621206559788191,0.6621206559788191,0.23306421564781898
Exposed-research release_summary; labels and cell losses private,PATH_LEVELS,2024-September,1,1,4,2.188858970543547,-2.321285839340166,1.8594849200701768,-4.523285007758528,0.33262983321302936,0.0,0.5,0.7913386869947314,0.9438366913715481,0.8553496009912123,0.5777559950970306
Exposed-research release_summary; labels and cell losses private,REVISION_ONLY,2019-December,1,1,10,1.1519262966281572,-0.17350257355852455,8.192463509604508,-3.4687243240604717,0.42173279199034874,0.5272727272727272,0.1,3.5286083028160493,0.3490050936248815,0.29277004518812744,2.2096390689150374
Exposed-research release_summary; labels and cell losses private,REVISION_ONLY,2019-October,1,1,10,1.3799616933777807,-0.45063898209925346,8.192774386833326,-3.124384931775716,-0.08280842197471946,0.0303030303030303,0.2,-0.37949222046876485,0.7162150647075267,0.6138406321875123,1.8443300879648858
Exposed-research release_summary; labels and cell losses private,REVISION_ONLY,2020-April,1,1,10,1.2555839044861128,-1.8538597987924392,0.27706145235565965,-3.275528579574221,-0.1453568328522809,-0.09090909090909088,0.4,-0.12246599742813372,0.2689764161123105,0.20534967713055186,0.20142542418710666
Exposed-research release_summary; labels and cell losses private,REVISION_ONLY,2020-December,1,1,10,1.0827721916365902,-0.12546336287447696,1.325356800825087,-2.2168628980723786,-0.5595992764913759,-0.38181818181818183,0.2,-1.9387139590119475,0.14787421064920334,0.10313316910318085,0.8602978005391073
Exposed-research release_summary; labels and cell losses private,REVISION_ONLY,2020-January,2,1,20,1.1878523841898998,-0.334088835478161,1.0428743754671355,-0.8957609995603233,0.5893597817685672,0.5744360902255639,0.55,0.945930046151637,0.4427438969773436,0.30797345530053133,0.6636750096240209
Exposed-research release_summary; labels and cell losses private,REVISION_ONLY,2020-July,2,1,20,1.1063332420188816,-0.30232078690599296,0.3890252506642048,-0.9405405047057542,0.06284870671498716,0.048120300751879695,0.6,0.06089451884437807,0.4427438969773436,0.30797345530053133,0.3459619458623428
Exposed-research release_summary; labels and cell losses private,REVISION_ONLY,2020-June,2,1,20,1.0803371550892458,-0.3375423562223716,0.24567978910956828,-0.6179365918503212,0.179645109273267,0.31729323308270674,0.7,0.18418013035899944,0.35388086542881886,0.33896660179731164,0.3177617601812084
Exposed-research release_summary; labels and cell losses private,REVISION_ONLY,2020-March,1,1,10,2.7424381793610535,-17.366933830781896,1.4117447722898433,-23.197267463444657,-0.574022646749959,-0.5151515151515151,0.5,-0.14158825498254438,0.7796517392842451,0.5714481533847258,0.21654401811019314
Exposed-research release_summary; labels and cell losses private,REVISION_ONLY,2020-November,2,1,20,1.0331035272963147,-0.05492445274615899,0.8718215145392456,-0.41651608733853185,0.18010921732996021,0.11879699248120301,0.45,0.48277637477827345,0.24280746558409091,0.21928037706142706,0.7204834989681562
Exposed-research release_summary; labels and cell losses private,REVISION_ONLY,2020-September,1,1,10,0.9062708190866613,0.25363560043610944,0.20964973987547544,0.029788264371288564,0.20514403955953978,0.18787878787878787,0.7,0.6542652184473357,0.25720260085422025,0.2079748031779028,0.3968900891329994
Exposed-research release_summary; labels and cell losses private,REVISION_ONLY,2021-April,2,1,20,1.028263307622289,-0.03320626300858257,6.835318961578184,-0.4893851250722765,-0.11958965910398028,-0.2601503759398496,0.35,-0.9101705012088401,0.24667384653444596,0.2268298016427061,1.7022179025444466
Exposed-research release_summary; labels and cell losses private,REVISION_ONLY,2021-December,1,1,10,0.9668119728662562,0.03591700027067459,15.084376698121588,-3.125585721751227,-0.3127551689277791,-0.23636363636363633,0.8,-4.467734537168616,0.11720972718416436,0.05946409581469829,3.46255221039871
Exposed-research release_summary; labels and cell losses private,REVISION_ONLY,2021-January,2,1,20,1.0462655271876105,-0.0784475455691416,1.0816626568436276,-0.41477881767698954,0.02644208631864206,-0.13834586466165413,0.4,0.08213922555293049,0.24667384653444596,0.2268298016427061,0.6895135961325749
Exposed-research release_summary; labels and cell losses private,REVISION_ONLY,2021-July,2,1,20,0.9936489755702134,0.006863732902610255,19.84082376973267,-1.100249981789764,-0.009565021797958723,-0.0706766917293233,0.4,-0.11831379064537235,0.22056423495942087,0.20507085454658402,3.325868559984875
Exposed-research release_summary; labels and cell losses private,REVISION_ONLY,2021-June,1,1,10,0.9985759251593309,0.0015606809763060575,13.551621118822197,-1.6597341802100143,-0.23255568881830554,-0.0303030303030303,0.3,-2.8332828931957788,0.14787421064920334,0.10313316910318085,2.8625754149503813
Exposed-research release_summary; labels and cell losses private,REVISION_ONLY,2021-March,1,1,10,1.0590142775539648,-0.08361232047369004,2.124375226733501,-0.3693770670660632,-0.2542818655028043,0.09090909090909088,0.4,-1.7094481840497766,0.14787421064920334,0.10313316910318085,0.9272830798011888
Exposed-research release_summary; labels and cell losses private,REVISION_ONLY,2021-November,2,1,20,1.0051834925493457,-0.005610972598686036,18.671461212092698,-1.6612900349943,0.00244278356481211,-0.02706766917293233,0.5,0.023161771608021034,0.24810668360216925,0.21700288830292852,3.509175761006786
Exposed-research release_summary; labels and cell losses private,REVISION_ONLY,2021-September,1,1,10,1.0650181393709117,-0.07146586998004252,13.751407298313357,-0.8564189966865956,-0.5455344108365314,-0.33333333333333326,0.1,-7.165108239212386,0.19872130087979306,0.19631454080295016,2.7237308430627047
Exposed-research release_summary; labels and cell losses private,REVISION_ONLY,2022-December,1,1,10,1.0199715085330163,-0.030321227564720478,1.3326710327745341,-0.601160582737641,-0.12093596856208708,-0.35757575757575755,0.8,-0.20133563262389056,0.8606808738470553,0.7080507005431567,0.978680852370973
Exposed-research release_summary; labels and cell losses private,REVISION_ONLY,2022-January,2,1,20,0.968622953972091,0.0356410556518649,7.505401118383455,-1.4866712546058665,-0.7019406956792268,-0.7263157894736841,0.65,-4.551501428092894,0.267435974448884,0.2272587946823514,2.3231515337072866
Exposed-research release_summary; labels and cell losses private,REVISION_ONLY,2022-July,2,1,20,0.9351312166443149,0.10390625408340043,0.9290226427435601,-0.401468683748452,-0.18037045735461507,-0.1789473684210526,0.6,-0.41310203261661604,0.4215406958689202,0.3302154037943979,0.8364178527573843
Exposed-research release_summary; labels and cell losses private,REVISION_ONLY,2022-June,1,1,10,0.8716292384112103,0.17552258632448717,1.6189984280467153,-4.843176105352706,-0.3945803641454044,-0.4424242424242424,0.8,-1.1531633520741855,0.1881975817983961,0.13189086689393734,1.2906144504024104
Exposed-research release_summary; labels and cell losses private,REVISION_ONLY,2022-March,1,1,10,1.0305167993848645,-0.04434700432983672,1.6560182653793316,-0.033983332261168675,0.0025139951310035676,0.06666666666666665,0.6,0.017664317468775906,0.1881975817983961,0.13189086689393734,1.0688652603857578
Exposed-research release_summary; labels and cell losses private,REVISION_ONLY,2022-May,2,1,20,0.8483218684411723,0.18807678210606762,3.6158902625079685,-0.6767996684856206,0.31382491087942843,0.3954887218045112,0.9,1.6058557649150433,0.2940377131784859,0.21618544793976585,1.5576658333706122
Exposed-research release_summary; labels and cell losses private,REVISION_ONLY,2022-November,2,1,20,1.7766749906592545,-1.5609643912035835,1.8448811508863758,-2.120417175712437,-0.031435436108334706,-0.31879699248120297,0.4,-0.03143650796886756,0.6772419499035242,0.4263187098150581,0.6625136367078069
Exposed-research release_summary; labels and cell losses private,REVISION_ONLY,2022-September,1,1,10,1.0814425761017312,-0.1297752226454014,1.3410066543312755,-1.6559598831603402,0.5711594043090275,0.4545454545454545,0.4,1.7301186878532326,0.2306550886464375,0.19061222045168835,0.9550334471777493
Exposed-research release_summary; labels and cell losses private,REVISION_ONLY,2023-December,1,1,10,0.981221178803012,0.03031011746735071,1.018729615027525,-0.7853812018017352,-0.5777659800350133,-0.6,0.9,-1.3278592369383053,0.48670723899691,0.36480308489974606,0.7593702508044751
Exposed-research release_summary; labels and cell losses private,REVISION_ONLY,2023-January-February,2,1,20,0.9585039306814294,0.051364844413699776,4.444508911619392,-0.12946877667974577,0.49358281125299364,0.5744360902255639,0.55,2.5125499397916347,0.5297145936932074,0.4304500136185389,1.5372385179396821
Exposed-research release_summary; labels and cell losses private,REVISION_ONLY,2023-July,2,1,20,1.7216296239190039,-1.209083232896889,2.369497120613229,-3.355024662714756,-0.25142607317730536,-0.3759398496240601,0.2,-0.42349199734597504,0.6047254382845246,0.47967574432189125,0.7829724446222074
Exposed-research release_summary; labels and cell losses private,REVISION_ONLY,2023-June,1,1,10,2.0599659324059307,-2.544777199124331,1.6383688476933993,-5.036422814160262,-0.13174984541472343,-0.13939393939393938,0.2,-0.14033446874407898,0.7772679981018078,0.666355974764895,0.455772089478118
Exposed-research release_summary; labels and cell losses private,REVISION_ONLY,2023-March,1,1,10,0.8292204259882582,0.3289182927353923,0.3532981031374382,-1.164767533227666,-0.3424305881774412,-0.29696969696969694,1.0,-0.4924425861584512,0.4479371548553049,0.429269271232247,0.6308458663015241
Exposed-research release_summary; labels and cell losses private,REVISION_ONLY,2023-May,1,1,10,1.117484992634401,-0.35219682306317035,0.36272438013956354,-1.3635416758707084,-0.8187032836741409,-0.7333333333333332,0.7,-1.3567242030934203,0.3763096073872806,0.3838081573911727,0.4275165688111252
Exposed-research release_summary; labels and cell losses private,REVISION_ONLY,2023-October-November,2,1,20,0.9953388106295502,0.010738441352743206,0.5606783366350276,-0.35662299144353415,0.004701910937668587,0.13383458646616542,0.7,0.00894954077537108,0.4784197974711262,0.3950013758084019,0.5956089376238656
Exposed-research release_summary; labels and cell losses private,REVISION_ONLY,2023-September,1,1,10,1.5459030902223805,-0.9378731612062176,1.8237967575854128,-5.335941162722136,0.6430472375522034,0.7818181818181817,0.2,1.0383863996113882,0.5263312965699147,0.46317617868950534,0.821404490333587
Exposed-research release_summary; labels and cell losses private,REVISION_ONLY,2024-April-May,2,1,14,1.2716892182489739,-0.36327703589775084,3.2988875674970335,-2.691332934843177,-0.18318067475626165,-0.1076923076923077,0.14285714285714285,-0.9864469140008816,0.3528097101847169,0.38756975182889153,1.272849004947922
Exposed-research release_summary; labels and cell losses private,REVISION_ONLY,2024-January,2,1,18,1.2590860663596224,-0.5014817374413569,1.230172507458648,-0.7328443694342732,-0.7704245865051528,-0.7296181630546955,0.5,-2.717941362747216,0.3549020195190757,0.3148980211271202,0.6790847934823177
Exposed-research release_summary; labels and cell losses private,REVISION_ONLY,2024-July,2,1,10,0.9257248599331676,0.08836621347413413,3.670645438463063,-0.06282983574486489,0.5010836630931427,0.5636363636363636,0.7,6.757300983157968,0.2327697605918806,0.2618237789907004,1.8041097972113618
Exposed-research release_summary; labels and cell losses private,REVISION_ONLY,2024-June,1,1,6,1.016326837447711,-0.031445158147670176,0.6023558887363863,-0.02457206420821545,0.18517585791084565,0.6,0.3333333333333333,1.5666575633785584,0.26042359496338857,0.2644313858893765,0.6720961254566626
Exposed-research release_summary; labels and cell losses private,REVISION_ONLY,2024-March,1,1,8,1.3255163569106068,-0.47621211671346264,2.338696265984481,-3.604412092367409,-0.14646902177144175,-0.3333333333333334,0.0,-0.523167409050259,0.326254377960751,0.30952146140979253,0.9963579270738439
Exposed-research release_summary; labels and cell losses private,REVISION_ONLY,2024-November,1,1,2,1.1177208303178352,-0.8330133633378136,0.11013337757193584,-231.8510768191122,,,0.5,-0.22703272902693722,0.09579258307128091,0.09579258307128091,0.23306421564781898
Exposed-research release_summary; labels and cell losses private,REVISION_ONLY,2024-September,1,1,4,0.8719562084520134,0.2500096710376617,0.31460569575920205,0.06551706658816991,0.7668840580425961,0.6000000000000001,0.75,5.400971301756249,0.09652828395509451,0.07979271753387926,0.5777559950970306
Exposed-research release_summary; labels and cell losses private,NEAR_ONLY,2019-December,1,1,10,0.9939665907772371,0.006890262256857266,6.684830247728191,-2.646359058568484,0.48088765683329693,0.16363636363636364,0.6,3.4896831160292043,0.1454001324762065,0.0881955483683721,2.2096390689150374
Exposed-research release_summary; labels and cell losses private,NEAR_ONLY,2019-October,1,1,10,1.0572795098888776,-0.06793416410481076,5.447934792898613,-1.7425850033461705,0.6525266517479146,0.6727272727272726,0.4,4.5045112934192995,0.24776945368858921,0.2119046033596302,1.8443300879648858
Exposed-research release_summary; labels and cell losses private,NEAR_ONLY,2020-April,1,1,10,2.511056082883124,-10.960338568307645,1.18550005056838,-17.2942784143976,-0.1372262743440634,0.0303030303030303,0.6,-0.09557858496814603,1.1291427392568774,1.2588760123325489,0.20142542418710666
Exposed-research release_summary; labels and cell losses private,NEAR_ONLY,2020-December,1,1,10,0.6993062046917073,0.45578175482538347,0.5622680961916899,-0.3647188261174854,0.2794948675088101,0.2121212121212121,0.9,0.3169139426423584,1.0393043643218443,0.7827098515093103,0.8602978005391073
Exposed-research release_summary; labels and cell losses private,NEAR_ONLY,2020-January,2,1,20,1.0619369396876273,-0.11015266131731664,0.8600523989877557,-0.5634230104167162,0.12386026907734361,0.05714285714285714,0.6,0.32665041643653364,0.24574942958922494,0.24777826482726556,0.6636750096240209
Exposed-research release_summary; labels and cell losses private,NEAR_ONLY,2020-July,2,1,20,2.1448832573184697,-3.255068694383975,1.534897358106863,-6.656393740218166,0.22604123584202782,0.2120300751879699,0.75,0.19127453344800194,1.37961253596883,1.3567114507376417,0.3459619458623428
Exposed-research release_summary; labels and cell losses private,NEAR_ONLY,2020-June,2,1,20,2.5647353243002953,-6.574348415026218,1.5182290849243647,-8.998373900488225,0.34290611852595404,0.4360902255639097,0.7,0.27713592928171876,1.2787615628064484,1.2689365933834447,0.3177617601812084
Exposed-research release_summary; labels and cell losses private,NEAR_ONLY,2020-March,1,1,10,2.872304963867446,-18.661319984651627,1.5233320202144385,-25.10986989452119,-0.3680510087329039,-0.2606060606060606,0.4,-0.09746504724593862,0.9303671952384839,0.7986962318878583,0.21654401811019314
Exposed-research release_summary; labels and cell losses private,NEAR_ONLY,2020-November,2,1,20,1.246164387990122,-0.4084291131554366,1.2338542838023359,-1.0047388293247885,0.1207123012124518,0.21052631578947367,0.65,0.18873160448682968,1.1243047305825362,1.0322720257798883,0.7204834989681562
Exposed-research release_summary; labels and cell losses private,NEAR_ONLY,2020-September,1,1,10,2.27469069559146,-3.4493733626626817,1.702431800564123,-6.878470600516334,-0.22750550193203892,-0.12727272727272726,0.7,-0.22334227281728306,1.3459955449147027,1.2674522922196039,0.3968900891329994
Exposed-research release_summary; labels and cell losses private,NEAR_ONLY,2021-April,2,1,20,0.6465364070233931,0.4152806596169104,2.842328045693379,0.3806695582711981,0.8949355699472974,0.6992481203007518,0.75,3.2828171548455254,1.0610983350648828,0.8480760232126929,1.7022179025444466
Exposed-research release_summary; labels and cell losses private,NEAR_ONLY,2021-December,1,1,10,0.748376674924476,0.2723137171855791,9.73971499097335,-1.6638176641193123,0.7419849876755014,0.7212121212121211,1.0,4.045274954614772,0.8252022078578225,0.7326639732910274,3.46255221039871
Exposed-research release_summary; labels and cell losses private,NEAR_ONLY,2021-January,2,1,20,1.0981073378019504,-0.16635020328800387,0.9512874521048487,-0.24425238150236006,0.42860125385542336,0.19248120300751878,0.7,0.6417030727533585,1.0610983350648828,0.8480760232126929,0.6895135961325749
Exposed-research release_summary; labels and cell losses private,NEAR_ONLY,2021-July,2,1,20,0.6911294604562247,0.3338051850297819,11.193217893088233,-0.1848578440573576,0.9522997874468868,0.9473684210526315,0.9,5.057679924520157,1.0828923058079216,0.8562863346022631,3.325868559984875
Exposed-research release_summary; labels and cell losses private,NEAR_ONLY,2021-June,1,1,10,0.6164450458893617,0.4203479361851282,6.242505778137073,-0.22519703308475658,0.9772227163882591,0.9393939393939393,1.0,3.89661449688388,1.0393043643218443,0.7827098515093103,2.8625754149503813
Exposed-research release_summary; labels and cell losses private,NEAR_ONLY,2021-March,1,1,10,0.6482288803441656,0.4983946395540742,0.6511666062403979,0.5802565355669631,0.9768114819815199,0.8060606060606059,0.5,2.1492266866007816,1.0393043643218443,0.7827098515093103,0.9272830798011888
Exposed-research release_summary; labels and cell losses private,NEAR_ONLY,2021-November,2,1,20,0.7400816881223126,0.2813536456277008,11.801342391421786,-0.6820748279468227,0.7068884286688427,0.8045112781954886,0.9,3.9222380831167003,0.9245964295238169,0.7677149135991829,3.509175761006786
Exposed-research release_summary; labels and cell losses private,NEAR_ONLY,2021-September,1,1,10,0.7196482276068654,0.30815374768300263,6.877235704594957,0.07158367651088993,0.8366935465271124,0.7939393939393938,0.7,4.0158006085692275,0.9957164228357668,0.7816881123961379,2.7237308430627047
Exposed-research release_summary; labels and cell losses private,NEAR_ONLY,2022-December,1,1,10,4.690862897884047,-5.603557370336698,17.850291932344685,-20.446540916347423,0.18270343646936474,0.3939393939393939,0.3,0.0705980108080713,2.9916555679826082,2.519308823008263,0.978680852370973
Exposed-research release_summary; labels and cell losses private,NEAR_ONLY,2022-January,2,1,20,0.7544463321406841,0.2789233866664486,5.102424803909648,-0.6905229831877266,-0.07149170575219566,-0.10676691729323308,0.9,-0.3255701873358929,0.7962336736483181,0.7240201625317004,2.3231515337072866
Exposed-research release_summary; labels and cell losses private,NEAR_ONLY,2022-July,2,1,20,1.5516078983333237,-0.8835607432987208,2.2376563273574606,-2.375596162567044,0.44496101048359477,0.4270676691729323,0.5,0.5481642780863837,0.9136344906961892,0.9447344048864201,0.8364178527573843
Exposed-research release_summary; labels and cell losses private,NEAR_ONLY,2022-June,1,1,10,1.2873793229064219,-0.39293653312032734,2.9310045408982957,-9.578376977622998,-0.18865654645147562,-0.16363636363636364,0.2,-0.2942377155040359,0.4301648733333835,0.4015558089490647,1.2906144504024104
Exposed-research release_summary; labels and cell losses private,NEAR_ONLY,2022-March,1,1,10,0.9866711038593939,0.01936954814313091,1.492742518169371,0.06796264545358555,0.730310196658473,0.6848484848484848,0.4,3.345541226356723,0.5978818446924593,0.5528756321043309,1.0688652603857578
Exposed-research release_summary; labels and cell losses private,NEAR_ONLY,2022-May,2,1,20,0.8745295070606172,0.15558001881206446,3.722058119510776,-0.7260329732880348,0.35808896997141393,0.431578947368421,0.75,1.7945173480000056,0.27397801227697266,0.2082745766367792,1.5576658333706122
Exposed-research release_summary; labels and cell losses private,NEAR_ONLY,2022-November,2,1,20,4.432893309416705,-6.899442211023189,8.394643526853695,-13.198632704655349,-0.7339888052016035,-0.7533834586466165,0.4,-0.35876140278519913,2.1522830564307602,1.9929779233943878,0.6625136367078069
Exposed-research release_summary; labels and cell losses private,NEAR_ONLY,2022-September,1,1,10,0.8722572682546206,0.20355251819245934,0.9626930433014079,-0.9066826361731404,0.5989464651790456,0.29696969696969694,1.0,0.46288264590270717,1.5090064880582628,1.6072226092259294,0.9550334471777493
Exposed-research release_summary; labels and cell losses private,NEAR_ONLY,2023-December,1,1,10,2.662153566236218,-2.682813224158937,5.354799831962948,-8.384589216187093,0.6495347939144367,0.7696969696969697,0.1,0.4105825715089154,1.4106969747863851,1.0078971204092442,0.7593702508044751
Exposed-research release_summary; labels and cell losses private,NEAR_ONLY,2023-January-February,2,1,20,3.05921521377227,-2.5489467028242263,21.33093428023671,-4.4207618267901445,-0.3560912306718427,-0.2796992481203007,0.5,-0.2818893296530903,3.2971290421647326,2.7784923157492325,1.5372385179396821
Exposed-research release_summary; labels and cell losses private,NEAR_ONLY,2023-July,2,1,20,5.334501984783195,-7.262414816479146,18.321731841449616,-32.674484488298994,0.015441702339614718,-0.013533834586466165,0.75,0.004015849056772484,3.746931479999394,3.187232808147187,0.7829724446222074
Exposed-research release_summary; labels and cell losses private,NEAR_ONLY,2023-June,1,1,10,8.584714395662806,-18.209460951393115,19.241518128250082,-69.89364471985071,-0.39596507154886723,-0.4545454545454545,0.7,-0.07512502161560587,3.519920133585374,2.947956013518871,0.455772089478118
Exposed-research release_summary; labels and cell losses private,NEAR_ONLY,2023-March,1,1,10,8.722637011181765,-14.87365568061679,25.095425781724657,-152.76749119897914,0.04110916903702218,-0.07878787878787878,0.1,0.006130701011489391,3.577174374193792,3.0085538569823385,0.6308458663015241
Exposed-research release_summary; labels and cell losses private,NEAR_ONLY,2023-May,1,1,10,10.918082403844911,-29.73245378142095,21.283528434563912,-137.6852089879254,0.8923411322030993,0.8545454545454544,0.2,0.12775716832337122,3.616267469061281,3.01589422699209,0.4275165688111252
Exposed-research release_summary; labels and cell losses private,NEAR_ONLY,2023-October-November,2,1,20,5.834095057710926,-11.13678122581948,14.11072146683112,-33.142444815412894,0.34250598008050404,0.37293233082706767,0.35,0.08664701162416684,2.6022322569569454,1.884673576960973,0.5956089376238656
Exposed-research release_summary; labels and cell losses private,NEAR_ONLY,2023-September,1,1,10,5.229558642354957,-7.266472026741228,19.233771251697352,-65.81887248738775,-0.534701998967735,-0.5515151515151515,0.7,-0.10028352766938604,3.783042610245732,3.20925391817644,0.821404490333587
Exposed-research release_summary; labels and cell losses private,NEAR_ONLY,2024-April-May,2,1,14,0.6532111619056095,0.4636931196508054,1.0667250180593872,-0.19362576353925398,0.3719158251068476,0.3362637362637363,0.8571428571428571,0.8526515586318345,0.6269760976229989,0.5335107155894827,1.272849004947922
Exposed-research release_summary; labels and cell losses private,NEAR_ONLY,2024-January,2,1,18,1.853304451708419,-1.651638797183389,2.518620744501376,-2.5477770389014114,0.4554318718005053,0.6821465428276574,0.4444444444444444,0.3499726054223445,1.2478383801428352,0.8185506300283933,0.6790847934823177
Exposed-research release_summary; labels and cell losses private,NEAR_ONLY,2024-July,2,1,10,1.147142667093569,-0.17505776925959649,5.418918459843993,-0.5690396452462383,0.2662965436905662,0.6121212121212121,0.4,2.2410390031787935,0.5686791109971242,0.4809836543516437,1.8041097972113618
Exposed-research release_summary; labels and cell losses private,NEAR_ONLY,2024-June,1,1,6,1.5307405474912519,-1.0221955418306228,1.5367290313518505,-1.6138860185857884,-0.7761870418765383,-0.4285714285714286,0.6666666666666666,-2.254369823064992,0.6699682201685541,0.5249627835668278,0.6720961254566626
Exposed-research release_summary; labels and cell losses private,NEAR_ONLY,2024-March,1,1,8,0.5351434581221172,0.6800589680860789,0.423087664367819,0.1670273791938417,0.47377132900936,0.7619047619047621,1.0,0.6908431559957626,0.9167368509386989,0.7123613100367375,0.9963579270738439
Exposed-research release_summary; labels and cell losses private,NEAR_ONLY,2024-November,1,1,2,1.1385001055534119,-0.9800511807315243,0.12640449010663887,-266.2525104106304,,,1.0,-0.2749951826854769,0.5739999040547598,0.5739999040547598,0.23306421564781898
Exposed-research release_summary; labels and cell losses private,NEAR_ONLY,2024-September,1,1,4,1.684170584191428,-1.3358653365340254,1.2114345641610742,-2.59836118803202,-0.02391517902881909,-0.39999999999999997,0.5,-0.19655364274623352,0.627418814233131,0.6227270184798652,0.5777559950970306
Exposed-research release_summary; labels and cell losses private,SLOPE_ONLY,2019-December,1,1,10,1.1709555100025641,-0.19523427877697458,7.993454560551832,-3.3601713680058243,0.6316750863173789,0.7696969696969697,0.5,1.9686974049553445,0.43102759655806516,0.3756885880612698,2.2096390689150374
Exposed-research release_summary; labels and cell losses private,SLOPE_ONLY,2019-October,1,1,10,1.431525541956071,-0.5117943054948082,8.898386678572848,-3.479602415660449,0.05021327505235278,0.4424242424242424,0.4,0.08511978807521953,0.8186367294188528,0.7830507261136903,1.8443300879648858
Exposed-research release_summary; labels and cell losses private,SLOPE_ONLY,2020-April,1,1,10,1.0640615894806462,-0.4646662145008727,0.11945073326877202,-0.8433276069243107,0.6461388124539076,0.6121212121212121,0.7,0.5923668258120672,0.24401675775673293,0.20414914193751238,0.20142542418710666
Exposed-research release_summary; labels and cell losses private,SLOPE_ONLY,2020-December,1,1,10,1.4695397997180772,-0.7117129691899644,2.1414780649285046,-4.197725872622198,-0.37513537705251615,-0.10303030303030303,0.1,-0.6521403044677766,0.4805788109104229,0.47897514011691544,0.8602978005391073
Exposed-research release_summary; labels and cell losses private,SLOPE_ONLY,2020-January,2,1,20,1.1865730654560747,-0.3318136122605681,1.0514594266585258,-0.9113671028559158,0.6838055742598813,0.6556390977443608,0.6,0.8310399761861205,0.5532765979924374,0.42869449211724553,0.6636750096240209
Exposed-research release_summary; labels and cell losses private,SLOPE_ONLY,2020-July,2,1,20,1.1075256990883278,-0.3057111148292454,0.3887994850930239,-0.9394143381273727,0.345909720928613,0.2300751879699248,0.65,0.25377882322521284,0.5532765979924374,0.42869449211724553,0.3459619458623428
Exposed-research release_summary; labels and cell losses private,SLOPE_ONLY,2020-June,2,1,20,1.0794735683719867,-0.3339139342920438,0.22232647378450868,-0.4641421607236249,0.5023824532106946,0.5263157894736841,0.75,0.37261164415973397,0.41760288968491677,0.39716777857358837,0.3177617601812084
Exposed-research release_summary; labels and cell losses private,SLOPE_ONLY,2020-March,1,1,10,2.386883161115616,-13.823106251581768,1.029381496590639,-16.64357119206726,-0.4884192146037139,-0.4545454545454545,0.5,-0.13994593951477885,0.6962361622750393,0.6299852856669255,0.21654401811019314
Exposed-research release_summary; labels and cell losses private,SLOPE_ONLY,2020-November,2,1,20,1.1968897914318555,-0.32667407158462936,1.1605526023227233,-0.8856398975902215,0.010609448803857767,0.09022556390977443,0.45,0.022034625547036033,0.37816529932864,0.3594526162115278,0.7204834989681562
Exposed-research release_summary; labels and cell losses private,SLOPE_ONLY,2020-September,1,1,10,0.8881749786356291,0.30260380130449466,0.2069928834132082,0.04208359715397514,0.4725601364609523,0.6363636363636362,0.7,0.528509305480108,0.4037193301732134,0.2660252617590478,0.3968900891329994
Exposed-research release_summary; labels and cell losses private,SLOPE_ONLY,2021-April,2,1,20,1.183491027923097,-0.21558167976505513,8.403864661527056,-0.8311641476214366,-0.3129568793455499,-0.4030075187969925,0.25,-1.539934439023333,0.4500616498599782,0.4668013766767179,1.7022179025444466
Exposed-research release_summary; labels and cell losses private,SLOPE_ONLY,2021-December,1,1,10,0.939056925392467,0.06595427978751278,14.376408124849158,-2.9319559088796723,-0.020392471218039797,-0.06666666666666665,1.0,-0.34209529353093276,0.1917377660377408,0.16217789899606233,3.46255221039871
Exposed-research release_summary; labels and cell losses private,SLOPE_ONLY,2021-January,2,1,20,1.3444507847957938,-0.5840486487276151,1.655909728371619,-1.165874908284004,-0.032915957109967635,-0.2045112781954887,0.4,-0.06610738437797323,0.4500616498599782,0.4668013766767179,0.6895135961325749
Exposed-research release_summary; labels and cell losses private,SLOPE_ONLY,2021-July,2,1,20,1.0995081466210834,-0.10754128685721989,22.933660401841774,-1.4276421382674176,-0.35004057937948274,-0.35639097744360904,0.1,-2.671560714638157,0.41954448880953343,0.44672049964758637,3.325868559984875
Exposed-research release_summary; labels and cell losses private,SLOPE_ONLY,2021-June,1,1,10,1.1264638429228881,-0.13859504304392936,16.101222885174174,-2.160136523548222,-0.3993174601877549,-0.5030303030303029,0.2,-2.441168170123609,0.4805788109104229,0.47897514011691544,2.8625754149503813
Exposed-research release_summary; labels and cell losses private,SLOPE_ONLY,2021-March,1,1,10,1.3086538249636537,-0.4373054046911297,3.052298027534717,-0.9675181993079052,-0.44986114239220487,-0.5878787878787878,0.3,-1.517523624755328,0.4805788109104229,0.47897514011691544,0.9272830798011888
Exposed-research release_summary; labels and cell losses private,SLOPE_ONLY,2021-November,2,1,20,1.0866691106869673,-0.09381666908703194,20.850253171474332,-1.9718386987524785,-0.165154450615786,-0.24060150375939846,0.4,-0.9573549169865236,0.3791007494931475,0.4055984318880148,3.509175761006786
Exposed-research release_summary; labels and cell losses private,SLOPE_ONLY,2021-September,1,1,10,1.197182597240685,-0.21673683672089814,16.580264480823928,-1.2383103986793254,-0.7517330133774388,-0.8060606060606059,0.1,-5.159203600806278,0.5416131330113125,0.5431790514563115,2.7237308430627047
Exposed-research release_summary; labels and cell losses private,SLOPE_ONLY,2022-December,1,1,10,0.9929987932194619,0.01062940156320264,1.2649401918315704,-0.5197841964528991,-0.12135778983577623,-0.22424242424242422,0.8,-0.2167660569362819,0.821545371865828,0.6871019598288426,0.978680852370973
Exposed-research release_summary; labels and cell losses private,SLOPE_ONLY,2022-January,2,1,20,0.9484072879752569,0.05860394630102943,7.285247271931216,-1.413730417343646,-0.6986574477140487,-0.7112781954887217,0.7,-4.471963146157123,0.30698470107687104,0.21898514409772335,2.3231515337072866
Exposed-research release_summary; labels and cell losses private,SLOPE_ONLY,2022-July,2,1,20,0.9503891386079684,0.07946624712894394,0.9630978296903917,-0.45287249803852037,-0.2633317493171672,-0.19548872180451127,0.7,-0.5752973840820713,0.6186241544693513,0.6287167866410652,0.8364178527573843
Exposed-research release_summary; labels and cell losses private,SLOPE_ONLY,2022-June,1,1,10,0.5485221756583852,0.6173100043640543,0.6797649947995301,-1.4533603653092682,0.30551394352980293,0.35757575757575755,1.0,0.4281935219957317,0.672202754195959,0.5678279261767356,1.2906144504024104
Exposed-research release_summary; labels and cell losses private,SLOPE_ONLY,2022-March,1,1,10,1.035433758227388,-0.05149232754440579,1.611189472339829,-0.00599316706959474,0.5757132245544428,0.406060606060606,0.4,1.9399580055447265,0.6722027541959589,0.5678279261767355,1.0688652603857578
Exposed-research release_summary; labels and cell losses private,SLOPE_ONLY,2022-May,2,1,20,0.6708115808792436,0.408184739214056,2.917866177355335,-0.3531044040814688,0.06688113571854046,0.4300751879699248,0.95,0.23203600019809006,0.7159955125965113,0.6116041309777013,1.5576658333706122
Exposed-research release_summary; labels and cell losses private,SLOPE_ONLY,2022-November,2,1,20,1.684702603341031,-1.376117932511937,1.7095624984248452,-1.8915402927043625,-0.017185490581225354,-0.19849624060150375,0.4,-0.0228359167580394,0.7169001764853987,0.5423734318211527,0.6625136367078069
Exposed-research release_summary; labels and cell losses private,SLOPE_ONLY,2022-September,1,1,10,1.1067252686530784,-0.17006209975532827,1.3930711796059634,-1.7590774105929805,0.557907167238818,0.4787878787878787,0.4,1.7808817369091539,0.2390810938548396,0.17208862683779508,0.9550334471777493
Exposed-research release_summary; labels and cell losses private,SLOPE_ONLY,2023-December,1,1,10,1.3127890386517476,-0.5048598314336573,1.7444053453992925,-2.0571689151436043,-0.5986790503956664,-0.6606060606060605,0.5,-0.6529053994998029,0.5565060737448471,0.23793805305565405,0.7593702508044751
Exposed-research release_summary; labels and cell losses private,SLOPE_ONLY,2023-January-February,2,1,20,0.9468524711263637,0.065787304590443,4.433419255237382,-0.12665059791654398,0.5321752366829168,0.5924812030075187,0.5,3.1939925495419836,0.5102736394320433,0.43178505796431443,1.5372385179396821
Exposed-research release_summary; labels and cell losses private,SLOPE_ONLY,2023-July,2,1,20,1.7349162519852372,-1.2313448456191838,2.407751883651239,-3.4253351243935297,-0.14501852542821583,-0.19999999999999998,0.1,-0.19099707320716244,0.6006161762918625,0.43472971595903853,0.7829724446222074
Exposed-research release_summary; labels and cell losses private,SLOPE_ONLY,2023-June,1,1,10,2.1298031269055944,-2.7124430596771916,1.7763383140131581,-5.544758916450436,-0.0938073378386836,-0.17575757575757575,0.2,-0.07256769872432572,0.7401705346078075,0.6106003439654122,0.455772089478118
Exposed-research release_summary; labels and cell losses private,SLOPE_ONLY,2023-March,1,1,10,0.9901329841497728,0.019003689560829144,0.5380932773061564,-2.2970651305967973,-0.4447597636065175,-0.406060606060606,0.8,-0.42065101597718646,0.4593239265427724,0.3778962779394444,0.6308458663015241
Exposed-research release_summary; labels and cell losses private,SLOPE_ONLY,2023-May,1,1,10,1.3016027126463354,-0.9041454132940046,0.5261619705998368,-2.4285143592842506,-0.7488133914106475,-0.709090909090909,0.6,-0.765193773075675,0.4112905328929724,0.35314673851751593,0.4275165688111252
Exposed-research release_summary; labels and cell losses private,SLOPE_ONLY,2023-October-November,2,1,20,1.109817690155036,-0.25299783628181216,0.750189775484025,-0.8151667914895326,-0.12951842424601842,0.05714285714285714,0.75,-0.17493806200893736,0.48980267407905104,0.32148721850536655,0.5956089376238656
Exposed-research release_summary; labels and cell losses private,SLOPE_ONLY,2023-September,1,1,10,1.5339521976732273,-0.9173412727171009,1.8074253642985565,-5.279066303072405,0.6288265283119159,0.8424242424242423,0.3,0.7108990777547801,0.5148932466442208,0.40264581736137284,0.821404490333587
Exposed-research release_summary; labels and cell losses private,SLOPE_ONLY,2024-April-May,2,1,14,1.026539239016415,-0.03548575150313896,2.2871898491001845,-1.5592806803744153,0.3725798741034959,0.4065934065934066,0.5714285714285714,1.1341147627011305,0.27155215818219525,0.2696297670263512,1.272849004947922
Exposed-research release_summary; labels and cell losses private,SLOPE_ONLY,2024-January,2,1,18,1.6603756484769465,-1.2782097170077418,1.8718080067666714,-1.6366643259556408,-0.5753238435080998,-0.6202270381836945,0.2777777777777778,-0.7159755571641773,0.5118172753254372,0.38137386475988105,0.6790847934823177
Exposed-research release_summary; labels and cell losses private,SLOPE_ONLY,2024-July,2,1,10,0.9943164174677727,0.00676184073013865,4.086088403623239,-0.1831207180501384,0.3280277509856064,0.35757575757575755,0.5,2.8797361553958885,0.1720866938133297,0.15514315489447109,1.8041097972113618
Exposed-research release_summary; labels and cell losses private,SLOPE_ONLY,2024-June,1,1,6,1.245390627357196,-0.4726173767525834,0.9610308731119911,-0.6346571916110118,-0.57661149968491,-0.08571428571428573,0.3333333333333333,-1.6883532343742185,0.26621045435595675,0.2666481865347141,0.6720961254566626
Exposed-research release_summary; labels and cell losses private,SLOPE_ONLY,2024-March,1,1,8,1.005979617624646,-0.008747844173470586,1.455285799332004,-1.8651585200501248,0.35254506793013046,0.261904761904762,0.5,0.5823177585277683,0.3645255932101058,0.38323651910449064,0.9963579270738439
Exposed-research release_summary; labels and cell losses private,SLOPE_ONLY,2024-November,1,1,2,0.9530953927737019,0.33190527552453125,0.0427612428270364,-89.40857238665315,,,0.5,-0.1480906247484516,0.14685636982188424,0.14685636982188424,0.23306421564781898
Exposed-research release_summary; labels and cell losses private,SLOPE_ONLY,2024-September,1,1,4,1.1356335741911265,-0.26482896870854983,0.5676480658138199,-0.6861024350088689,0.5809024389284185,0.0,0.75,1.3126921703578567,0.28853469383403524,0.22280334162656396,0.5777559950970306
Exposed-research release_summary; labels and cell losses private,SPD_FULL5_UNWEIGHTED,2019-December,1,1,10,0.9080668571621594,0.1049893088405117,5.773128611968657,-2.149055253525228,0.5765942180655669,0.41818181818181815,0.9,2.135162010677332,0.320644930507292,0.2916892468000553,2.2096390689150374
Exposed-research release_summary; labels and cell losses private,SPD_FULL5_UNWEIGHTED,2019-October,1,1,10,0.8405470043358207,0.18911310511330712,3.747474694256357,-0.8865438533302268,0.762406044437063,0.8060606060606059,0.9,2.083432188772081,0.4304220810850021,0.4745759022511524,1.8443300879648858
Exposed-research release_summary; labels and cell losses private,SPD_FULL5_UNWEIGHTED,2020-April,1,1,10,2.1021280829591733,-7.994208204254142,0.8636126613843876,-12.32700952816498,0.167726174526727,0.2606060606060606,0.6,0.10775154581615105,0.9705078449923293,1.158565870008999,0.20142542418710666
Exposed-research release_summary; labels and cell losses private,SPD_FULL5_UNWEIGHTED,2020-December,1,1,10,0.658265939813626,0.5179892371096533,0.5143651287216922,-0.2484503023012028,0.2532785114584195,0.24848484848484845,0.9,0.35127557105669116,0.6612550214114055,0.48874308516554665,0.8602978005391073
Exposed-research release_summary; labels and cell losses private,SPD_FULL5_UNWEIGHTED,2020-January,2,1,20,1.1159361876857112,-0.20618841810674934,0.9440448371364892,-0.7161063941934322,-0.127581638790336,-0.09924812030075188,0.5,-0.2264886787460373,0.3841144635956763,0.36079056956589384,0.6636750096240209
Exposed-research release_summary; labels and cell losses private,SPD_FULL5_UNWEIGHTED,2020-July,2,1,20,1.6357136037869582,-1.8074257240232616,0.9387280486792774,-3.6825747127091217,0.3643497706142528,0.34586466165413526,0.75,0.3437261394934808,1.1190810177561863,1.0246811340452135,0.3459619458623428
Exposed-research release_summary; labels and cell losses private,SPD_FULL5_UNWEIGHTED,2020-June,2,1,20,1.970619625290632,-4.078128419562775,0.9589753120340003,-5.315380087406879,0.43310049119277133,0.4601503759398496,0.7,0.3694630092774946,1.022589765810394,0.9887726866639915,0.3177617601812084
Exposed-research release_summary; labels and cell losses private,SPD_FULL5_UNWEIGHTED,2020-March,1,1,10,2.902359754075225,-18.960876984159025,1.6751666901494446,-27.71231205740733,-0.17483552963934323,-0.12727272727272726,0.6,-0.05032727305504535,0.9887434128893711,0.7289567817918767,0.21654401811019314
Exposed-research release_summary; labels and cell losses private,SPD_FULL5_UNWEIGHTED,2020-November,2,1,20,1.0453086451442855,-0.07517484517418278,0.8863262539896593,-0.44008306341278414,0.10926736415487523,0.19097744360902258,0.65,0.18627367441869272,0.8163120126471706,0.8571047336395239,0.7204834989681562
Exposed-research release_summary; labels and cell losses private,SPD_FULL5_UNWEIGHTED,2020-September,1,1,10,1.7091811941698416,-1.9190778821333632,1.0427027383457284,-3.8253932206932344,0.06872001576533898,0.13939393939393938,0.7,0.07458667372706873,1.0869172671075886,0.998788140294808,0.3968900891329994
Exposed-research release_summary; labels and cell losses private,SPD_FULL5_UNWEIGHTED,2021-April,2,1,20,0.7224244432747052,0.32612060359506534,3.6238284694230516,0.2103841461516861,0.8540223195641616,0.7037593984962407,0.7,3.7456815642315244,0.6955603285670063,0.5500128608268797,1.7022179025444466
Exposed-research release_summary; labels and cell losses private,SPD_FULL5_UNWEIGHTED,2021-December,1,1,10,0.6636460522844218,0.3640115389341645,7.956930078502315,-1.176224962939958,0.8312548826390642,0.7939393939393938,1.0,3.277535773493982,1.094616987485288,1.1984893839145738,3.46255221039871
Exposed-research release_summary; labels and cell losses private,SPD_FULL5_UNWEIGHTED,2021-January,2,1,20,0.8736262327181213,0.2142785886214669,0.6670428315993068,0.12753013829300686,0.4225326904604928,0.21954887218045113,0.65,0.7563933548399547,0.6955603285670063,0.5500128608268797,0.6895135961325749
Exposed-research release_summary; labels and cell losses private,SPD_FULL5_UNWEIGHTED,2021-July,2,1,20,0.7921674141405588,0.22461059212866888,13.629219555787142,-0.4427207486978413,0.8856644787034037,0.7984962406015037,0.9,5.672365991420244,0.7114215441482779,0.5520907782957112,3.325868559984875
Exposed-research release_summary; labels and cell losses private,SPD_FULL5_UNWEIGHTED,2021-June,1,1,10,0.7403979647609884,0.28450468067921325,8.11712769486714,-0.5931231980195619,0.9754219371906551,0.9636363636363635,1.0,4.757387210016906,0.6612550214114055,0.48874308516554665,2.8625754149503813
Exposed-research release_summary; labels and cell losses private,SPD_FULL5_UNWEIGHTED,2021-March,1,1,10,0.6305589566427028,0.5234296545455116,0.6659133060588776,0.5707507795723481,0.9540829519398192,0.7939393939393938,0.5,2.567672905489761,0.6612550214114055,0.48874308516554665,0.9272830798011888
Exposed-research release_summary; labels and cell losses private,SPD_FULL5_UNWEIGHTED,2021-November,2,1,20,0.821932798571803,0.19275231485852906,13.607626744578596,-0.9395290515246233,0.6968098503805419,0.7699248120300751,0.85,4.621569287456221,0.6434449897580432,0.5459316247891373,3.509175761006786
Exposed-research release_summary; labels and cell losses private,SPD_FULL5_UNWEIGHTED,2021-September,1,1,10,0.826460630006676,0.1907489536360055,8.695270657728987,-0.17384826732021108,0.7182658732446721,0.5515151515151515,0.7,4.200432399528382,0.611088498674533,0.45976079220053645,2.7237308430627047
Exposed-research release_summary; labels and cell losses private,SPD_FULL5_UNWEIGHTED,2022-December,1,1,10,4.873905872864325,-5.881457644586146,18.857209707697727,-21.65631963315242,0.2718896211437702,0.38181818181818183,0.4,0.09991960971904806,3.1419892349709495,3.050301255500049,0.978680852370973
Exposed-research release_summary; labels and cell losses private,SPD_FULL5_UNWEIGHTED,2022-January,2,1,20,0.7117534598914227,0.3274180421040716,4.63865261187208,-0.5368671078474136,-0.005629297902860508,0.0,0.9,-0.02115197405593867,0.9719322595575834,0.8849573058656941,2.3231515337072866
Exposed-research release_summary; labels and cell losses private,SPD_FULL5_UNWEIGHTED,2022-July,2,1,20,1.1773615619098365,-0.2840962102739531,1.3858082743701896,-1.0905485064107348,0.4592475163588017,0.4676691729323308,0.45,0.66047958284825,0.5848113976406233,0.5542623841668425,0.8364178527573843
Exposed-research release_summary; labels and cell losses private,SPD_FULL5_UNWEIGHTED,2022-June,1,1,10,0.5140124431536576,0.6644954960416621,0.5872069784952479,-1.1193064342745545,0.30647085820293174,0.35757575757575755,1.0,0.3828721806278048,0.7724013228742208,0.6782746043070849,1.2906144504024104
Exposed-research release_summary; labels and cell losses private,SPD_FULL5_UNWEIGHTED,2022-March,1,1,10,1.66650309667847,-0.9685621136569568,3.4207200358165357,-1.1358263826612682,0.8150342279679343,0.8666666666666665,0.4,1.2247940258906003,1.7147282393323564,1.7373969006594414,1.0688652603857578
Exposed-research release_summary; labels and cell losses private,SPD_FULL5_UNWEIGHTED,2022-May,2,1,20,0.6470065166812102,0.43770237518558053,2.7681883271033585,-0.2836941754900524,-0.069097507855007,0.17142857142857143,0.95,-0.16675940254572977,1.1881511615188827,1.0171249603727825,1.5576658333706122
Exposed-research release_summary; labels and cell losses private,SPD_FULL5_UNWEIGHTED,2022-November,2,1,20,4.149622164099822,-6.330122770828798,7.528245997733248,-11.733214875673061,-0.7163472449544968,-0.7398496240601502,0.35,-0.34672048437455066,1.9764157513832799,1.9393051445977,0.6625136367078069
Exposed-research release_summary; labels and cell losses private,SPD_FULL5_UNWEIGHTED,2022-September,1,1,10,0.9662882144067192,0.05371827231591037,1.1482523297571938,-1.2741961150829004,0.6355572822047325,0.23636363636363633,1.0,0.4377905013839774,1.6321905709385658,1.9618148879988906,0.9550334471777493
Exposed-research release_summary; labels and cell losses private,SPD_FULL5_UNWEIGHTED,2023-December,1,1,10,3.1149020834028307,-3.413575852682708,6.52703943338607,-10.439005341443108,0.6232720506326469,0.6727272727272726,0.1,0.46123280215801954,1.7065686987147572,1.4298478616685126,0.7593702508044751
Exposed-research release_summary; labels and cell losses private,SPD_FULL5_UNWEIGHTED,2023-January-February,2,1,20,3.1515548453485915,-2.6632469458839583,22.320453253196696,-4.672225105661892,-0.37666610777179094,-0.2827067669172932,0.5,-0.286602470928892,3.3415169825848565,3.091767937144537,1.5372385179396821
Exposed-research release_summary; labels and cell losses private,SPD_FULL5_UNWEIGHTED,2023-July,2,1,20,6.010047951302156,-8.394285341324558,21.709767005775184,-38.90153434222078,0.0777442959941838,0.02706766917293233,0.8,0.019024618222276284,4.133180647698315,4.151976608500393,0.7829724446222074
Exposed-research release_summary; labels and cell losses private,SPD_FULL5_UNWEIGHTED,2023-June,1,1,10,9.896075122084628,-21.35778937818577,24.076083728747058,-87.70616729587547,-0.43229856974085595,-0.33333333333333326,0.7,-0.07616036349102076,3.999062535317993,4.139511048762655,0.455772089478118
Exposed-research release_summary; labels and cell losses private,SPD_FULL5_UNWEIGHTED,2023-March,1,1,10,9.604526988308711,-16.572159423442063,29.657203117832285,-180.71892196898241,-0.022858666557528357,-0.10303030303030303,0.0,-0.0031955703078827527,3.961505713915821,3.965767292342167,0.6308458663015241
Exposed-research release_summary; labels and cell losses private,SPD_FULL5_UNWEIGHTED,2023-May,1,1,10,12.135157716588532,-33.381005387589276,25.343217105526236,-164.1384718239876,0.9272330598393828,0.8787878787878788,0.2,0.12430260724512339,4.004950100799579,3.9797244820081845,0.4275165688111252
Exposed-research release_summary; labels and cell losses private,SPD_FULL5_UNWEIGHTED,2023-October-November,2,1,20,6.454599399792758,-12.566298234677944,16.670204972044452,-39.33539707076845,0.29343223666998147,0.3413533834586466,0.35,0.0702075519394795,2.8814474718399317,1.9690380516355503,0.5956089376238656
Exposed-research release_summary; labels and cell losses private,SPD_FULL5_UNWEIGHTED,2023-September,1,1,10,5.9236861467211845,-8.45899789527028,22.94903251491702,-78.72583521226149,-0.527671409303683,-0.5757575757575757,0.8,-0.0930094017026575,4.176625034582074,4.193848177498444,0.821404490333587
Exposed-research release_summary; labels and cell losses private,SPD_FULL5_UNWEIGHTED,2024-April-May,2,1,14,0.4986130692085388,0.6704070158900414,0.6169292615562184,0.309679019046169,0.5632173318456783,0.45054945054945056,0.8571428571428571,0.9328734704919538,1.0956718340971583,0.8629777390913302,1.272849004947922
Exposed-research release_summary; labels and cell losses private,SPD_FULL5_UNWEIGHTED,2024-January,2,1,18,2.5976366914628253,-3.092353190166388,3.729577944205342,-4.253554360708003,0.5047370222474467,0.6119711042311662,0.4444444444444444,0.44363307058772217,1.7521704842866777,1.5711539648927348,0.6790847934823177
Exposed-research release_summary; labels and cell losses private,SPD_FULL5_UNWEIGHTED,2024-July,2,1,10,1.295774339715303,-0.3518870300336837,6.748607563501798,-0.9540491143776662,0.1507423480952643,0.29696969696969694,0.4,0.7260605276197866,0.9411382061459825,0.7945558207375443,1.8041097972113618
Exposed-research release_summary; labels and cell losses private,SPD_FULL5_UNWEIGHTED,2024-June,1,1,6,2.460020721521395,-2.811970330086941,3.5090925548540355,-4.968760776899995,-0.7797914157278567,-0.5428571428571429,0.6666666666666666,-1.0442460289962736,1.299912720079482,1.0889002103312064,0.6720961254566626
Exposed-research release_summary; labels and cell losses private,SPD_FULL5_UNWEIGHTED,2024-March,1,1,8,0.6008072250042108,0.5839965713602255,0.5858405677149314,-0.15339962414936248,0.6793286613310707,0.7619047619047621,1.0,0.7225141425718502,1.5233708581787218,1.3911811394482272,0.9963579270738439
Exposed-research release_summary; labels and cell losses private,SPD_FULL5_UNWEIGHTED,2024-November,1,1,2,2.194571670211855,-8.452999881708157,0.6260141267990567,-1322.5593672220325,,,1.0,-0.13073142201843305,1.0015892437868281,1.0015892437868281,0.23306421564781898
Exposed-research release_summary; labels and cell losses private,SPD_FULL5_UNWEIGHTED,2024-September,1,1,4,2.6511698789812677,-3.2239629370604455,2.624278330566686,-6.794974297967163,-0.2863934485152583,-0.39999999999999997,0.5,-0.6231722011122812,1.1545736918585499,1.2074539597963634,0.5777559950970306
